Rk,Name,Age,Debut,LastGame,Pos,Tm,WAR,Ht,Wt,B,T,Birthdate,Birthplace,Draft/Signing,Schools,HighSchool,GivenName
1,Hanser Alberto,22.224,May 29,,4/65HD,TEX,3.9,5-11,215,R,R,"Oct 17, 1992","San Francisco de Macoris, Duarte, DO",Signed by the Texas Rangers as an amateur free agent in 2009.,,,Hanser Joel
2,Scott Alexander,26.054,Sep 2,,/1,KCR,4.6,6-2,195,L,L,"Jul 10, 1989","Santa Rosa, CA, US","Drafted by the Kansas City Royals in the 6th round of the 2010 amateur draft. Player signed June 11, 2010.","Pepperdine University (Malibu, CA), Sonoma State University (Rohnert Park, CA)","Cardinal Newman HS (Santa Rosa, CA)",Scott Alain
3,Miguel Almonte,22.150,Sep 1,"Sep 29, 2018",/1,KCR,-0.4,6-1,210,R,R,"Apr 4, 1993","Santiago, Santiago, DO",Signed by the Kansas City Royals as an amateur free agent in 2010.,,,Miguel Emilio
4,Dariel Álvarez,26.294,Aug 28,"Jul 25, 2016",9/8,BAL,0.1,6-2,180,R,R,"Nov 7, 1988","Camaguey, CU",Signed by the Baltimore Orioles as an amateur free agent in 2013.,,,Dariel
5,Cody Anderson,24.280,Jun 21,"May 10, 2019",1,CLE,1.0,6-4,240,R,R,"Sep 14, 1990","Quincy, CA, US","Drafted by the Cleveland Indians in the 14th round of the 2011 amateur draft. Player signed August 7, 2011.","Feather River College (Quincy, CA)","Quincy HS (Quincy, CA)",Cody Andrew
6,Matt Andriese,25.225,Apr 10,"Sep 27, 2021",1,TBR,0.9,6-2,215,R,R,"Aug 28, 1989","Redlands, CA, US","Drafted by the San Diego Padres in the 3rd round of the 2011 amateur draft. Player signed June 14, 2011.","University of California, Riverside (Riverside, CA)","Redlands East Valley HS (Redlands, CA)",Matthew Lee
7,Elvis Araujo,23.294,May 5,"Aug 16, 2016",1,PHI,-0.5,6-7,275,L,L,"Jul 15, 1991","Maracaibo, Zulia, VE",Signed by the Cleveland Indians as an amateur free agent in 2007.,,,Elvis Alejandro
8,Shawn Armstrong,24.331,Aug 8,,/1,CLE,1.0,6-2,225,R,R,"Sep 11, 1990","New Bern, NC, US","Drafted by the Cleveland Indians in the 18th round of the 2011 amateur draft. Player signed August 15, 2011.","East Carolina University (Greenville, NC)","West Craven HS (Vanceboro, NC)",Shawn Michael
9,Jonathan Aro,24.258,Jun 25,"Jun 20, 2016",/1,BOS,-0.1,6-0,235,R,R,"Oct 10, 1990","La Vega, La Vega, DO",Signed by the Boston Red Sox as an amateur free agent in 2011.,,,Jonathan Arturo
10,Alec Asher,23.330,Aug 30,"Jul 12, 2018",/1,PHI,-0.3,6-4,240,R,R,"Oct 4, 1991","Lakeland, FL, US","Drafted by the Texas Rangers in the 4th round of the 2012 amateur draft. Player signed June 5, 2012.","Polk State College (Winter Haven, FL), Santa Fe College (Gainesville, FL)","Lakeland Senior HS (Lakeland, FL)",Alec Edward
11,Nevin Ashley,31.026,Sep 9,"Oct 2, 2015",/2H,MIL,-0.2,6-1,245,R,R,"Aug 14, 1984","Vincennes, IN, US","Drafted by the Tampa Bay Devil Rays in the 6th round of the 2006 amateur draft. Player signed June 16, 2006.","Indiana State University (Terre Haute, IN)","North Knox HS (Bicknell, IN)",Nevin Robert
12,Jett Bandy,25.172,Sep 14,"May 23, 2018",/2H,LAA,0.1,6-4,235,R,R,"Mar 26, 1990","West Hills, CA, US","Drafted by the Los Angeles Angels of Anaheim in the 31st round of the 2011 amateur draft. Player signed June 11, 2011.","University of Arizona (Tucson, AZ)","Thousand Oaks HS (Thousand Oaks, CA)",Jett Adam
13,Manny Banuelos,24.111,Jul 2,,/1,ATL,-0.9,5-10,215,R,L,"Mar 13, 1991","Gomez Palacio, Durango, MX",Signed by the New York Yankees as an amateur free agent in 2008.,,,Manuel
14,Austin Barnes,25.147,May 24,,2/H45,LAD,4.9,5-10,187,R,R,"Dec 28, 1989","Fullerton, CA, US","Drafted by the Florida Marlins in the 9th round of the 2011 amateur draft. Player signed June 22, 2011.","Arizona State University (Tempe, AZ)","Riverside Polytechnic HS (Riverside, CA)",Austin Scott
15,Steven Baron,24.276,Sep 9,"Sep 28, 2019",/2,SEA,-0.4,6-0,205,R,R,"Dec 7, 1990","Miami, FL, US","Drafted by the Seattle Mariners in the 1st round (33rd pick) of the 2009 amateur draft. Player signed July 8, 2009.",,"John A. Ferguson School (Miami, FL)",Steven Phillip
16,Kyle Barraclough,25.076,Aug 7,,1,MIA,2.2,6-3,229,R,R,"May 23, 1990","Santa Clara, CA, US","Drafted by the St. Louis Cardinals in the 7th round of the 2012 amateur draft. Player signed June 13, 2012.","Saint Mary's College of California (Moraga, CA)","Wilcox HS (Santa Clara, CA)",Kyle David
17,Yhonathan Barrios,23.297,Sep 24,"Oct 4, 2015",/1,MIL,0.3,5-10,205,B,R,"Dec 1, 1991","Cartagena, Bolivar, CO",Signed by the Pittsburgh Pirates as an amateur free agent in 2009.,,,Yhonathan
18,Chris Beck,24.266,May 28,"Jul 8, 2018",/1,CHW,-1.1,6-3,230,R,R,"Sep 4, 1990","Commerce, GA, US","Drafted by the Chicago White Sox in the 2nd round of the 2012 amateur draft. Player signed June 11, 2012.","Georgia Southern University (Statesboro, GA)","Jefferson HS (Jefferson, GA)",Christopher Michael
19,Andrew Bellatti,23.277,May 9,,1,TBR,1.2,6-1,190,R,R,"Aug 5, 1991","San Diego, CA, US","Drafted by the Tampa Bay Rays in the 12th round of the 2009 amateur draft. Player signed June 12, 2009.",,"Steele Canyon HS (Spring Valley, CA)",Andrew James
20,Greg Bird,22.277,Aug 13,"Apr 13, 2019",3/H,NYY,0.6,6-3,220,L,R,"Nov 9, 1992","Memphis, TN, US","Drafted by the New York Yankees in the 5th round of the 2011 amateur draft. Player signed August 15, 2011.",,"Grandview HS (Aurora, CO)",Gregory Paul
21,Carson Blair,25.323,Sep 6,"Sep 24, 2015",2,OAK,-0.4,6-2,210,R,R,"Oct 18, 1989","Carrollton, TX, US","Drafted by the Boston Red Sox in the 35th round of the 2008 amateur draft. Player signed August 15, 2008.",,"Liberty Christian School (Argyle, TX)",Carson Reynolds
22,Matthew Boyd,24.145,Jun 27,,/1,TOR,9.3,6-3,223,L,L,"Feb 2, 1991","Mercer Island, WA, US","Drafted by the Toronto Blue Jays in the 6th round of the 2013 amateur draft. Player signed July 11, 2013.","Oregon State University (Corvallis, OR)","Eastside Catholic HS (Sammamish, WA)",Matthew Robert
23,Silvino Bracho,23.044,Aug 30,,1,ARI,0.0,5-10,190,R,R,"Jul 17, 1992","Maracaibo, Zulia, VE",Signed by the Arizona Diamondbacks as an amateur free agent in 2011.,,,Silvino
24,Archie Bradley,22.244,Apr 11,,/1,ARI,5.9,6-4,215,R,R,"Aug 10, 1992","Muskogee, OK, US","Drafted by the Arizona Diamondbacks in the 1st round (7th pick) of the 2011 amateur draft. Player signed August 15, 2011.",,"Broken Arrow HS (Broken Arrow, OK)",Archie Newell
25,Ryan Brett,23.191,Apr 18,"Apr 21, 2015",/4H,TBR,0.1,5-9,180,B,R,"Oct 9, 1991","Seattle, WA, US","Drafted by the Tampa Bay Rays in the 3rd round of the 2010 amateur draft. Player signed July 9, 2010.",,"Highline HS (Burien, WA)",Ryan Duane
26,Jake Brigham,27.140,Jun 30,"Aug 30, 2015",1,ATL,-0.5,6-3,210,R,R,"Feb 10, 1988","Winter Garden, FL, US","Drafted by the Texas Rangers in the 6th round of the 2006 amateur draft. Player signed June 15, 2006.",,"Central Florida Christian Academy (Orlando, FL), Central Florida Christian Academy (Ocoee, FL)",Jacob Daniel
27,Socrates Brito,23.002,Sep 8,"May 8, 2019",H/987,ARI,-0.9,6-2,205,L,L,"Sep 6, 1992","Azua, Azua, DO",Signed by the Arizona Diamondbacks as an amateur free agent in 2010.,,,Socrates Orel
28,Mike Broadway,28.075,Jun 13,"Apr 29, 2016",1,SFG,-0.4,6-5,215,R,R,"Mar 30, 1987","Paducah, KY, US","Drafted by the Atlanta Braves in the 4th round of the 2005 amateur draft. Player signed June 25, 2005.",,"Pope County HS (Golconda, IL)",Michael Allen
29,Trevor Brown,23.308,Sep 19,"Sep 27, 2016",2,SFG,-0.1,6-2,193,R,R,"Nov 15, 1991","Newhall, CA, US","Drafted by the San Francisco Giants in the 10th round of the 2012 amateur draft. Player signed June 28, 2012.","University of California, Los Angeles (Los Angeles, CA)","William S. Hart HS (Santa Clarita, CA)",Trevor Michael
30,Keon Broxton,25.137,Sep 21,"Sep 28, 2019",/H879,PIT,3.6,6-3,200,R,R,"May 7, 1990","Lakeland, FL, US","Drafted by the Arizona Diamondbacks in the 3rd round of the 2009 amateur draft. Player signed June 19, 2009.","Santa Fe College (Gainesville, FL)","Lakeland Senior HS (Lakeland, FL)",Keon Darell
31,Kris Bryant,23.103,Apr 17,,*5/789H3D,CHC,29.2,6-5,230,R,R,"Jan 4, 1992","Las Vegas, NV, US","Drafted by the Chicago Cubs in the 1st round (2nd pick) of the 2013 amateur draft. Player signed July 12, 2013.","University of San Diego (San Diego, CA)","Bonanza HS (Las Vegas, NV)",Kristopher Lee
32,Danny Burawa,26.173,Jun 21,"Oct 2, 2015",/1,NYY,0.0,6-3,220,R,R,"Dec 30, 1988","Riverhead, NY, US","Drafted by the New York Yankees in the 12th round of the 2010 amateur draft. Player signed August 11, 2010.","St. John's University (Queens, NY)","Rocky Point HS (Rocky Point, NY)",Daniel James
33,Enrique Burgos,24.157,Apr 29,"Sep 27, 2016",1,ARI,-0.5,6-3,255,R,R,"Nov 23, 1990","Panama, Panama, PA",Signed by the Arizona Diamondbacks as an amateur free agent in 2007.,,,Enrique
34,Byron Buxton,21.178,Jun 14,,8/H,MIN,20.2,6-2,190,R,R,"Dec 18, 1993","Baxley, GA, US","Drafted by the Minnesota Twins in the 1st round (2nd pick) of the 2012 amateur draft. Player signed June 13, 2012.",,"Appling County HS (Baxley, GA)",Byron Keiron
35,Ramon Cabrera,25.304,Sep 5,"Oct 2, 2016",/2H,CIN,0.5,5-8,195,B,R,"Nov 5, 1989","Caracas, Distrito Federal, VE",Signed by the Pittsburgh Pirates as an amateur free agent in 2008.,,,Ramon Salvador
36,Orlando Calixte,23.075,Apr 19,"Oct 1, 2017",/H6,KCR,-0.7,6-0,183,R,R,"Feb 3, 1992","Santo Domingo, Distrito Nacional, DO",Signed by the Kansas City Royals as an amateur free agent in 2010.,,,Orlando
37,Mark Canha,26.052,Apr 8,,37H/9D5,OAK,12.5,6-2,209,R,R,"Feb 15, 1989","San Jose, CA, US","Drafted by the Florida Marlins in the 7th round of the 2010 amateur draft. Player signed August 6, 2010.","University of California, Berkeley (Berkeley, CA)","Bellarmine College Preparatory (San Jose, CA)",Mark David
38,Angel Castro,32.176,May 9,"Jul 24, 2015",/1,OAK,0.1,5-11,240,R,R,"Nov 14, 1982","Pimentel, Duarte, DO","Drafted by the Detroit Tigers in the 13th round of the 2006 amateur draft. Player signed June 12, 2006.","Western Oklahoma State College (Altus, OK)",,Angel M.
39,Daniel Castro,22.215,Jun 17,"Jun 2, 2018",46/H5,ATL,-1.0,5-11,201,R,R,"Nov 14, 1992","Guaymas, Sonora, MX",Signed by the Atlanta Braves as an amateur free agent in 2009.,,,Daniel Alejandro
40,Miguel Castro,20.103,Apr 6,,1,TOR,2.9,6-7,205,R,R,"Dec 24, 1994","La Romana, La Romana, DO",Signed by the Toronto Blue Jays as an amateur free agent in 2012.,,,Miguel Ángel
41,Darrell Ceciliani,24.331,May 19,"May 18, 2017",H7/8,NYM,0.2,6-1,220,L,L,"Jun 22, 1990","Tracy, CA, US","Drafted by the New York Mets in the 4th round of the 2009 amateur draft. Player signed June 23, 2009.","Columbia Basin College (Pasco, WA)","Madras HS (Madras, OR)",Darrell Albert
42,A.J. Cole,23.113,Apr 28,"May 27, 2021",/1,WSN,0.9,6-5,240,R,R,"Jan 5, 1992","Winter Springs, FL, US","Drafted by the Washington Nationals in the 4th round of the 2010 amateur draft. Player signed August 15, 2010.",,"Oviedo HS (Oviedo, FL)",Andrew Jordan
43,Dusty Coleman,28.074,Jul 3,"Aug 27, 2017",/H5,KCR,0.4,6-2,205,R,R,"Apr 20, 1987","Sioux Falls, SD, US","Drafted by the Oakland Athletics in the 28th round of the 2008 amateur draft. Player signed August 1, 2008.","Wichita State University (Wichita, KS)","O'Gorman Catholic HS (Sioux Falls, SD)",Dustin Michael
44,Michael Conforto,22.145,Jul 24,"Oct 3, 2021",7/H,NYM,15.7,6-1,215,L,R,"Mar 1, 1993","Seattle, WA, US","Drafted by the New York Mets in the 1st round (10th pick) of the 2014 amateur draft. Player signed July 11, 2014.","Oregon State University (Corvallis, OR)","Redmond HS (Redmond, WA)",Michael Thomas
45,Adam Conley,25.017,Jun 10,"Sep 22, 2021",1,MIA,0.2,6-3,209,L,L,"May 24, 1990","Redmond, WA, US","Drafted by the Florida Marlins in the 2nd round of the 2011 amateur draft. Player signed August 11, 2011.","Washington State University (Pullman, WA)","Olympia HS (Olympia, WA)",Adam Michael
46,Tim Cooney,24.132,Apr 30,"Jul 24, 2015",/1,STL,0.7,6-3,195,L,L,"Dec 19, 1990","Collegeville, PA, US","Drafted by the St. Louis Cardinals in the 3rd round of the 2012 amateur draft. Player signed June 13, 2012.","Wake Forest University (Winston-Salem, NC)","Malvern Prep HS (Malvern, PA)",Timothy Manus
47,Scott Copeland,27.138,May 2,"May 31, 2018",/1,TOR,-0.2,6-3,220,R,R,"Dec 15, 1987","Longview, TX, US","Drafted by the Baltimore Orioles in the 21st round of the 2010 amateur draft. Player signed June 15, 2010.","University of Southern Mississippi (Hattiesburg, MS)","White Oak HS (White Oak, TX)",Scott Reast
48,John Cornely,25.347,Apr 29,"Apr 29, 2015",/1,ATL,-0.1,6-1,205,R,R,"May 17, 1989","Mount Pleasant, SC, US","Drafted by the Atlanta Braves in the 15th round of the 2011 amateur draft. Player signed June 8, 2011.","Wofford College (Spartanburg, SC)","Bishop England HS (Charleston, SC)",John Francis
49,Carlos Correa,20.259,Jun 8,,6,HOU,39.5,6-4,220,R,R,"Sep 22, 1994","Ponce, PR","Drafted by the Houston Astros in the 1st round (1st pick) of the 2012 amateur draft. Player signed June 7, 2012.",,"Puerto Rico Baseball Academy (Gurabo, Puerto Rico)",Carlos Javier
50,Caleb Cotham,27.265,Jul 29,"May 28, 2016",1,NYY,-0.8,6-3,215,R,R,"Nov 6, 1987","Mount Juliet, TN, US","Drafted by the New York Yankees in the 5th round of the 2009 amateur draft. Player signed August 17, 2009.","Vanderbilt University (Nashville, TN)","Mount Juliet HS (Mount Juliet, TN)",Caleb Kent
51,Kaleb Cowart,23.077,Aug 18,"Sep 29, 2019",5/H,LAA,-1.4,6-3,225,B,R,"Jun 2, 1992","Adel, GA, US","Drafted by the Los Angeles Angels of Anaheim in the 1st round (18th pick) of the 2010 amateur draft. Player signed August 16, 2010.",,"Cook HS (Adel, GA)",Kaleb Bryant
52,Tyler Cravy,25.324,Jun 2,"Oct 2, 2016",1,MIL,0.0,6-2,220,R,R,"Jul 13, 1989","Martinez, CA, US","Drafted by the Milwaukee Brewers in the 17th round of the 2009 amateur draft. Player signed June 16, 2009.","Napa Valley College (Napa, CA)","Hogan HS (Vallejo, CA)",Tyler Jay
53,Brandon Cunniff,26.182,Apr 7,"Sep 30, 2016",1,ATL,-0.2,6-0,185,R,R,"Oct 7, 1988","Arcadia, CA, US","Drafted by the Florida Marlins in the 27th round of the 2010 amateur draft. Player signed June 11, 2010.","California State University, San Bernardino (San Bernardino, CA)","Norco HS (Norco, CA)",Brandon Michael
54,Cheslor Cuthbert,22.233,Jul 7,"Jul 26, 2020",5/H34D,KCR,-1.3,6-1,205,R,R,"Nov 16, 1992","Corn Island, Atlantico Sur, NI",Signed by the Kansas City Royals as an amateur free agent in 2009.,,,Cheslor Jesly
55,Zach Davies,22.207,Sep 2,,/1,MIL,9.6,6-0,180,R,R,"Feb 7, 1993","Puyallup, WA, US","Drafted by the Baltimore Orioles in the 26th round of the 2011 amateur draft. Player signed August 15, 2011.",,"Mesquite HS (Gilbert, AZ)",Zachary Ryan
56,Abel De Los Santos,22.242,Jul 21,"Sep 30, 2016",/1,WSN,-0.2,6-2,195,R,R,"Nov 21, 1992","Puerto Plata, Puerto Plata, DO",Signed by the Texas Rangers as an amateur free agent in 2010.,,,Abel
57,Jose De Paula,27.109,Jun 21,"Jun 21, 2015",/1,NYY,0.1,6-1,170,R,L,"Mar 4, 1988","Villa Mella, Santo Domingo, DO",Signed by the San Diego Padres as an amateur free agent in 2006.,,,Jose Alberto
58,Cody Decker,28.240,Sep 14,"Oct 4, 2015",/H3,SDP,-0.3,5-11,218,R,R,"Jan 17, 1987","Santa Monica, CA, US","Drafted by the San Diego Padres in the 22nd round of the 2009 amateur draft. Player signed June 20, 2009.","University of California, Los Angeles (Los Angeles, CA)","Santa Monica HS (Santa Monica, CA)",Cody Marshall
59,Delino DeShields,22.235,Apr 8,"Oct 3, 2021",*87/HD4,TEX,5.1,5-9,190,R,R,"Aug 16, 1992","Easton, MD, US","Drafted by the Houston Astros in the 1st round (8th pick) of the 2010 amateur draft. Player signed August 5, 2010.",,"Woodward Academy (College Park, GA)",Delino Diaab
60,Elias Diaz,24.299,Sep 12,,/H,PIT,3.0,6-1,223,R,R,"Nov 17, 1990","Maracaibo, Zulia, VE",Signed by the Pittsburgh Pirates as an amateur free agent in 2008.,,,Elias David
61,Alex Dickerson,25.072,Aug 6,,H/7,SDP,1.6,6-2,226,L,L,"May 26, 1990","Poway, CA, US","Drafted by the Pittsburgh Pirates in the 3rd round of the 2011 amateur draft. Player signed July 14, 2011.","Indiana University Bloomington (Bloomington, IN)","Poway HS (Poway, CA)",Alexander Ross
62,Wilmer Difo,23.047,May 19,,H/4,WSN,0.0,5-11,200,B,R,"Apr 2, 1992","Santiago, Santiago, DO",Signed by the Washington Nationals as an amateur free agent in 2010.,,,Wilmer Francisco
63,Danny Dorn,30.275,Apr 21,"Jul 19, 2015",H/93,ARI,-0.3,6-2,200,L,L,"Jul 20, 1984","San Dimas, CA, US","Drafted by the Cincinnati Reds in the 32nd round of the 2006 amateur draft. Player signed June 26, 2006.","California State University, Fullerton (Fullerton, CA)","Diamond Bar HS (Diamond Bar, CA)",Daniel Casey
64,Oliver Drake,28.130,May 23,"Sep 27, 2020",1,BAL,1.1,6-4,220,R,R,"Jan 13, 1987","Worcester, MA, US","Drafted by the Baltimore Orioles in the 43rd round of the 2008 amateur draft. Player signed July 21, 2008.","United States Naval Academy (Annapolis, MD)","Northfield Mount Hermon School (Mount Hermon, MA)",Oliver Gardner
65,Brandon Drury,23.011,Sep 1,,5/4H6,ARI,2.0,6-2,230,R,R,"Aug 21, 1992","Grants Pass, OR, US","Drafted by the Atlanta Braves in the 13th round of the 2010 amateur draft. Player signed June 9, 2010.",,"Grants Pass HS (Grants Pass, OR)",Brandon Shane
66,Tyler Duffey,24.221,Aug 5,,1,MIN,1.8,6-3,220,R,R,"Dec 27, 1990","Houston, TX, US","Drafted by the Minnesota Twins in the 5th round of the 2012 amateur draft. Player signed June 12, 2012.","Rice University (Houston, TX)","Bellaire HS (Bellaire, TX)",Tyler Blinn
67,Matt Duffy,26.222,Sep 16,"Apr 9, 2016",/H35,HOU,0.2,6-3,215,R,R,"Feb 6, 1989","Boston, MA, US","Drafted by the Houston Astros in the 20th round of the 2011 amateur draft. Player signed June 9, 2011.","University of Tennessee (Knoxville, TN)","St. Sebastian's School (Needham, MA)",Matthew Edward
68,Ryan Dull,25.334,Sep 1,"Sep 27, 2019",1,OAK,1.0,5-9,185,R,R,"Oct 2, 1989","Winston-Salem, NC, US","Drafted by the Oakland Athletics in the 32nd round of the 2012 amateur draft. Player signed June 11, 2012.","University of North Carolina at Asheville (Asheville, NC)","East Forsyth HS (Kernersville, NC)",Ryan Christopher
69,Allan Dykstra,27.322,Apr 8,"Apr 23, 2015",3,TBR,-0.5,6-5,215,L,R,"May 21, 1987","San Diego, CA, US","Drafted by the San Diego Padres in the 1st round (23rd pick) of the 2008 amateur draft. Player signed August 15, 2008.","Wake Forest University (Winston-Salem, NC)","Rancho Bernardo HS (San Diego, CA)",Allan Christopher
70,Ed Easley,29.159,May 29,"Oct 4, 2015",/2H,STL,-0.1,6-0,215,R,R,"Dec 21, 1985","Memphis, TN, US","Drafted by the Arizona Diamondbacks in the 1st round (61st pick) of the 2007 amateur draft. Player signed June 28, 2007.","Mississippi State University (Mississippi State, MS)","Olive Branch HS (Olive Branch, MS)",Edward Michael
71,Carl Edwards Jr.,24.004,Sep 7,,/1,CHC,3.7,6-3,170,R,R,"Sep 3, 1991","Newberry, SC, US","Drafted by the Texas Rangers in the 48th round of the 2011 amateur draft. Player signed August 15, 2011.",,"Mid-Carolina HS (Prosperity, SC)",Carl Fleming
72,Jerad Eickhoff,25.050,Aug 21,,/1,PHI,4.4,6-4,246,R,R,"Jul 2, 1990","Evansville, IN, US","Drafted by the Texas Rangers in the 15th round of the 2011 amateur draft. Player signed July 3, 2011.","Olney Central College (Olney, IL)","Mater Dei HS (Evansville, IN)",Jerad Joseph
73,Brian Ellington,24.364,Aug 3,"Oct 1, 2017",1,MIA,-0.4,6-3,215,R,R,"Aug 4, 1990","Gainesville, FL, US","Drafted by the Miami Marlins in the 16th round of the 2012 amateur draft. Player signed June 11, 2012.","University of West Florida (Pensacola, FL)","Oak Hall Prep HS (Gainesville, FL)",Brian Michael
74,Andrew Faulkner,22.353,Aug 31,"Sep 25, 2016",1,TEX,-0.1,6-3,205,R,L,"Sep 12, 1992","Bamberg, SC, US","Drafted by the Texas Rangers in the 14th round of the 2011 amateur draft. Player signed June 19, 2011.",,"South Aiken HS (Aiken, SC)",Andrew Michael
75,Taylor Featherston,25.186,Apr 12,"Jul 31, 2017",54H6/D,LAA,-0.5,6-1,185,R,R,"Oct 8, 1989","Houston, TX, US","Drafted by the Colorado Rockies in the 5th round of the 2011 amateur draft. Player signed June 28, 2011.","Texas Christian University (Fort Worth, TX)","James E. Taylor HS (Katy, TX)",Taylor Joseph
76,Michael Feliz,21.337,May 31,,/1,HOU,-1.7,6-4,250,R,R,"Jun 28, 1993","Azua, Azua, DO",Signed by the Oakland Athletics as an amateur free agent in 2010.,,,Michael
77,Jeff Ferrell,24.223,Jul 4,"Sep 18, 2017",/1,DET,-0.1,6-4,205,R,R,"Nov 23, 1990","Charlotte, NC, US","Drafted by the Detroit Tigers in the 26th round of the 2010 amateur draft. Player signed June 15, 2010.","Pitt Community College (Winterville, NC)","Emsley A. Laney HS (Wilmington, NC)",Jeffrey Alan
78,Daniel Fields,24.132,Jun 4,"Jun 4, 2015",/7,DET,-0.1,6-2,225,L,R,"Jan 23, 1991","Detroit, MI, US","Drafted by the Detroit Tigers in the 6th round of the 2009 amateur draft. Player signed August 17, 2009.",,"University of Detroit Jesuit HS (Detroit, MI)",Daniel Leigh
79,Kendry Flores,23.194,Jun 6,"May 14, 2016",/1,MIA,0.1,6-2,195,R,R,"Nov 24, 1991","Azua, Azua, DO",Signed by the San Francisco Giants as an amateur free agent in 2009.,,,Kendry
80,Ramon Flores,23.065,May 30,"Aug 3, 2017",7/9,NYY,-1.7,5-10,190,L,L,"Mar 26, 1992","Barinas, Barinas, VE",Signed by the New York Yankees as an amateur free agent in 2008.,,,Ramon
81,Rocky Gale,27.196,Sep 6,"May 12, 2019",/2H,SDP,-0.6,6-1,185,R,R,"Feb 22, 1988","Portland, OR, US","Drafted by the San Diego Padres in the 24th round of the 2010 amateur draft. Player signed June 10, 2010.","University of Portland (Portland, OR)","North Salem HS (Salem, OR)",Rocky Michael
82,Joey Gallo,21.195,Jun 2,,75/HD8,TEX,14.7,6-5,250,L,R,"Nov 19, 1993","Henderson, NV, US","Drafted by the Texas Rangers in the 1st round (39th pick) of the 2012 amateur draft. Player signed June 12, 2012.",,"Bishop Gorman HS (Las Vegas, NV)",Joseph Nicholas
83,Adonis Garcia,30.037,May 19,"Oct 1, 2017",57/H,ATL,-0.2,5-9,205,R,R,"Apr 12, 1985","Ciego de Avila, CU",Signed by the New York Yankees as an amateur free agent in 2012.,,,Adonis
84,Jason Garcia,22.138,Apr 8,"Sep 30, 2015",1,BAL,-0.1,6-0,185,R,R,"Nov 21, 1992","Bronx, NY, US","Drafted by the Boston Red Sox in the 17th round of the 2010 amateur draft. Player signed June 23, 2010.",,"Land O'Lakes HS (Land O'Lakes, FL)",Jason Emilio
85,Dustin Garneau,28.007,Aug 20,,2,COL,1.6,6-2,205,R,R,"Aug 13, 1987","Torrance, CA, US","Drafted by the Colorado Rockies in the 19th round of the 2009 amateur draft. Player signed June 18, 2009.","California State University, Fullerton (Fullerton, CA)","San Pedro HS (San Pedro, CA)",Dustin Thomas
86,Sean Gilmartin,24.337,Apr 10,"Aug 22, 2020",1,NYM,1.1,6-2,205,L,L,"May 8, 1990","Thousand Oaks, CA, US","Drafted by the Atlanta Braves in the 1st round (28th pick) of the 2011 amateur draft. Player signed July 14, 2011.","Florida State University (Tallahassee, FL)","Crespi Carmelite HS (Encino, CA)",Sean Patrick
87,Mychal Givens,25.042,Jun 24,,1,BAL,8.7,6-0,230,R,R,"May 13, 1990","Tampa, FL, US","Drafted by the Baltimore Orioles in the 2nd round of the 2009 amateur draft. Player signed August 17, 2009.",,"H. B. Plant HS (Tampa, FL)",Mychal Antonio
88,Zack Godley,25.093,Jul 23,"Jun 20, 2021",/1,ARI,1.4,6-3,250,R,R,"Apr 21, 1990","Bamberg, SC, US","Drafted by the Chicago Cubs in the 10th round of the 2013 amateur draft. Player signed June 13, 2013.","University of Tennessee (Knoxville, TN)","Bamberg Ehrhardt HS (Bamberg, SC)",Zachary Thomas
89,David Goforth,26.227,May 26,"Apr 9, 2017",1,MIL,-0.4,5-11,205,R,R,"Oct 11, 1988","Meridian, MS, US","Drafted by the Milwaukee Brewers in the 7th round of the 2011 amateur draft. Player signed June 22, 2011.","University of Mississippi (Oxford, MS)","Neshoba Central HS (Philadelphia, MS)",David Paul
90,Chi Chi Gonzalez,23.135,May 30,,1,TEX,-0.3,6-3,210,R,R,"Jan 15, 1992","Delray Beach, FL, US","Drafted by the Texas Rangers in the 1st round (23rd pick) of the 2013 amateur draft. Player signed June 10, 2013.","Oral Roberts University (Tulsa, OK)","Boca Raton Community HS (Boca Raton, FL)",Alexander
91,Severino Gonzalez,22.212,Apr 28,"Sep 27, 2016",/1,PHI,-0.9,6-2,155,R,R,"Sep 28, 1992","Santiago, Veraguas, PA",Signed by the Philadelphia Phillies as an amateur free agent in 2011.,,,Severino Yunier
92,Nick Goody,24.024,Jul 30,"Sep 23, 2020",/1,NYY,0.7,5-11,200,R,R,"Jul 6, 1991","Orlando, FL, US","Drafted by the New York Yankees in the 6th round of the 2012 amateur draft. Player signed June 14, 2012.","Florida State College at Jacksonville (Jacksonville, FL), Louisiana State University (Baton Rouge, LA), State College of Florida, Manatee-Sarasota (Bradenton, FL)","University HS (Orlando, FL)",Nicholas Gunnar
93,Trevor Gott,22.292,Jun 14,,1,LAA,-0.7,5-10,182,R,R,"Aug 26, 1992","Lexington, KY, US","Drafted by the San Diego Padres in the 6th round of the 2013 amateur draft. Player signed June 14, 2013.","University of Kentucky (Lexington, KY)","Tates Creek HS (Lexington, KY)",Trevor Vaughan
94,Matt Grace,26.129,Apr 22,"Aug 26, 2020",1,WSN,0.3,6-4,215,L,L,"Dec 14, 1988","Palos Verdes Estates, CA, US","Drafted by the Washington Nationals in the 8th round of the 2010 amateur draft. Player signed July 9, 2010.","University of California, Los Angeles (Los Angeles, CA)","Palos Verdes HS (Palos Verdes Estates, CA)",Matthew Aaron
95,J.R. Graham,25.082,Apr 6,"May 4, 2016",1,MIN,-0.4,5-11,195,R,R,"Jan 14, 1990","Livermore, CA, US","Drafted by the Atlanta Braves in the 4th round of the 2011 amateur draft. Player signed June 16, 2011.","Santa Clara University (Santa Clara, CA)","Livermore HS (Livermore, CA)",Johnathan Ryan
96,Jon Gray,23.272,Aug 4,,/1,COL,11.5,6-4,225,R,R,"Nov 5, 1991","Shawnee, OK, US","Drafted by the Colorado Rockies in the 1st round (3rd pick) of the 2013 amateur draft. Player signed June 12, 2013.","Eastern Oklahoma State College (Wilburton, OK), University of Oklahoma (Norman, OK)","Chandler HS (Chandler, OK)",Jonathan Charles
97,Mayckol Guaipe,24.294,Jun 1,"May 14, 2016",1,SEA,-0.7,6-4,235,R,R,"Aug 11, 1990","Barcelona, Anzoategui, VE",Signed by the Seattle Mariners as an amateur free agent in 2006.,,Unidad Educativa Guaraguao (Venezuela),Mayckol Martin
98,Deolis Guerra,26.071,Jun 27,"Oct 1, 2021",1,PIT,-0.3,6-5,245,R,R,"Apr 17, 1989","San Felix, Bolivar, VE",Signed by the New York Mets as an amateur free agent in 2005.,,"Escuelas Las Californias (San Diego, Venezuela)",Deolis Alexander
99,Junior Guerra,30.147,Jun 12,"Sep 16, 2021",/1,CHW,5.1,6-0,235,R,R,"Jan 16, 1985","San Felix, Bolivar, VE",Signed by the Atlanta Braves as an amateur free agent in 2001.,,,Junior J.
100,Jason Gurka,27.231,Aug 29,"Sep 4, 2017",/19,COL,-0.4,6-0,170,L,L,"Jan 10, 1988","Houston, TX, US","Drafted by the Baltimore Orioles in the 15th round of the 2008 amateur draft. Player signed June 16, 2008.","Angelina College (Lufkin, TX)","Brenham HS (Brenham, TX)",Jason Isidore
101,Cody Hall,27.240,Sep 3,"Jun 4, 2016",/1,SFG,-0.3,6-4,235,R,R,"Jan 6, 1988","Savannah, GA, US","Drafted by the San Francisco Giants in the 19th round of the 2011 amateur draft. Player signed June 16, 2011.","Southern University and A&M College (Baton Rouge, LA)","Central HS (Baton Rouge, LA)",Cody Kevin
102,Mitch Harris,29.169,Apr 25,"Sep 30, 2015",1,STL,0.0,6-4,240,R,R,"Nov 7, 1985","Ocala, FL, US","Drafted by the St. Louis Cardinals in the 13th round of the 2008 amateur draft. Player signed March 2, 2009.","United States Naval Academy (Annapolis, MD)",,Mitchell Andrew
103,Marcus Hatley,27.097,Jul 1,"Jul 7, 2015",/1,STL,0.1,6-5,220,R,R,"Mar 26, 1988","Honolulu, HI, US","Drafted by the Chicago Cubs in the 39th round of the 2006 amateur draft. Player signed May 30, 2007.","Palomar College (San Marcos, CA)","Mission Hills HS (San Marcos, CA)",Marcus Allen
104,Slade Heathcott,24.234,May 20,"Oct 3, 2015",/98H,NYY,0.4,6-1,205,L,L,"Sep 28, 1990","Texarkana, TX, US","Drafted by the New York Yankees in the 1st round (29th pick) of the 2009 amateur draft. Player signed August 17, 2009.",,"Texas HS (Texarkana, TX)",Zachary Slade
105,Austin Hedges,22.259,May 4,,2/H,SDP,0.0,6-1,223,R,R,"Aug 18, 1992","San Juan Capistrano, CA, US","Drafted by the San Diego Padres in the 2nd round of the 2011 amateur draft. Player signed August 15, 2011.",,"JSerra Catholic HS (San Juan Capistrano, CA)",Austin Charles
106,Oscar Hernandez,22.003,Jul 12,"Aug 1, 2020",2/HD,ARI,-0.3,6-1,230,R,R,"Jul 9, 1993","Punto Fijo, Falcon, VE",Signed by the Tampa Bay Rays as an amateur free agent in 2009.,,,Oscar Eduardo
107,Odubel Herrera,23.098,Apr 6,,*8H,PHI,13.4,5-11,205,L,R,"Dec 29, 1991","San Jose, Anzoategui, VE",Signed by the Texas Rangers as an amateur free agent in 2008.,,,David Odubel
108,Keith Hessler,26.146,Aug 8,"Sep 30, 2016",1,ARI,-0.2,6-4,244,L,L,"Mar 15, 1989","Washington, DC, US",Signed by the Arizona Diamondbacks as an amateur free agent in 2011.,"Coastal Carolina University (Conway, SC)","Springbrook HS (Silver Spring, MD)",Keith Alexander
109,John Hicks,25.363,Aug 29,"Jul 21, 2021",2/DH5,SEA,-0.1,6-2,230,R,R,"Aug 31, 1989","Richmond, VA, US","Drafted by the Seattle Mariners in the 4th round of the 2011 amateur draft. Player signed July 6, 2011.","University of Virginia (Charlottesville, VA)","Goochland HS (Goochland, VA)",John Austin
110,Dalier Hinojosa,29.082,May 3,"Apr 28, 2016",/1,BOS,1.2,6-1,230,R,R,"Feb 10, 1986","Isla de la Juventud, CU",Signed by the Boston Red Sox as an amateur free agent in 2013.,,,Dalier
111,Adrian Houser,22.236,Sep 26,,/1,MIL,2.8,6-3,222,R,R,"Feb 2, 1993","Tahlequah, OK, US","Drafted by the Houston Astros in the 2nd round of the 2011 amateur draft. Player signed June 8, 2011.",,"Locust Grove HS (Locust Grove, OK)",Adrian David
112,Edgar Ibarra,26.002,Jun 2,"Jun 5, 2015",/1,LAA,0.1,6-0,190,L,L,"May 31, 1989","Valencia, Carabobo, VE",Signed by the Minnesota Twins as an amateur free agent in 2006.,,U. E. Camp Solo (Venezuela),Edgar Alexander
113,Raisel Iglesias,25.098,Apr 12,,1,CIN,13.3,6-2,190,R,R,"Jan 4, 1990","Isla de la Juventud, CU",Signed by the Cincinnati Reds as an amateur free agent in 2014.,,,Raisel
114,Jay Jackson,27.322,Sep 14,,/1,SDP,0.4,6-1,195,R,R,"Oct 27, 1987","Greenville, SC, US","Drafted by the Chicago Cubs in the 9th round of the 2008 amateur draft. Player signed June 10, 2008.","Furman University (Greenville, SC)","Christ Church Episcopal HS (Greenville, SC)",Randy
115,Luke Jackson,24.011,Sep 4,"Oct 3, 2021",/1,TEX,2.2,6-2,210,R,R,"Aug 24, 1991","Fort Lauderdale, FL, US","Drafted by the Texas Rangers in the 1st round (45th pick) of the 2010 amateur draft. Player signed August 16, 2010.",,"Calvary Christian HS (Fort Lauderdale, FL)",Luke Ray
116,Travis Jankowski,24.067,Aug 21,,89/H,SDP,2.5,6-3,183,L,R,"Jun 15, 1991","Lancaster, PA, US","Drafted by the San Diego Padres in the 1st round (44th pick) of the 2012 amateur draft. Player signed June 26, 2012.","State University of New York at Stony Brook (Stony Brook, NY)","Lancaster Catholic HS (Lancaster, PA)",Travis Paul
117,Brian Johnson,24.226,Jul 21,"Sep 26, 2019",/1,BOS,0.9,6-3,250,L,L,"Dec 7, 1990","Lakeland, FL, US","Drafted by the Boston Red Sox in the 1st round (31st pick) of the 2012 amateur draft. Player signed June 28, 2012.","University of Florida (Gainesville, FL)","Cocoa Beach HS (Cocoa Beach, FL)",Christopher Brian
118,Micah Johnson,24.109,Apr 6,"Oct 1, 2017",4/H,CHW,-0.9,6-0,210,L,R,"Dec 18, 1990","Indianapolis, IN, US","Drafted by the Chicago White Sox in the 9th round of the 2012 amateur draft. Player signed June 8, 2012.","Indiana University Bloomington (Bloomington, IN)","Park Tudor HS (Indianapolis, IN)",Micah Drew
119,Taylor Jungmann,25.173,Jun 9,"Apr 5, 2017",1,MIL,1.2,6-6,210,R,R,"Dec 18, 1989","Temple, TX, US","Drafted by the Milwaukee Brewers in the 1st round (12th pick) of the 2011 amateur draft. Player signed August 15, 2011.","University of Texas at Austin (Austin, TX)","Georgetown HS (Georgetown, TX)",Taylor Heath
120,Jung Ho Kang,28.003,Apr 8,"Jul 29, 2019",56H,PIT,5.9,6-0,210,R,R,"Apr 5, 1987","Gwangju, Gwangju, KR",Signed as a Free Agent with the Pittsburgh Pirates in 2015.,,"Gwangju Jeil (Gwangju, South Korea)",Jung Ho
121,Keone Kela,21.356,Apr 7,"May 7, 2021",1,TEX,5.1,6-1,220,R,R,"Apr 16, 1993","Los Angeles, CA, US","Drafted by the Texas Rangers in the 12th round of the 2012 amateur draft. Player signed June 6, 2012.","Everett Community College (Everett, WA)","Chief Sealth HS (Seattle, WA)",Keone Cole
122,Ryan Kelly,27.243,Jun 30,"Sep 25, 2015",1,ATL,-0.4,6-2,180,R,R,"Oct 30, 1987","Memphis, TN, US","Drafted by the Pittsburgh Pirates in the 26th round of the 2006 amateur draft. Player signed May 30, 2007.","Walters State Community College (Morristown, TN)","Hilton Head HS (Hilton Head, SC)",William Ryan
123,Max Kepler,22.229,Sep 27,,/H9,MIN,16.9,6-4,225,L,L,"Feb 10, 1993","Berlin, DE",Signed by the Minnesota Twins as an amateur free agent in 2009.,,"John F. Kennedy School (Berlin, Germany)",Maximilian
124,Guido Knudson,26.017,Aug 22,"Sep 2, 2015",/1,DET,-0.3,6-1,185,R,R,"Aug 5, 1989","San Diego, CA, US","Drafted by the Detroit Tigers in the 28th round of the 2011 amateur draft. Player signed June 16, 2011.","University of California, San Diego (La Jolla, CA)","Bonita Vista HS (Chula Vista, CA)",Guido Joel
125,Kyle Kubitza,24.330,Jun 10,"Oct 2, 2015",5/H47D,LAA,-0.3,6-3,210,L,R,"Jul 15, 1990","Arlington, TX, US","Drafted by the Atlanta Braves in the 3rd round of the 2011 amateur draft. Player signed June 10, 2011.","Texas State University (San Marcos, TX)","Colleyville Heritage HS (Colleyville, TX)",Kyle Andrew
126,Tyler Ladendorf,27.032,Apr 8,"Oct 2, 2021",/7H4856,OAK,-0.4,5-11,195,R,R,"Mar 7, 1988","Park Ridge, IL, US","Drafted by the Minnesota Twins in the 2nd round of the 2008 amateur draft. Player signed June 8, 2008.","Howard College (Big Spring, TX)","Maine West HS (Des Plaines, IL)",Tyler James
127,Ryan LaMarre,26.274,Aug 22,"Jul 29, 2021",8/H79,CIN,-0.3,6-1,215,R,L,"Nov 21, 1988","Royal Oak, MI, US","Drafted by the Cincinnati Reds in the 2nd round of the 2010 amateur draft. Player signed June 11, 2010.","University of Michigan (Ann Arbor, MI)","Jackson Lumen Christ HS (Jackson, MI)",Ryan Michael
128,John Lamb,25.035,Aug 14,"Jun 26, 2018",1,CIN,-1.8,6-4,205,L,L,"Jul 10, 1990","La Palma, CA, US","Drafted by the Kansas City Royals in the 5th round of the 2008 amateur draft. Player signed June 8, 2008.",,"Laguna Hills HS (Laguna Hills, CA)",John Michael
129,Raudel Lazo,26.146,Sep 5,"Oct 3, 2015",/1,MIA,0.1,5-9,180,L,L,"Apr 12, 1989","Pinar del Rio, CU",Signed by the Florida Marlins as an amateur free agent in 2011.,,,Raudel
130,Jack Leathersich,24.289,Apr 29,"Oct 1, 2017",1,NYM,0.4,5-11,205,R,L,"Jul 14, 1990","Beverly, MA, US","Drafted by the New York Mets in the 5th round of the 2011 amateur draft. Player signed June 26, 2011.","University of Massachusetts Lowell (Lowell, MA)","Beverly HS (Beverly, MA)",John Victor
131,Zach Lee,23.315,Jul 25,"Apr 18, 2017",/1,LAD,-0.3,6-3,195,R,R,"Sep 13, 1991","Plano, TX, US","Drafted by the Los Angeles Dodgers in the 1st round (28th pick) of the 2010 amateur draft. Player signed August 16, 2010.",,"McKinney HS (McKinney, TX)",Zachary Stephen
132,Arnold Leon,26.228,Apr 22,"Apr 9, 2016",1,OAK,-0.1,6-1,210,R,R,"Sep 6, 1988","Culiacan, Sinaloa, MX",Signed as a Free Agent with the Oakland Athletics in 2008.,,,Alex Arnold
133,Adam Liberatore,27.340,Apr 17,"Jun 20, 2018",1,LAD,1.0,6-3,243,L,L,"May 12, 1987","Bellflower, CA, US","Drafted by the Tampa Bay Rays in the 21st round of the 2010 amateur draft. Player signed June 14, 2010.","Tennessee Technological University (Cookeville, TN)","Blackhawk HS (Beaver Falls, PA)",Adam Joseph
134,Jacob Lindgren,22.074,May 25,"Jun 12, 2015",/1,NYY,0.0,5-11,195,R,L,"Mar 12, 1993","Biloxi, MS, US","Drafted by the New York Yankees in the 2nd round of the 2014 amateur draft. Player signed June 13, 2014.","Mississippi State University (Mississippi State, MS)","St. Stanislaus HS (Bay St. Louis, MS)",Jacob Stephen
135,Francisco Lindor,21.212,Jun 14,,6/HD,CLE,36.6,5-11,190,B,R,"Nov 14, 1993","Caguas, PR","Drafted by the Cleveland Indians in the 1st round (8th pick) of the 2011 amateur draft. Player signed August 15, 2011.",,"Montverde Academy (Montverde, FL)",Francisco Miguel
136,Ryan Lollis,28.200,Jul 4,"Aug 20, 2015",/7H9,SFG,-0.1,6-1,190,L,L,"Dec 16, 1986","Houston, TX, US","Drafted by the San Francisco Giants in the 37th round of the 2009 amateur draft. Player signed June 17, 2009.","University of Missouri (Columbia, MO)","Houston Christian HS (Houston, TX)",Ryan Matthew
137,Jorge Lopez,22.231,Sep 29,,/1,MIL,0.5,6-3,200,R,R,"Feb 10, 1993","Caguas, PR","Drafted by the Milwaukee Brewers in the 2nd round of the 2011 amateur draft. Player signed August 5, 2011.",,"Caguas Military Academy (Caguas, Puerto Rico)",Jorge Yabiel
138,Michael Lorenzen,23.115,Apr 29,,1/H,CIN,7.5,6-3,217,R,R,"Jan 4, 1992","Anaheim, CA, US","Drafted by the Cincinnati Reds in the 1st round (38th pick) of the 2013 amateur draft. Player signed June 21, 2013.","California State University, Fullerton (Fullerton, CA)","Fullerton Union HS (Fullerton, CA)",Michael Clifton
139,Dixon Machado,23.092,May 25,,6/H,DET,-0.9,6-1,190,R,R,"Feb 22, 1992","San Cristobal, Tachira, VE",Signed by the Detroit Tigers as an amateur free agent in 2008.,,,Dixon Javier
140,Mikie Mahtook,25.131,Apr 10,"Apr 10, 2019",789/HD,TBR,0.3,6-2,220,R,R,"Nov 30, 1989","Lafayette, LA, US","Drafted by the Tampa Bay Rays in the 1st round (31st pick) of the 2011 amateur draft. Player signed August 15, 2011.","Louisiana State University (Baton Rouge, LA)","St. Thomas More HS (Lafayette, LA)",Michael Anthony
141,Luke Maile,24.207,Sep 1,,2/H,TBR,1.4,6-3,225,R,R,"Feb 6, 1991","Edgewood, KY, US","Drafted by the Tampa Bay Rays in the 8th round of the 2012 amateur draft. Player signed June 8, 2012.","University of Kentucky (Lexington, KY)","Covington Catholic HS (Park Hills, KY)",Luke Richard
142,Sugar Ray Marimon,26.196,Apr 14,"Sep 25, 2015",1,ATL,-0.5,6-1,195,R,R,"Sep 30, 1988","Cartagena, Bolivar, CO",Signed by the Kansas City Royals as an amateur free agent in 2006.,,,Sugar Ray
143,Matt Marksberry,24.340,Jul 31,"Jul 30, 2016",1,ATL,-0.4,6-1,180,L,L,"Aug 25, 1990","Cincinnati, OH, US","Drafted by the Atlanta Braves in the 15th round of the 2013 amateur draft. Player signed June 13, 2013.","Campbell University (Buies Creek, NC)","Glen Este HS (Batavia, OH)",Matthew Gates
144,Deven Marrero,24.307,Jun 28,,5/H6D4,BOS,-0.4,6-0,190,R,R,"Aug 25, 1990","Miami, FL, US","Drafted by the Boston Red Sox in the 1st round (24th pick) of the 2012 amateur draft. Player signed June 20, 2012.","Arizona State University (Tempe, AZ)","American Heritage HS (Plantation, FL)",Deven Sommer
145,Jefry Marte,24.014,Jul 5,"Sep 30, 2018",3H/5D,DET,0.2,6-1,220,R,R,"Jun 21, 1991","La Romana, La Romana, DO",Signed by the New York Mets as an amateur free agent in 2007.,,,Jefry Leonal
146,Ketel Marte,21.292,Jul 31,,6/48H,SEA,19.5,6-1,210,B,R,"Oct 12, 1993","Nizao, Peravia, DO",Signed by the Seattle Mariners as an amateur free agent in 2010.,,,Ketel Ricardo
147,Cody Martin,25.215,Apr 7,"Aug 6, 2017",1,ATL,-0.7,6-3,230,R,R,"Sep 4, 1989","Dos Palos, CA, US","Drafted by the Atlanta Braves in the 7th round of the 2011 amateur draft. Player signed June 10, 2011.","Gonzaga University (Spokane, WA)","Dos Palos HS (Dos Palos, CA)",Cody Matthew
148,Rafael Martin,30.334,Apr 15,"Sep 30, 2016",1,WSN,-0.2,6-3,225,R,R,"May 16, 1984","San Fernando, CA, US",Signed as a Free Agent with the Washington Nationals in 2010.,,,Rafael
149,Steven Matz,24.030,Jun 28,,/1,NYM,8.1,6-2,201,R,L,"May 29, 1991","Stony Brook, NY, US","Drafted by the New York Mets in the 2nd round of the 2009 amateur draft. Player signed August 17, 2009.",,"Ward Melville HS (East Setauket, NY)",Steven Jakob
150,Cory Mazzoni,25.190,Apr 27,"Jul 28, 2018",/1,SDP,-1.2,6-1,210,R,R,"Oct 19, 1989","Evans City, PA, US","Drafted by the New York Mets in the 2nd round of the 2011 amateur draft. Player signed June 10, 2011.","North Carolina State University (Raleigh, NC)","Seneca Valley HS (Harmony, PA)",Cory Mitchell
151,Lance McCullers Jr.,21.228,May 18,,1,HOU,11.1,6-1,202,L,R,"Oct 2, 1993","Tampa, FL, US","Drafted by the Houston Astros in the 1st round (41st pick) of the 2012 amateur draft. Player signed June 18, 2012.",,"Jesuit HS (Tampa, FL)",Lance Graye
152,Scott McGough,25.293,Aug 20,"Sep 20, 2015",/1,MIA,-0.2,5-11,190,R,R,"Oct 31, 1989","Monroeville, PA, US","Drafted by the Los Angeles Dodgers in the 5th round of the 2011 amateur draft. Player signed June 11, 2011.","University of Oregon (Eugene, OR)","Plum HS (Pittsburgh, PA)",Scott Thomas
153,Andrew McKirahan,25.063,Apr 12,"Sep 25, 2015",1,ATL,-0.4,6-2,200,R,L,"Feb 8, 1990","Austin, TX, US","Drafted by the Chicago Cubs in the 21st round of the 2011 amateur draft. Player signed July 2, 2011.","University of Texas at Austin (Austin, TX)","Georgetown HS (Georgetown, TX)",Andrew David
154,Alex Meyer,25.174,Jun 26,"Jul 19, 2017",/1,MIN,0.7,6-9,225,R,R,"Jan 3, 1990","Greensburg, IN, US","Drafted by the Washington Nationals in the 1st round (23rd pick) of the 2011 amateur draft. Player signed August 15, 2011.","University of Kentucky (Lexington, KY)","Greensburg HS (Greensburg, IN)",Alex John
155,Adalberto Mondesí,20.095,Oct 30,,,KCR,4.3,6-1,200,B,R,"Jul 27, 1995","Los Angeles, CA, US",Signed by the Kansas City Royals as an amateur free agent in 2011.,,,Raul Adalberto
156,Frankie Montas,22.165,Sep 2,,/1,CHW,6.9,6-2,255,R,R,"Mar 21, 1993","Sainagua, San Cristobal, DO",Signed by the Boston Red Sox as an amateur free agent in 2009.,,"Colegio Creciendo (San Cristobal, Dominican Republic)",Francelis
157,Mike Montgomery,25.336,Jun 2,"Sep 26, 2020",1,SEA,5.9,6-5,220,L,L,"Jul 1, 1989","Mission Hills, CA, US","Drafted by the Kansas City Royals in the 1st round (36th pick) of the 2008 amateur draft. Player signed June 15, 2008.",,"William S. Hart HS (Santa Clarita, CA)",Michael Paul
158,Diego Moreno,27.336,Jun 22,"May 21, 2017",/1,NYY,-0.1,6-1,235,R,R,"Jul 21, 1987","Higuerote, Miranda, VE",Signed by the Pittsburgh Pirates as an amateur free agent in 2006.,,,Diego Rafael
159,Adam Morgan,25.114,Jun 21,"Sep 29, 2021",1,PHI,1.1,6-1,200,L,L,"Feb 27, 1990","Tampa, FL, US","Drafted by the Philadelphia Phillies in the 3rd round of the 2011 amateur draft. Player signed June 21, 2011.","University of Alabama (Tuscaloosa, AL)","Kell HS (Marietta, GA)",Adam Christopher
160,Akeel Morris,22.215,Jun 17,"Jun 26, 2018",/1,NYM,0.1,6-1,205,R,R,"Nov 14, 1992","St. Thomas, St. Thomas, VI","Drafted by the New York Mets in the 10th round of the 2010 amateur draft. Player signed June 15, 2010.",,"Charlotte Amalie HS (St. Thomas, U. S. Virgin Islands)",Akeel Jamael
161,Jon Moscot,23.294,Jun 5,"Jun 5, 2016",/1,CIN,-0.6,6-4,210,R,R,"Aug 15, 1991","Santa Monica, CA, US","Drafted by the Cincinnati Reds in the 4th round of the 2012 amateur draft. Player signed June 11, 2012.","Pepperdine University (Malibu, CA)","Palisades Charter HS (Pacific Palisades, CA)",Jonathan Solomon
162,Max Muncy,24.243,Apr 25,,35H/D,OAK,17.3,6-0,215,L,R,"Aug 25, 1990","Midland, TX, US","Drafted by the Oakland Athletics in the 5th round of the 2012 amateur draft. Player signed June 18, 2012.","Baylor University (Waco, TX)","Keller HS (Keller, TX)",Maxwell Steven
163,Daniel Muno,26.067,Apr 17,"Jul 24, 2015",H/54D,NYM,-0.3,6-1,195,B,R,"Feb 9, 1989","Long Beach, CA, US","Drafted by the New York Mets in the 8th round of the 2011 amateur draft. Player signed June 12, 2011.","California State University, Fresno (Fresno, CA)","Loyola HS (Los Angeles, CA)",Daniel Joseph
164,Toru Murata,30.039,Jun 28,"Jun 28, 2015",/1,CLE,-0.2,6-0,175,L,R,"May 20, 1985","Osaka, Osaka, JP",Signed as a Free Agent with the Cleveland Indians in 2010.,Osaka Taiiku University (Japan),,Toru
165,Tom Murphy,24.162,Sep 12,,2,COL,4.0,6-1,206,R,R,"Apr 3, 1991","West Monroe, NY, US","Drafted by the Colorado Rockies in the 3rd round of the 2012 amateur draft. Player signed June 14, 2012.","University at Buffalo, State University of New York (Buffalo, NY)","Moore HS (Central Square, NY)",Thomas James
166,Colton Murray,25.133,Sep 2,"Oct 2, 2016",/1,PHI,-0.5,6-0,195,R,R,"Apr 22, 1990","Overland Park, KS, US","Drafted by the Philadelphia Phillies in the 13th round of the 2011 amateur draft. Player signed June 20, 2011.","University of Kansas (Lawrence, KS)","Olathe East HS (Olathe, KS)",Colton James
167,Rey Navarro,25.123,Apr 24,"May 20, 2015",/4H,BAL,0.0,5-10,185,B,R,"Dec 22, 1989","Caguas, PR","Drafted by the Arizona Diamondbacks in the 3rd round of the 2007 amateur draft. Player signed June 11, 2007.",,"Puerto Rico Baseball Academy (Gurabo, Puerto Rico)",Reynaldo Luis
168,Angel Nesbitt,24.125,Apr 8,"Jun 10, 2015",1,DET,-0.4,6-1,240,R,R,"Dec 4, 1990","Maracay, Aragua, VE",Signed by the Detroit Tigers as an amateur free agent in 2009.,,U. E. Hilario Cabrera Diaz (Venezuela),Angel Ladimir
169,Justin Nicolino,23.210,Jun 20,"Oct 1, 2017",1/H,MIA,-0.7,6-3,195,L,L,"Nov 22, 1991","Orlando, FL, US","Drafted by the Toronto Blue Jays in the 2nd round of the 2010 amateur draft. Player signed August 7, 2010.",,"University HS (Orlando, FL)",Justin Brian
170,Rico Noel,26.234,Sep 2,"Oct 4, 2015",H/D9,NYY,0.0,5-8,170,R,R,"Jan 11, 1989","Lawton, OK, US","Drafted by the San Diego Padres in the 5th round of the 2010 amateur draft. Player signed June 21, 2010.","Coastal Carolina University (Conway, SC)","Lawton HS (Lawton, OK)",Jablonski Rico
171,Aaron Nola,22.047,Jul 21,,1,PHI,29.6,6-2,200,R,R,"Jun 4, 1993","Baton Rouge, LA, US","Drafted by the Philadelphia Phillies in the 1st round (7th pick) of the 2014 amateur draft. Player signed June 12, 2014.","Louisiana State University (Baton Rouge, LA)","Catholic HS (Baton Rouge, LA)",Aaron Michael
172,Peter O'Brien,25.058,Sep 11,"May 9, 2019",/H7,ARI,-0.8,6-4,225,R,R,"Jul 15, 1990","Hialeah, FL, US","Drafted by the New York Yankees in the 2nd round of the 2012 amateur draft. Player signed June 23, 2012.","Bethune-Cookman University (Daytona Beach, FL), University of Miami (Coral Gables, FL)","Braddock HS (Miami, FL)",Peter Robert
173,Ryan O'Rourke,27.068,Jul 7,"May 4, 2019",1,MIN,0.1,6-3,230,R,L,"Apr 30, 1988","Worcester, MA, US","Drafted by the Minnesota Twins in the 13th round of the 2010 amateur draft. Player signed June 10, 2010.","Merrimack College (North Andover, MA)","St. John's HS (Shrewsbury, MA)",Ryan Patrick
174,Scott Oberg,25.032,Apr 14,"Aug 16, 2019",1,COL,4.6,6-2,207,R,R,"Mar 13, 1990","Tewksbury, MA, US","Drafted by the Colorado Rockies in the 15th round of the 2012 amateur draft. Player signed June 8, 2012.","University of Connecticut (Storrs, CT)","Tewksbury Memorial HS (Tewksbury, MA)",Scott Michael
175,Nefi Ogando,26.098,Sep 9,"Oct 2, 2016",/1,PHI,0.1,6-0,230,R,R,"Jun 3, 1989","Santo Domingo, Distrito Nacional, DO",Signed by the Boston Red Sox as an amateur free agent in 2010.,,"Colego Mosonieo II (Santo Domingo, Dominican Republic)",Nefi Ismael
176,Héctor Olivera,30.149,Sep 1,"Apr 11, 2016",5/H,ATL,-0.3,6-2,230,R,R,"Apr 5, 1985","Santiago de Cuba, CU",Signed by the Los Angeles Dodgers as an amateur free agent in 2015.,,,Héctor
177,Tyler Olson,25.187,Apr 7,"Aug 1, 2019",1,SEA,1.3,6-3,205,R,L,"Oct 2, 1989","Spokane, WA, US","Drafted by the Seattle Mariners in the 7th round of the 2013 amateur draft. Player signed June 13, 2013.","Gonzaga University (Spokane, WA)","University HS (Spokane Valley, WA)",Tyler Ray
178,Paulo Orlando,29.159,Apr 9,"Jul 23, 2018",97H/8D,KCR,1.7,6-2,215,R,R,"Nov 1, 1985","Sao Paulo, Sao Paulo, BR",Signed by the Chicago White Sox as an amateur free agent in 2005.,,,Paulo Roberto
179,Josh Osich,26.303,Jul 3,"Jul 26, 2021",1,SFG,-0.8,6-2,235,L,L,"Sep 3, 1988","Boise, ID, US","Drafted by the San Francisco Giants in the 6th round of the 2011 amateur draft. Player signed August 15, 2011.","Oregon State University (Corvallis, OR)","Bishop Kelly HS (Boise, ID)",Joshua Michael
180,Roberto Osuna,20.060,Apr 8,"Aug 1, 2020",1,TOR,8.6,6-2,217,R,R,"Feb 7, 1995","Juan Jose Rios, Sinaloa, MX",Signed as a Free Agent with the Toronto Blue Jays in 2011.,,,Roberto
181,Henry Owens,23.014,Aug 4,"Sep 29, 2016",1,BOS,0.1,6-6,220,L,L,"Jul 21, 1992","Orange, CA, US","Drafted by the Boston Red Sox in the 1st round (36th pick) of the 2011 amateur draft. Player signed August 15, 2011.",,"Edison HS (Huntington Beach, CA)",Henry Cole
182,Jarrett Parker,26.163,Jun 13,"Jul 7, 2019",/9H78,SFG,1.1,6-4,225,L,L,"Jan 1, 1989","Fort Belvoir, VA, US","Drafted by the San Francisco Giants in the 2nd round of the 2010 amateur draft. Player signed August 16, 2010.","University of Virginia (Charlottesville, VA)","Colonial Forge HS (Stafford, VA)",Jarrett Paul
183,James Pazos,24.123,Sep 5,"Aug 30, 2020",1,NYY,0.9,6-2,252,R,L,"May 5, 1991","Gilbert, AZ, US","Drafted by the New York Yankees in the 13th round of the 2012 amateur draft. Player signed June 11, 2012.","University of San Diego (San Diego, CA)","Highland HS (Gilbert, AZ)",James Manuel
184,Ariel Pena,26.108,Sep 5,"Apr 4, 2016",/1,MIL,-0.1,6-3,245,R,R,"May 20, 1989","Los Jovillos, Azua, DO",Signed by the Los Angeles Angels of Anaheim as an amateur free agent in 2007.,,,Ariel
185,Jose Peraza,21.102,Aug 10,"Oct 3, 2021",/48H,LAD,0.8,6-0,210,R,R,"Apr 30, 1994","Barinas, Barinas, VE",Signed by the Atlanta Braves as an amateur free agent in 2010.,,,Jose Francisco
186,Carlos Perez,24.190,May 5,"Sep 30, 2018",2/H3D,LAA,1.1,6-0,210,R,R,"Oct 27, 1990","Valencia, Carabobo, VE",Signed by the Toronto Blue Jays as an amateur free agent in 2008.,,,Carlos Eduardo
187,Williams Perez,23.352,May 8,"Sep 11, 2016",1,ATL,-0.7,6-0,240,R,R,"May 21, 1991","Acarigua, Portuguesa, VE",Signed by the Atlanta Braves as an amateur free agent in 2009.,,,Williams David
188,Branden Pinder,26.079,Apr 15,"Apr 20, 2016",1,NYY,0.5,6-4,215,R,R,"Jan 26, 1989","Corona, CA, US","Drafted by the New York Yankees in the 16th round of the 2011 amateur draft. Player signed June 13, 2011.","California State University, Long Beach (Long Beach, CA), Santa Ana College (Santa Ana, CA)","Centennial HS (Corona, CA)",Branden Henry
189,Stephen Piscotty,24.188,Jul 21,,793/H8,STL,6.5,6-4,211,R,R,"Jan 14, 1991","Pleasanton, CA, US","Drafted by the St. Louis Cardinals in the 1st round (36th pick) of the 2012 amateur draft. Player signed June 16, 2012.","Stanford University (Palo Alto, CA)","Amador Valley HS (Pleasanton, CA)",Stephen Edward
190,Kevin Plawecki,24.054,Apr 21,,2/H,NYM,2.3,6-2,208,R,R,"Feb 26, 1991","Hinsdale, IL, US","Drafted by the New York Mets in the 1st round (35th pick) of the 2012 amateur draft. Player signed June 12, 2012.","Purdue University (West Lafayette, IN)","Westfield HS (Westfield, IN)",Kevin Jeffrey
191,Noe Ramirez,25.193,Jul 3,,1,BOS,1.6,6-3,205,R,R,"Dec 22, 1989","Los Angeles, CA, US","Drafted by the Boston Red Sox in the 4th round of the 2011 amateur draft. Player signed August 15, 2011.","California State University, Fullerton (Fullerton, CA)","Alhambra HS (Alhambra, CA)",Noe
192,Josh Ravin,27.132,Jun 2,"Apr 20, 2018",/1,LAD,-0.3,6-4,215,R,R,"Jan 21, 1988","West Hills, CA, US","Drafted by the Cincinnati Reds in the 5th round of the 2006 amateur draft. Player signed June 22, 2006.",,"Chatsworth Charter HS (Chatsworth, CA)",Joshua Joseph
193,Colin Rea,25.041,Aug 11,"Oct 2, 2021",/1H,SDP,-0.5,6-5,235,R,R,"Jul 1, 1990","Cascade, IA, US","Drafted by the San Diego Padres in the 12th round of the 2011 amateur draft. Player signed June 11, 2011.","Indiana State University (Terre Haute, IN)","Cascade HS (Cascade, IA)",Colin David
194,Chris Rearick,27.128,Apr 12,"Apr 25, 2015",/1,SDP,-0.2,6-3,200,L,L,"Dec 5, 1987","Pooler, GA, US","Drafted by the Tampa Bay Rays in the 41st round of the 2010 amateur draft. Player signed June 14, 2010.","University of North Georgia (Dahlonega, GA)","Savannah Christian Preparatory (Savannah, GA)",Christopher Timothy
195,Chris Reed,25.073,Aug 1,"Aug 3, 2015",/1,MIA,0.0,6-3,235,L,L,"May 20, 1990","London, London, GB","Drafted by the Los Angeles Dodgers in the 1st round (16th pick) of the 2011 amateur draft. Player signed August 12, 2011.","Stanford University (Palo Alto, CA)","Grover Cleveland HS (Reseda, CA)",Christopher William
196,Michael Reed,22.312,Sep 26,"Apr 1, 2019",/H9,MIL,-0.1,6-0,215,R,R,"Nov 18, 1992","Maplewood, MN, US","Drafted by the Milwaukee Brewers in the 5th round of the 2011 amateur draft. Player signed August 5, 2011.",,"Leander HS (Leander, TX)",Michael Benton
197,Rob Refsnyder,24.107,Jul 11,,4/H,NYY,0.4,6-0,205,R,R,"Mar 26, 1991","Seoul, Seoul, KR","Drafted by the New York Yankees in the 5th round of the 2012 amateur draft. Player signed July 6, 2012.","University of Arizona (Tucson, AZ)","Laguna Hills HS (Laguna Hills, CA)",Robert Daniel
198,Yadiel Rivera,23.143,Sep 22,"Sep 1, 2020",/465,MIL,-1.2,6-3,190,R,R,"May 2, 1992","Caguas, PR","Drafted by the Milwaukee Brewers in the 9th round of the 2010 amateur draft. Player signed June 13, 2010.",,"Manuela Toro HS (Caguas, Puerto Rico)",Yadiel
199,Kenny Roberts,27.055,May 3,"Oct 3, 2015",/1,COL,-0.2,6-1,200,L,L,"Mar 9, 1988","Murfreesboro, TN, US","Drafted by the Colorado Rockies in the 25th round of the 2010 amateur draft. Player signed June 10, 2010.","Middle Tennessee State University (Murfreesboro, TN)","Siegel HS (Murfreesboro, TN)",Kenneth Elwin
200,Hansel Robles,24.254,Apr 24,,1,NYM,2.4,6-0,220,R,R,"Aug 13, 1990","Bonao, Monsenor Nouel, DO",Signed by the New York Mets as an amateur free agent in 2008.,,"Escuela Basic Sonador (Bonao, Dominican Republic)",Hansel Manuel
201,Carlos Rodon,22.132,Apr 21,,1,CHW,16.6,6-3,245,L,L,"Dec 10, 1992","Miami, FL, US","Drafted by the Chicago White Sox in the 1st round (3rd pick) of the 2014 amateur draft. Player signed July 10, 2014.","North Carolina State University (Raleigh, NC)","Holly Springs HS (Holly Springs, NC)",Carlos Antonio
202,Eduardo Rodriguez,22.051,May 28,,1,BOS,14.2,6-2,231,L,L,"Apr 7, 1993","Valencia, Carabobo, VE",Signed by the Baltimore Orioles as an amateur free agent in 2010.,,,Eduardo Jose
203,David Rollins,25.195,Jul 4,"Sep 20, 2016",1,SEA,-0.8,6-1,210,L,L,"Dec 21, 1989","Deberry, TX, US","Drafted by the Toronto Blue Jays in the 24th round of the 2011 amateur draft. Player signed June 12, 2011.","San Jacinto College (Pasadena, TX), San Jacinto College, North Campus (Houston, TX)","First Baptist Academy (Dallas, TX), First Baptist Academy (Carthage, TX)",David Dwane
204,Eddie Rosario,23.220,May 6,,*79/H8,MIN,11.3,6-1,180,L,R,"Sep 28, 1991","Guayama, PR","Drafted by the Minnesota Twins in the 4th round of the 2010 amateur draft. Player signed June 13, 2010.",,"Rafael Lopez Landron HS (Guayama, Puerto Rico)",Eddie Manuel
205,Joe Ross,22.016,Jun 6,"Aug 10, 2021",1/DH,WSN,4.9,6-4,232,R,R,"May 21, 1993","Berkeley, CA, US","Drafted by the San Diego Padres in the 1st round (25th pick) of the 2011 amateur draft. Player signed August 15, 2011.",,"Bishop O'Dowd HS (Oakland, CA)",Joseph Andrew
206,Nick Rumbelow,23.290,Jun 23,"Mar 31, 2019",1,NYY,-0.4,6-0,190,R,R,"Sep 6, 1991","Bullard, TX, US","Drafted by the New York Yankees in the 7th round of the 2013 amateur draft. Player signed June 23, 2013.","Louisiana State University (Baton Rouge, LA)","Bullard HS (Bullard, TX)",Nicholas Bruno
207,Addison Russell,21.088,Apr 21,"Sep 29, 2019",46/H,CHC,11.3,6-0,200,R,R,"Jan 23, 1994","Pensacola, FL, US","Drafted by the Oakland Athletics in the 1st round (11th pick) of the 2012 amateur draft. Player signed June 15, 2012.",,"Pace HS (Pace, FL)",Addison Wayne
208,Tyler Saladino,25.355,Jul 10,"Jul 30, 2019",56/H3,CHW,2.5,6-0,200,R,R,"Jul 20, 1989","San Diego, CA, US","Drafted by the Chicago White Sox in the 7th round of the 2010 amateur draft. Player signed June 17, 2010.","Oral Roberts University (Tulsa, OK), Palomar College (San Marcos, CA)","Charter School of San Diego (San Diego, CA)",Tyler Artolo
209,Keyvius Sampson,24.205,Jul 30,"Sep 27, 2016",1,CIN,-1.5,6-2,225,R,R,"Jan 6, 1991","Gainesville, FL, US","Drafted by the San Diego Padres in the 4th round of the 2009 amateur draft. Player signed August 16, 2009.",,"Forest HS (Ocala, FL)",Keyvius Nathaniel
210,Gary Sanchez,22.305,Oct 3,,/H,NYY,12.6,6-2,230,R,R,"Dec 2, 1992","Santo Domingo, Distrito Nacional, DO",Signed by the New York Yankees as an amateur free agent in 2009.,,,Gary
211,Miguel Sano,22.052,Jul 2,,D/53H,MIN,7.6,6-4,272,R,R,"May 11, 1993","San Pedro de Macoris, San Pedro de Macoris, DO",Signed by the Minnesota Twins as an amateur free agent in 2009.,,,Miguel Angel
212,Scott Schebler,24.242,Jun 5,"Jun 30, 2021",H/79,LAD,2.1,6-1,228,L,R,"Oct 6, 1990","Cedar Rapids, IA, US","Drafted by the Los Angeles Dodgers in the 26th round of the 2010 amateur draft. Player signed August 16, 2010.","Des Moines Area Community College (Boone, IA)","Cedar Rapids Prairie HS (Cedar Rapids, IA)",Scott Anthony
213,A.J. Schugel,25.289,Apr 12,"Sep 29, 2017",/1,ARI,1.2,6-0,200,R,R,"Jun 27, 1989","Winter Haven, FL, US","Drafted by the Los Angeles Angels of Anaheim in the 25th round of the 2010 amateur draft. Player signed June 20, 2010.","Central Arizona College (Coolidge, AZ)","Mountain Vista HS (Highlands Ranch, CO)",Andrew Jeffrey
214,Kyle Schwarber,22.103,Jun 16,,72/HD9,CHC,11.2,6-0,229,L,R,"Mar 5, 1993","Middletown, OH, US","Drafted by the Chicago Cubs in the 1st round (4th pick) of the 2014 amateur draft. Player signed June 10, 2014.","Indiana University Bloomington (Bloomington, IN)","Middletown HS (Middletown, OH)",Kyle Joseph
215,Corey Seager,21.129,Sep 3,,6/5H,LAD,25.3,6-4,215,L,R,"Apr 27, 1994","Charlotte, NC, US","Drafted by the Los Angeles Dodgers in the 1st round (18th pick) of the 2012 amateur draft. Player signed June 30, 2012.",,"Northwest Cabarrus HS (Concord, NC)",Corey Drew
216,Luis Severino,21.166,Aug 5,,1,NYY,13.2,6-2,218,R,R,"Feb 20, 1994","Sabana de la Mar, Hato Mayor, DO",Signed by the New York Yankees as an amateur free agent in 2011.,,,Luis
217,Pedro Severino,22.062,Sep 20,,/2H,WSN,2.3,6-1,235,R,R,"Jul 20, 1993","Bonao, Monsenor Nouel, DO",Signed by the Washington Nationals as an amateur free agent in 2010.,,,Pedro
218,Richie Shaffer,24.141,Aug 3,"Oct 2, 2016",3/DH597,TBR,0.0,6-3,230,R,R,"Mar 15, 1991","Flemington, NJ, US","Drafted by the Tampa Bay Rays in the 1st round (25th pick) of the 2012 amateur draft. Player signed July 13, 2012.","Clemson University (Clemson, SC)","Providence HS (Charlotte, NC)",Richard Michael
219,Travis Shaw,25.022,May 8,,3/5H7,BOS,8.3,6-4,230,L,R,"Apr 16, 1990","Washington Court House, OH, US","Drafted by the Boston Red Sox in the 9th round of the 2011 amateur draft. Player signed June 13, 2011.","Kent State University (Kent, OH)","Washington HS (Washington Court House, OH)",Travis Richard
220,Josh A. Smith,27.320,Jun 23,"Sep 23, 2020",/1H,CIN,-0.7,6-2,210,R,R,"Aug 7, 1987","Margate, FL, US","Drafted by the Cincinnati Reds in the 21st round of the 2010 amateur draft. Player signed June 13, 2010.","Lipscomb University (Nashville, TN)","Grandview Prep (Boca Raton, FL)",Joshua Allen
221,Sammy Solis,26.263,Apr 30,"Sep 28, 2018",1,WSN,0.2,6-5,251,R,L,"Aug 10, 1988","Minneapolis, MN, US","Drafted by the Washington Nationals in the 2nd round of the 2010 amateur draft. Player signed August 14, 2010.","University of San Diego (San Diego, CA)","Agua Fria HS (Avondale, AZ)",Samuel Robert
222,Giovanni Soto,24.110,Sep 5,"Sep 27, 2015",/1,CLE,0.2,6-2,210,L,L,"May 18, 1991","Carolina, PR","Drafted by the Detroit Tigers in the 21st round of the 2009 amateur draft. Player signed June 23, 2009.",,"Advanced Central College (Carolina, Puerto Rico), Advanced Central College HS (Carolina, Puerto Rico)",Giovanni Luis
223,Cody Stanley,26.126,Apr 26,"Sep 10, 2015",/H2,STL,0.0,5-10,190,L,R,"Dec 21, 1988","Clinton, NC, US","Drafted by the St. Louis Cardinals in the 4th round of the 2010 amateur draft. Player signed June 15, 2010.","University of North Carolina at Wilmington (Wilmington, NC)","Clinton HS (Clinton, NC)",Cody Franklin
224,Ryan Strausborger,27.154,Aug 5,"Oct 4, 2015",7H/D9,TEX,-0.6,6-0,185,R,R,"Mar 4, 1988","Elkhart, IN, US","Drafted by the Texas Rangers in the 16th round of the 2010 amateur draft. Player signed June 10, 2010.","Indiana State University (Terre Haute, IN)","Elkhart Memorial HS (Elkhart, IN)",Ryan Lee
225,Darnell Sweeney,24.200,Aug 20,"Aug 1, 2018",H7/4859,PHI,-0.4,6-1,205,B,R,"Feb 1, 1991","Hollywood, FL, US","Drafted by the Los Angeles Dodgers in the 13th round of the 2012 amateur draft. Player signed June 7, 2012.","University of Central Florida (Orlando, FL)","American Heritage HS (Plantation, FL), American Senior HS (Hialeah, FL)",Darnell Thomas
226,Blake Swihart,23.029,May 2,"Aug 11, 2019",2/H,BOS,-0.3,6-0,185,B,R,"Apr 3, 1992","Bedford, TX, US","Drafted by the Boston Red Sox in the 1st round (26th pick) of the 2011 amateur draft. Player signed August 15, 2011.",,"V Sue Cleveland HS (Rio Rancho, NM)",Blake Aubry
227,Noah Syndergaard,22.256,May 12,,1,NYM,16.7,6-6,242,L,R,"Aug 29, 1992","Mansfield, TX, US","Drafted by the Toronto Blue Jays in the 1st round (38th pick) of the 2010 amateur draft. Player signed June 15, 2010.",,"Legacy HS (Mansfield, TX)",Noah Seth
228,Travis Tartamella,27.280,Sep 23,"Oct 2, 2015",/2,STL,0.0,6-0,205,R,R,"Dec 17, 1987","Fontana, CA, US","Drafted by the St. Louis Cardinals in the 19th round of the 2009 amateur draft. Player signed June 13, 2009.","California State University, Los Angeles (Los Angeles, CA)","Los Osos HS (Rancho Cucamonga, CA)",Travis Scott
229,Ryan Tepera,27.188,May 10,,1,TOR,5.2,6-1,195,R,R,"Nov 3, 1987","Houston, TX, US","Drafted by the Toronto Blue Jays in the 19th round of the 2009 amateur draft. Player signed July 1, 2009.","Sam Houston State University (Huntsville, TX)","Brazoswood HS (Clute, TX)",Dennis Ryan
230,Trayce Thompson,24.142,Aug 4,,978/HD,CHW,3.3,6-3,225,R,R,"Mar 15, 1991","Los Angeles, CA, US","Drafted by the Chicago White Sox in the 2nd round of the 2009 amateur draft. Player signed July 27, 2009.",,"Santa Margarita Catholic HS (Rancho Santa Margarita, CA)",Trayce Nikolas
231,Yasmany Tomás,24.152,Apr 15,"Jul 30, 2019",95H/73D,ARI,-2.5,6-2,260,R,R,"Nov 14, 1990","La Habana, La Habana, CU",Signed by the Arizona Diamondbacks as an amateur free agent in 2014.,,,Yasmany
232,Kelby Tomlinson,25.048,Aug 3,"Sep 30, 2018",4/H6,SFG,1.6,6-2,175,R,R,"Jun 16, 1990","Chickasha, OK, US","Drafted by the San Francisco Giants in the 12th round of the 2011 amateur draft. Player signed June 20, 2011.","Texas Tech University (Lubbock, TX)","Elgin HS (Elgin, OK)",Kelby Aaron
233,Ronald Torreyes,23.011,Sep 13,"Oct 3, 2021",/4H5,LAD,1.5,5-8,155,R,R,"Sep 2, 1992","Libertador, Distrito Federal, VE",Signed by the Cincinnati Reds as an amateur free agent in 2010.,,,Ronald Alcides
234,Matt Tracy,26.136,Apr 11,"Apr 11, 2015",/1,NYY,-0.1,6-3,215,L,L,"Nov 26, 1988","St. Louis, MO, US","Drafted by the New York Yankees in the 24th round of the 2011 amateur draft. Player signed June 13, 2011.","University of Mississippi (Oxford, MS)","Christian Brothers College HS (St. Louis, MO)",Matthew John
235,Devon Travis,24.044,Apr 6,"Sep 21, 2018",4/H,TOR,5.8,5-9,195,R,R,"Feb 21, 1991","West Palm Beach, FL, US","Drafted by the Detroit Tigers in the 13th round of the 2012 amateur draft. Player signed July 3, 2012.","Florida State University (Tallahassee, FL)","Palm Beach Central HS (Wellington, FL)",Devon Anthony
236,Preston Tucker,24.305,May 7,"Sep 30, 2018",7H9/D,HOU,-1.0,6-0,210,L,L,"Jul 6, 1990","Tampa, FL, US","Drafted by the Houston Astros in the 7th round of the 2012 amateur draft. Player signed July 17, 2012.","University of Florida (Gainesville, FL)","H. B. Plant HS (Tampa, FL)",Preston Michael
237,Trea Turner,22.052,Aug 21,,H4/6,WSN,29.7,6-2,185,R,R,"Jun 30, 1993","Boynton Beach, FL, US","Drafted by the San Diego Padres in the 1st round (13th pick) of the 2014 amateur draft. Player signed June 13, 2014.","North Carolina State University (Raleigh, NC)","Park Vista Community HS (Lake Worth, FL)",Trea Vance
238,Jose Urena,23.214,Apr 14,,1,MIA,1.5,6-2,208,R,R,"Sep 12, 1991","Santo Domingo, Distrito Nacional, DO",Signed by the Florida Marlins as an amateur free agent in 2008.,,,Jose Miguel
239,Gio Urshela,23.241,Jun 9,,5/H,CLE,8.3,6-0,215,R,R,"Oct 11, 1991","Cartagena, Bolivar, CO",Signed by the Cleveland Indians as an amateur free agent in 2008.,,,Giovanny
240,Jose Valdez,25.152,Jul 31,"May 18, 2018",/1,DET,-0.5,5-11,210,R,R,"Mar 1, 1990","Don Gregorio, Peravia, DO",Signed by the Detroit Tigers as an amateur free agent in 2009.,,,Jose Alfredo
241,Felipe Vazquez,23.286,Apr 17,"Sep 12, 2019",1,WSN,8.2,6-2,225,L,L,"Jul 5, 1991","San Felipe, Yaracuy, VE",Signed by the Tampa Bay Rays as an amateur free agent in 2008.,,,Felipe Javier
242,Vince Velasquez,23.003,Jun 10,,1,HOU,5.0,6-3,212,R,R,"Jun 7, 1992","Montclair, CA, US","Drafted by the Houston Astros in the 2nd round of the 2010 amateur draft. Player signed June 25, 2010.",,"Garey HS (Pomona, CA)",Vincent John
243,Pat Venditte,29.340,Jun 5,"Aug 18, 2020",1,OAK,-0.2,6-0,186,L,B,"Jun 30, 1985","Omaha, NE, US","Drafted by the New York Yankees in the 20th round of the 2008 amateur draft. Player signed June 10, 2008.","Creighton University (Omaha, NE)","Central HS (Omaha, NE)",Patrick Michael
244,Logan Verrett,24.293,Apr 8,"Jun 11, 2017",/1,TEX,0.3,6-2,190,R,R,"Jun 19, 1990","The Woodlands, TX, US","Drafted by the New York Mets in the 3rd round of the 2011 amateur draft. Player signed August 15, 2011.","Baylor University (Waco, TX)","Calallen HS (Corpus Christi, TX)",Scott Logan
245,Tyler Wagner,24.127,May 31,"Apr 24, 2016",/1,MIL,0.1,6-3,205,R,R,"Jan 24, 1991","Las Vegas, NV, US","Drafted by the Milwaukee Brewers in the 4th round of the 2012 amateur draft. Player signed June 15, 2012.","University of Utah (Salt Lake City, UT)","Bishop Gorman HS (Las Vegas, NV)",Tyler Joseph
246,Kyle Waldrop,23.249,Aug 2,"Aug 16, 2016",/H,CIN,-0.2,6-2,215,L,L,"Nov 26, 1991","Fort Myers, FL, US","Drafted by the Cincinnati Reds in the 12th round of the 2010 amateur draft. Player signed August 9, 2010.",,"Riverdale HS (Fort Myers, FL)",Kyle Michael
247,Ryan Weber,25.027,Sep 8,,/1,ATL,1.0,6-1,175,R,R,"Aug 12, 1990","St. Petersburg, FL, US","Drafted by the Atlanta Braves in the 22nd round of the 2009 amateur draft. Player signed July 25, 2009.","St. Petersburg College (St. Petersburg, FL)","Clearwater Central Catholic HS (Clearwater, FL)",James Ryan
248,Mason Williams,23.295,Jun 12,"Jun 19, 2021",/8,NYY,-0.4,6-1,195,L,R,"Aug 21, 1991","Pawtucket, RI, US","Drafted by the New York Yankees in the 4th round of the 2010 amateur draft. Player signed August 16, 2010.",,"West Orange HS (Winter Garden, FL)",Mason Jordan
249,Mac Williamson,25.070,Sep 23,"Jul 14, 2019",/79DH,SFG,0.1,6-4,237,R,R,"Jul 15, 1990","Jacksonville, FL, US","Drafted by the San Francisco Giants in the 3rd round of the 2012 amateur draft. Player signed July 11, 2012.","Wake Forest University (Winston-Salem, NC)","Wake Forest HS (Wake Forest, NC)",Johnathan Mackensey
250,Tyler Wilson,25.237,May 20,"Jul 4, 2017",/1,BAL,0.5,6-2,185,R,R,"Sep 25, 1989","Lynchburg, VA, US","Drafted by the Baltimore Orioles in the 10th round of the 2011 amateur draft. Player signed July 11, 2011.","University of Virginia (Charlottesville, VA)","Midlothian HS (Midlothian, VA)",Philip Tyler
251,Dan Winkler,25.231,Sep 21,"Aug 16, 2021",/1,ATL,0.8,6-3,205,R,R,"Feb 2, 1990","Effingham, IL, US","Drafted by the Colorado Rockies in the 20th round of the 2011 amateur draft. Player signed June 19, 2011.","Parkland College (Champaign, IL), University of Central Florida (Orlando, FL)","St. Anthony HS (Effingham, IL)",Daniel Allen
252,Matt Wisler,22.280,Jun 19,,1/H,ATL,1.6,6-3,215,R,R,"Sep 12, 1992","Bryan, OH, US","Drafted by the San Diego Padres in the 7th round of the 2011 amateur draft. Player signed August 2, 2011.",,"Bryan HS (Bryan, OH)",Matthew Robert
253,Asher Wojciechowski,26.109,Apr 9,"Jul 21, 2021",/1,HOU,-0.3,6-4,235,R,R,"Dec 21, 1988","Pensacola, FL, US","Drafted by the Toronto Blue Jays in the 1st round (41st pick) of the 2010 amateur draft. Player signed June 16, 2010.","The Citadel (Charleston, SC)","Beaufort HS (Beaufort, SC)",Randall Asher
254,Mike Wright Jr.,25.134,May 17,"Sep 29, 2021",1,BAL,-1.7,6-6,240,R,R,"Jan 3, 1990","Bennettsville, SC, US","Drafted by the Baltimore Orioles in the 3rd round of the 2011 amateur draft. Player signed June 20, 2011.","East Carolina University (Greenville, NC)","Whiteville HS (Whiteville, NC)",Dennis Michael
255,Tony Zych,25.028,Sep 4,"Aug 19, 2017",1,SEA,1.6,6-3,190,R,R,"Aug 7, 1990","Monee, IL, US","Drafted by the Chicago Cubs in the 4th round of the 2011 amateur draft. Player signed August 15, 2011.","University of Louisville (Louisville, KY)","St. Rita of Cascia HS (Chicago, IL)",Anthony Aaron
