Rk,Name,Age,Debut,LastGame,Pos,Tm,WAR,Ht,Wt,B,T,Birthdate,Birthplace,Draft/Signing,Schools,HighSchool,GivenName
1,Jeff Abbott,24.297,Jun 10,"Sep 29, 2001",/H79D8,CHW,-1.4,6-2,190,R,L,"Aug 17, 1972","Atlanta, GA, US","Drafted by the Chicago White Sox in the 4th round of the 1994 amateur draft. Player signed June 5, 1994.","University of Kentucky (Lexington, KY)","Dunwoody HS (Dunwoody, GA)",Jeffrey William
2,Antonio Alfonseca,25.062,Jun 17,"Sep 23, 2007",1,FLA,3.7,6-5,250,R,R,"Apr 16, 1972","La Romana, La Romana, DO",Signed by the Montreal Expos as an amateur free agent in 1989.,,"La Romana (La Romana, Dominican Republic)",Antonio
3,Carlos Almanzar,23.302,Sep 4,"Apr 30, 2005",/1,TOR,1.6,6-2,166,R,R,"Nov 6, 1973","Santiago, Santiago, DO",Signed by the Toronto Blue Jays as an amateur free agent in 1990.,,"Santo Domingo (Santo Domingo, Dominican Republic)",Carlos Manuel
4,Bruce Aven,25.176,Aug 27,"May 27, 2002",7/H98,CLE,1.6,5-9,180,R,R,"Mar 4, 1972","Orange, TX, US","Drafted by the Cleveland Indians in the 30th round of the 1994 amateur draft. Player signed June 4, 1994.","Lamar University (Beaumont, TX)","West Orange-Stark HS (West Orange, TX)",David Bruce
5,Manny Aybar,25.092,Aug 4,"Jun 10, 2005",1,STL,-1.2,6-1,165,R,R,"May 4, 1972","Bani, Peravia, DO",Signed by the St. Louis Cardinals as an amateur free agent in 1991.,,"Bani (Bani, Dominican Republic)",Manuel Antonio
6,Manuel Barrios,22.360,Sep 16,"Jul 3, 1998",/1,HOU,-0.1,6-0,170,R,R,"Sep 21, 1974","Cabecera, Chiriqui, PA",Signed by the Houston Astros as an amateur free agent in 1993.,,"Cabecera (Cabecera, Panama)",Manuel Antonio
7,Mark Bellhorn,22.291,Jun 10,"Sep 30, 2007",54H/D6,OAK,8.0,6-1,195,B,R,"Aug 23, 1974","South Weymouth, MA, US","Drafted by the Oakland Athletics in the 2nd round of the 1995 amateur draft. Player signed June 24, 1995.","Auburn University (Auburn, AL)","Oviedo HS (Oviedo, FL)",Mark Christian
8,Rigo Beltran,27.201,Jun 2,"Apr 28, 2004",1,STL,0.5,5-11,185,L,L,"Nov 13, 1969","Tijuana, Baja California, MX","Drafted by the St. Louis Cardinals in the 26th round of the 1991 amateur draft. Player signed June 9, 1991.","University of Wyoming (Laramie, WY)","Point Loma HS (San Diego, CA)",Rigoberto
9,Shayne Bennett,25.134,Aug 22,"Aug 15, 1999",1,MON,-1.5,6-5,200,R,R,"Apr 10, 1972","Adelaide, South Australia, AU","Drafted by the Boston Red Sox in the 25th round of the 1993 amateur draft. Player signed June 5, 1993.","College of DuPage (Glen Ellyn, IL), Parkland College (Champaign, IL)",,Shayne Anthony
10,Jeff Berblinger,26.292,Sep 7,"Sep 27, 1997",/4H,STL,-0.2,6-0,190,R,R,"Nov 19, 1970","Wichita, KS, US","Drafted by the St. Louis Cardinals in the 7th round of the 1993 amateur draft. Player signed June 24, 1993.","University of Kansas (Lawrence, KS)",,Jeffrey James
11,Steve Bieser,29.240,Apr 1,"Jul 28, 1998",H8/729,NYM,-0.1,5-10,170,L,R,"Aug 4, 1967","Perryville, MO, US","Drafted by the Philadelphia Phillies in the 32nd round of the 1989 amateur draft. Player signed June 12, 1989.","Jefferson College (Hillsboro, MO), Southeast Missouri State University (Cape Girardeau, MO)","St. Genevieve HS (St. Genevieve, MO)",Steven Ray
12,Henry Blanco,25.330,Jul 25,"Sep 23, 2013",/H35,LAD,-0.1,5-11,220,R,R,"Aug 29, 1971","Caracas, Distrito Federal, VE",Signed by the Los Angeles Dodgers as an amateur free agent in 1989.,,"Antonio Jose de Sucre (Caracas, Venezuela)",Henry Ramon
13,Aaron Boone,24.103,Jun 20,"Oct 4, 2009",5/H4,CIN,13.6,6-2,190,R,R,"Mar 9, 1973","La Mesa, CA, US","Drafted by the Cincinnati Reds in the 3rd round of the 1994 amateur draft. Player signed June 7, 1994.","University of Southern California (Los Angeles, CA)","Villa Park HS (Villa Park, CA)",Aaron John
14,Mike Bovee,24.023,Sep 13,"Sep 28, 1997",/1,ANA,0.0,5-10,200,R,R,"Aug 21, 1973","San Diego, CA, US","Drafted by the Kansas City Royals in the 6th round of the 1991 amateur draft. Player signed June 10, 1991.",,"Mira Mesa HS (San Diego, CA)",Michael Craig
15,Shane Bowers,25.364,Jul 26,"Aug 16, 1997",/1,MIN,-0.5,6-4,215,R,R,"Jul 27, 1971","Glendora, CA, US","Drafted by the Minnesota Twins in the 21st round of the 1993 amateur draft. Player signed June 11, 1993.","Loyola Marymount University (Los Angeles, CA)","Charter Oak HS (Covina, CA)",Shane Patrick
16,Chris Brock,27.126,Jun 11,"Sep 28, 2002",/1,ATL,1.2,6-0,175,R,R,"Feb 5, 1970","Orlando, FL, US","Drafted by the Atlanta Braves in the 12th round of the 1992 amateur draft. Player signed June 4, 1992.","Florida State University (Tallahassee, FL)","Lyman HS (Longwood, FL)",Terrence Christopher
17,Adrian Brown,23.098,May 16,"May 23, 2006",8H/9,PIT,-0.4,6-0,175,B,R,"Feb 7, 1974","McComb, MS, US","Drafted by the Pittsburgh Pirates in the 48th round of the 1992 amateur draft. Player signed June 4, 1992.",,"McComb HS (McComb, MS)",Adrian Demond
18,Emil Brown,22.095,Apr 3,"Jun 6, 2009",H7/89,PIT,0.9,6-2,195,R,R,"Dec 29, 1974","Chicago, IL, US","Drafted by the Oakland Athletics in the 6th round of the 1994 amateur draft. Player signed July 17, 1994.","Indian River State College (Fort Pierce, FL)","Harlan HS (Chicago, IL)",Emil Quincy
19,Homer Bush,24.277,Aug 16,"Jun 8, 2004",/4HD,NYY,3.0,5-10,180,R,R,"Nov 12, 1972","East St. Louis, IL, US","Drafted by the San Diego Padres in the 7th round of the 1991 amateur draft. Player signed June 7, 1991.",,"East St. Louis HS (East St. Louis, IL)",Homer Giles
20,Rich Butler,24.128,Sep 6,"Aug 4, 1999",/7HD,TOR,-0.2,6-1,180,L,R,"May 1, 1973","Toronto, ON, CA",Signed by the Toronto Blue Jays as an amateur free agent in 1990.,,"East York HS (East York, ON)",Richard Dwight
21,Jose Cabrera,25.113,Jul 15,"Sep 25, 2002",1,HOU,-0.4,6-0,205,R,R,"Mar 24, 1972","La Delgada, Santiago, DO",Signed by the Cleveland Indians as an amateur free agent in 1990.,,"Santiago (Santiago, Dominican Republic)",Jose Alberto
22,Orlando Cabrera,22.305,Sep 3,"Sep 23, 2011",/H64,MON,21.3,5-10,195,R,R,"Nov 2, 1974","Cartagena, Bolivar, CO",Signed by the Montreal Expos as an amateur free agent in 1993.,,"Cartagena (Cartagena, Colombia)",Orlando Luis
23,Chris Carpenter,22.015,May 12,"Oct 2, 2012",1,TOR,34.2,6-6,230,R,R,"Apr 27, 1975","Exeter, NH, US","Drafted by the Toronto Blue Jays in the 1st round (15th pick) of the 1993 amateur draft. Player signed August 10, 1993.",,"Trinity HS (Manchester, NH)",Christopher John
24,Sean Casey,23.072,Sep 12,"Sep 28, 2008",/DH3,CLE,16.5,6-4,215,L,R,"Jul 2, 1974","Willingboro, NJ, US","Drafted by the Cleveland Indians in the 2nd round of the 1995 amateur draft. Player signed June 24, 1995.","University of Richmond (Richmond, VA)","Upper St. Clair HS (Upper St. Clair, PA)",Sean Thomas
25,Carlos Castillo,21.346,Apr 2,"Jul 22, 2001",1,CHW,0.7,6-2,240,R,R,"Apr 21, 1975","Boston, MA, US","Drafted by the Chicago White Sox in the 3rd round of the 1994 amateur draft. Player signed June 4, 1994.",,"Southwest Miami HS (Miami, FL)",Carlos
26,Frank Catalanotto,23.129,Sep 3,"May 10, 2010",/4HD,DET,14.5,6-0,170,L,R,"Apr 27, 1974","Smithtown, NY, US","Drafted by the Detroit Tigers in the 10th round of the 1992 amateur draft. Player signed June 2, 1992.",,"Smithtown East HS (St. James, NY)",Frank John
27,Mike Cather,26.208,Jul 13,"Apr 12, 1999",1,ATL,0.5,6-2,195,R,R,"Dec 17, 1970","San Diego, CA, US","Drafted by the Texas Rangers in the 41st round of the 1993 amateur draft. Player signed June 5, 1993.","University of California, Berkeley (Berkeley, CA)","Folsom HS (Folsom, CA)",Michael Peter
28,Anthony Chavez,26.315,Sep 2,"Sep 27, 1997",/1,ANA,0.4,5-11,180,R,R,"Oct 22, 1970","Turlock, CA, US","Drafted by the California Angels in the 50th round of the 1992 amateur draft. Player signed June 7, 1992.","Merced College (Merced, CA), San Jose State University (San Jose, CA)","Merced HS (Merced, CA)",Anthony Francisco
29,Robinson Checo,26.007,Sep 16,"Oct 3, 1999",/1,BOS,-0.7,6-1,165,R,R,"Sep 9, 1971","Santiago, Santiago, DO",Signed by the California Angels as an amateur free agent in 1989.,,"Santiago (Santiago, Dominican Republic)",Robinson
30,Chris Clemons,24.265,Jul 23,"Aug 14, 1997",/1,CHW,-0.3,6-4,220,R,R,"Oct 31, 1972","Baytown, TX, US","Drafted by the Chicago White Sox in the 1st round (33rd pick) of the 1994 amateur draft. Player signed June 16, 1994.","Texas A&M University (College Station, TX)","McGregor HS (McGregor, TX)",Christopher Hale
31,Ken Cloude,22.212,Aug 9,"Oct 3, 1999",1,SEA,-1.7,6-1,200,R,R,"Jan 9, 1975","Baltimore, MD, US","Drafted by the Seattle Mariners in the 6th round of the 1993 amateur draft. Player signed August 15, 1993.",,"McDonogh School (Owings Mill, MD)",Kenneth Brian
32,Danny Clyburn,23.162,Sep 15,"Jun 2, 1999",/7H,BAL,-0.4,6-3,220,R,R,"Apr 6, 1974","Lancaster, SC, US","Drafted by the Pittsburgh Pirates in the 2nd round of the 1992 amateur draft. Player signed June 3, 1992.",,"Lancaster HS (Lancaster, SC)",Danny
33,Michael Coleman,22.016,Sep 1,"May 16, 2001",/8H,BOS,-0.7,5-11,180,R,R,"Aug 16, 1975","Nashville, TN, US","Drafted by the Boston Red Sox in the 18th round of the 1994 amateur draft. Player signed June 8, 1994.",,"Stratford HS (Nashville, TN)",Michael Donnell
34,Lou Collier,23.311,Jun 28,"Sep 30, 2004",6/H,PIT,-0.5,5-10,170,R,R,"Aug 21, 1973","Chicago, IL, US","Drafted by the Pittsburgh Pirates in the 31st round of the 1992 amateur draft. Player signed May 31, 1993.","Kishwaukee College (Malta, IL), Triton College (River Grove, IL)","Vocational HS (Chicago, IL)",Louis Keith
35,Bartolo Colon,23.315,Apr 4,"Sep 22, 2018",1,CLE,46.2,5-11,285,R,R,"May 24, 1973","Altamira, Puerto Plata, DO",Signed by the Cleveland Indians as an amateur free agent in 1993.,,"Puerto Plata (Puerto Plata, Dominican Republic)",Bartolo
36,Joe Crawford,26.340,Apr 7,"Sep 27, 1997",1/H,NYM,0.5,6-3,225,L,L,"May 2, 1970","Gainesville, FL, US","Drafted by the New York Mets in the 17th round of the 1991 amateur draft. Player signed June 10, 1991.","Kent State University (Kent, OH)","Hillsboro HS (Hillsboro, OH)",Joseph Randal
37,Jim Crowell,23.121,Sep 12,"May 17, 2005",/1,CIN,-0.6,6-4,220,L,L,"May 14, 1974","Minneapolis, MN, US",Signed by the Cleveland Indians as an amateur free agent in 1995.,"University of Indianapolis (Indianapolis, IN)","Valparaiso HS (Valparaiso, IN)",James Everette
38,Deivi Cruz,24.146,Apr 1,"Oct 2, 2005",*6,DET,7.4,5-11,160,R,R,"Nov 6, 1972","Bani, Peravia, DO",Signed by the San Francisco Giants as an amateur free agent in 1993.,,Liceo Aliro Paulino Nizao (Dominican Republic),Deivi
39,Ivan Cruz,29.076,Jul 18,"Sep 27, 2002",/HD37,NYY,-0.1,6-3,210,L,L,"May 3, 1968","Fajardo, PR","Drafted by the Detroit Tigers in the 28th round of the 1989 amateur draft. Player signed June 12, 1989.","Jacksonville University (Jacksonville, FL)","Colegio Santiago Apostal (Fajardo, Puerto Rico)",Luis Ivan
40,Jose Cruz,23.042,May 31,"Jun 5, 2008",7/H,SEA,19.6,6-0,190,B,R,"Apr 19, 1974","Arroyo, PR","Drafted by the Seattle Mariners in the 1st round (3rd pick) of the 1995 amateur draft. Player signed July 20, 1995.","Rice University (Houston, TX)","Bellaire HS (Bellaire, TX)",Jose Luis
41,Nelson Cruz,24.322,Aug 1,"Jul 9, 2003",1,CHW,1.5,6-1,175,R,R,"Sep 13, 1972","Puerto Plata, Puerto Plata, DO",Signed by the Montreal Expos as an amateur free agent in 1989.,,Liceo Jose Castellanos (Dominican Republic),Nelson
42,Will Cunnane,22.344,Apr 3,"May 7, 2004",1/H,SDP,-0.8,6-1,200,R,R,"Apr 24, 1974","Suffern, NY, US",Signed by the Florida Marlins as an amateur free agent in 1992.,"Rockland Community College (Suffern, NY)","North HS (Clarkstown, NY)",William Joseph
43,Roland de la Maza,25.319,Sep 26,"Sep 26, 1997",/1,KCR,0.0,6-2,195,R,R,"Nov 11, 1971","Granada Hills, CA, US","Drafted by the Cleveland Indians in the 15th round of the 1993 amateur draft. Player signed June 5, 1993.","College of the Canyons (Santa Clarita, CA), California State University, Sacramento (Sacramento, CA)","St. Genevieve HS (Reseda, CA)",Roland Robert
44,Rick DeHart,27.117,Jul 16,"Jun 8, 2003",1,MON,-1.8,6-1,180,L,L,"Mar 21, 1970","Topeka, KS, US",Signed by the Montreal Expos as an amateur free agent in 1992.,"Fort Scott Community College (Fort Scott, KS), Washburn University (Topeka, KS)","Seaman HS (Topeka, KS)",Richard Allen
45,Mike DeJean,26.216,May 2,"Apr 7, 2006",1,COL,6.6,6-2,205,R,R,"Sep 28, 1970","Baton Rouge, LA, US","Drafted by the New York Yankees in the 24th round of the 1992 amateur draft. Player signed June 7, 1992.","Mississippi Delta Community College (Moorhead, MS), University of West Alabama (Livingston, AL)","Walker HS (Walker, LA)",Michel Dwain
46,David Dellucci,23.215,Jun 3,"Jul 22, 2009",/H9D7,BAL,2.5,5-10,180,L,L,"Oct 31, 1973","Baton Rouge, LA, US","Drafted by the Baltimore Orioles in the 10th round of the 1995 amateur draft. Player signed July 8, 1995.","University of Mississippi (Oxford, MS)","Catholic HS (Baton Rouge, LA)",David Michael
47,Eddy Diaz,25.200,Apr 17,"May 21, 1997",4/H56,MIL,-0.4,5-10,160,R,R,"Sep 29, 1971","Barquisimeto, Lara, VE",Signed by the Seattle Mariners as an amateur free agent in 1990.,,"Barquisimeto (Barquisimeto, Venezuela)",Eddy Javier
48,Todd Dunwoody,22.029,May 10,"Jun 21, 2002",/87H,FLA,-1.5,6-1,190,L,L,"Apr 11, 1975","Lafayette, IN, US","Drafted by the Florida Marlins in the 7th round of the 1993 amateur draft. Player signed July 1, 1993.",,"Harrison HS (West Lafayette, IN)",Todd Franklin
49,Roberto Duran,24.122,Jul 6,"May 28, 1998",1,DET,-0.1,6-0,167,L,L,"Mar 6, 1973","Moca, Espaillat, DO",Signed by the Los Angeles Dodgers as an amateur free agent in 1990.,,"Liceo Domingo Fatino (Moca, Dominican Republic)",Roberto Alejandro
50,Juan Encarnacion,21.178,Sep 2,"Aug 30, 2007",9/8H,DET,8.6,6-2,160,R,R,"Mar 8, 1976","Las Matas de Farfan, San Juan, DO",Signed by the Detroit Tigers as an amateur free agent in 1992.,,"Mercedes Maria Mateo (Las Matas, Dominican Republic)",Juan de Dios
51,Todd Erdos,23.199,Jun 8,"Oct 5, 2001",1,SDP,-0.2,6-1,205,R,R,"Nov 21, 1973","Washington, PA, US","Drafted by the San Diego Padres in the 9th round of the 1992 amateur draft. Player signed June 15, 1992.",,"Meadville HS (Meadville, PA)",Todd Michael
52,Kelvim Escobar,21.079,Jun 29,"Jun 6, 2009",1,TOR,24.4,6-1,205,R,R,"Apr 11, 1976","La Guaira, La Guaira, VE",Signed by the Toronto Blue Jays as an amateur free agent in 1992.,,"La Guaira (La Guaira, Venezuela)",Kelvim Jose
53,Tom Evans,23.055,Sep 2,"May 10, 2000",5,TOR,-0.1,6-1,200,R,R,"Jul 9, 1974","Kirkland, WA, US","Drafted by the Toronto Blue Jays in the 4th round of the 1992 amateur draft. Player signed June 26, 1992.",,"Juanita HS (Kirkland, WA)",Thomas John
54,Scott Eyre,25.063,Aug 1,"Oct 4, 2009",1,CHW,7.3,6-1,160,L,L,"May 30, 1972","Inglewood, CA, US","Drafted by the Texas Rangers in the 9th round of the 1991 amateur draft. Player signed August 19, 1991.","College of Southern Idaho (Twin Falls, ID)","Cyprus HS (Magna, UT)",Scott Alan
55,Steve Falteisek,25.175,Jul 22,"May 23, 1999",/1,MON,-0.3,6-2,200,R,R,"Jan 28, 1972","Mineola, NY, US","Drafted by the Montreal Expos in the 10th round of the 1992 amateur draft. Player signed June 4, 1992.","University of South Alabama (Mobile, AL)","Memorial HS (Floral Park, NY)",Steven James
56,Mike Figga,27.047,Sep 16,"Oct 3, 1999",/2DH,NYY,-0.8,6-0,200,R,R,"Jul 31, 1970","Tampa, FL, US","Drafted by the New York Yankees in the 44th round of the 1989 amateur draft. Player signed May 21, 1990.","College of Central Florida (Ocala, FL)","A. P. Leto HS (Tampa, FL)",Michael Anthony
57,Tom Fordham,23.180,Aug 19,"Aug 30, 1998",/1,CHW,-0.6,6-2,210,L,L,"Feb 20, 1974","San Diego, CA, US","Drafted by the Chicago White Sox in the 11th round of the 1993 amateur draft. Player signed June 4, 1993.","Grossmont College (El Cajon, CA)","Granite Hills HS (El Cajon, CA)",Thomas James
58,Keith Foulke,24.214,May 21,"Sep 18, 2008",1,SFG,20.7,6-0,195,R,R,"Oct 19, 1972","Ellsworth Air Force Base, SD, US","Drafted by the San Francisco Giants in the 9th round of the 1994 amateur draft. Player signed June 3, 1994.","Galveston College (Galveston, TX), Lewis-Clark State College (Lewiston, ID)","Hargrave HS (Huffman, TX)",Keith Charles
59,Chad Fox,26.313,Jul 13,"May 9, 2009",1,ATL,2.8,6-2,180,R,R,"Sep 3, 1970","Coronado, CA, US","Drafted by the Cincinnati Reds in the 23rd round of the 1992 amateur draft. Player signed June 5, 1992.","Blinn College (Brenham, TX), Tarleton State University (Stephenville, TX)","Westfield HS (Houston, TX)",Chad Douglas
60,Micah Franklin,25.018,May 13,"Jun 28, 1997",/9H7,STL,0.3,6-0,205,B,R,"Apr 25, 1972","San Francisco, CA, US","Drafted by the New York Mets in the 3rd round of the 1990 amateur draft. Player signed June 10, 1990.",,"Abraham Lincoln HS (San Francisco, CA)",Micah Ishanti
61,Hanley Frias,23.198,Jun 21,"Oct 1, 2000",6/H4,TEX,-0.4,6-0,160,B,R,"Dec 5, 1973","Villa Altagracia, San Cristobal, DO",Signed by the Texas Rangers as an amateur free agent in 1990.,,"Villa Altagracia (Villa Altagracia, Dominican Republic)",Hanley
62,Brad Fullmer,22.228,Sep 2,"Jul 24, 2004",H/37,MON,6.0,6-1,185,L,R,"Jan 17, 1975","Chatsworth, CA, US","Drafted by the Montreal Expos in the 2nd round of the 1993 amateur draft. Player signed September 8, 1993.",,"Montclair Prep HS (Van Nuys, CA)",Bradley Ryan
63,Eddie Gaillard,26.363,Aug 11,"Oct 3, 1999",1,DET,-0.1,6-1,180,R,R,"Aug 13, 1970","Camden, NJ, US","Drafted by the Detroit Tigers in the 13th round of the 1993 amateur draft. Player signed June 5, 1993.","Florida Southern College (Lakeland, FL)","Forest Hill HS (West Palm Beach, FL)",Julian Edward
64,Shawn Gilbert,32.082,Jun 2,"Jul 2, 2000",H/4657,NYM,-0.5,5-9,170,R,R,"Mar 12, 1965","Camden, NJ, US","Drafted by the Minnesota Twins in the 12th round of the 1987 amateur draft. Player signed June 3, 1987.","Golden West College (Huntington Beach, CA), Arizona State University (Tempe, AZ), California State University, Fresno (Fresno, CA)","Agua Fria HS (Avondale, AZ)",Albert Shawn
65,Wayne Gomes,24.149,Jun 13,"Sep 28, 2002",1,PHI,0.1,6-2,215,R,R,"Jan 15, 1973","Hampton, VA, US","Drafted by the Philadelphia Phillies in the 1st round (4th pick) of the 1993 amateur draft. Player signed July 27, 1993.","Old Dominion University (Norfolk, VA)","Phoebus HS (Hampton, VA)",Wayne Maurice
66,Geremi Gonzalez,22.139,May 27,"Sep 26, 2006",1,CHC,2.1,6-2,200,R,R,"Jan 8, 1975","Maracaibo, Zulia, VE",Signed by the Chicago Cubs as an amateur free agent in 1991.,,"La Chinita (Maracaibo, Venezuela)",Geremis Segundo
67,Rick Gorecki,24.014,Sep 10,"Apr 17, 1998",/1,LAD,-0.2,6-3,167,R,R,"Aug 27, 1973","Evergreen Park, IL, US","Drafted by the Los Angeles Dodgers in the 19th round of the 1991 amateur draft. Player signed June 9, 1991.",,"Oak Forest HS (Oak Forest, IL)",Richard John
68,Scarborough Green,23.054,Aug 2,"Oct 1, 2000",8/7H,STL,-1.1,5-10,170,B,R,"Jun 9, 1974","Creve Coeur, MO, US","Drafted by the St. Louis Cardinals in the 10th round of the 1992 amateur draft. Player signed May 11, 1993.","St. Louis Community College, Meramec Campus (Kirkwood, MO)","Lafayette HS (Wildwood, MO)",Bertrum Scarborough
69,Ben Grieve,21.122,Sep 3,"Oct 2, 2005",9/H,OAK,8.4,6-4,200,L,R,"May 4, 1976","Arlington, TX, US","Drafted by the Oakland Athletics in the 1st round (2nd pick) of the 1994 amateur draft. Player signed June 9, 1994.",,"James W. Martin HS (Arlington, TX)",Benjamin
70,Giomar Guevara,24.331,Sep 19,"Apr 27, 1999",/4DH6,SEA,-0.4,5-8,150,B,R,"Oct 23, 1972","Guarenas, Miranda, VE",Signed by the Seattle Mariners as an amateur free agent in 1990.,,"Guarenas (Guarenas, Venezuela)",Giomar Antonio
71,Jose Guillen,20.319,Apr 1,"Oct 3, 2010",*9/H8,PIT,6.4,5-11,165,R,R,"May 17, 1976","San Cristobal, San Cristobal, DO",Signed by the Pittsburgh Pirates as an amateur free agent in 1992.,,"San Cristobal (San Cristobal, Dominican Republic)",Jose Manuel
72,Mike Gulan,26.147,May 14,"Oct 6, 2001",/H5,STL,-0.3,6-1,192,R,R,"Dec 18, 1970","Steubenville, OH, US","Drafted by the St. Louis Cardinals in the 2nd round of the 1992 amateur draft. Player signed June 3, 1992.","Kent State University (Kent, OH)","Catholic Central HS (Steubenville, OH)",Michael Watts
73,Shane Halter,27.149,Apr 6,"Oct 3, 2004",H4958/76D,KCR,6.3,5-10,160,R,R,"Nov 8, 1969","La Plata, MD, US","Drafted by the Kansas City Royals in the 5th round of the 1991 amateur draft. Player signed June 4, 1991.","Seminole State College (Seminole, OK), Seminole State College of Florida (Sanford, FL), University of Texas at Austin (Austin, TX)","Hooks HS (Hooks, TX)",Shane David
74,Jed Hansen,24.344,Jul 29,"Sep 22, 1999",4/H,KCR,-0.3,6-1,195,R,R,"Aug 19, 1972","Tacoma, WA, US","Drafted by the Kansas City Royals in the 2nd round of the 1994 amateur draft. Player signed June 24, 1994.","Stanford University (Palo Alto, CA)","Capital HS (Olympia, WA)",Jed Ramon
75,Shigetoshi Hasegawa,28.247,Apr 5,"Sep 28, 2005",1,ANA,11.6,5-11,160,R,R,"Aug 1, 1968","Kobe, Hyogo, JP",,Ritsumeikan University (Japan),Toyodai Himeji HS (Japan),Shigetoshi
76,Gary Haught,26.290,Jul 16,"Aug 2, 1997",/1,OAK,-0.1,6-1,190,B,R,"Sep 29, 1970","Tacoma, WA, US","Drafted by the Oakland Athletics in the 22nd round of the 1992 amateur draft. Player signed June 7, 1992.","University of Louisiana at Lafayette (Lafayette, LA)","Choctaw HS (Choctaw, OK)",Gary Allen
77,Todd Helton,23.347,Aug 2,"Sep 29, 2013",7H/39,COL,61.8,6-2,220,L,L,"Aug 20, 1973","Knoxville, TN, US","Drafted by the Colorado Rockies in the 1st round (8th pick) of the 1995 amateur draft. Player signed July 1, 1995.","University of Tennessee (Knoxville, TN)","Central HS (Central, TN), Central HS (Knoxville, TN)",Todd Lynn
78,Oscar Henriquez,23.222,Sep 7,"Sep 8, 2002",/1,HOU,-0.6,6-6,220,R,R,"Jan 28, 1974","La Guaira, La Guaira, VE",Signed by the Houston Astros as an amateur free agent in 1991.,,"La Guaira (La Guaira, Venezuela)",Oscar Eduardo
79,Fernando Hernandez,25.291,Apr 3,"Apr 5, 1997",/1,DET,-0.4,6-2,185,R,R,"Jun 16, 1971","Santiago, Santiago, DO",Signed by the Cleveland Indians as an amateur free agent in 1990.,,"Santiago (Santiago, Dominican Republic)",Fernando
80,Richard Hidalgo,22.065,Sep 1,"Aug 4, 2005",8/H79,HOU,19.2,6-3,220,R,R,"Jun 28, 1975","Caracas, Distrito Federal, VE",Signed by the Houston Astros as an amateur free agent in 1991.,,"Guarenas (Guarenas, Venezuela)",Richard Jose
81,Torii Hunter,22.035,Aug 22,"Oct 3, 2015",/H,MIN,50.7,6-2,220,R,R,"Jul 18, 1975","Pine Bluff, AR, US","Drafted by the Minnesota Twins in the 1st round (20th pick) of the 1993 amateur draft. Player signed July 12, 1993.",,"Pine Bluff HS (Pine Bluff, AR)",Torii Kedar
82,Jimmy Hurst,25.193,Sep 10,"Sep 28, 1997",9/H8D7,DET,0.0,6-6,225,R,R,"Mar 1, 1972","Tuscaloosa, AL, US","Drafted by the Chicago White Sox in the 12th round of the 1990 amateur draft. Player signed May 21, 1991.","Three Rivers Community College (Poplar Bluff, MO)","Central HS (Tuscaloosa, AL)",Jimmy O'Neal
83,Hideki Irabu,28.066,Jul 10,"Jul 12, 2002",1,NYY,3.4,6-4,240,R,R,"May 5, 1969","Hirara, Hyogo, JP",,,Jinsei Gakuen HS (Japan),Hideki
84,Jason Johnson,23.304,Aug 27,"Sep 26, 2008",/1,PIT,4.6,6-6,225,R,R,"Oct 27, 1973","Santa Barbara, CA, US",Signed by the Pittsburgh Pirates as an amateur free agent in 1992.,,"Conner HS (Burlington, KY)",Jason Michael
85,Mike Johnson,21.185,Apr 6,"Apr 24, 2001",1,BAL,-2.1,6-2,175,L,R,"Oct 3, 1975","Edmonton, AB, CA","Drafted by the Toronto Blue Jays in the 17th round of the 1993 amateur draft. Player signed June 6, 1993.",,"Salisbury Composite HS (Edmonton, AB)",Michael Keith
86,Russ Johnson,24.045,Apr 8,"Jul 15, 2005",5/H4,HOU,2.6,5-10,185,R,R,"Feb 22, 1973","Baton Rouge, LA, US","Drafted by the Houston Astros in the 1st round (30th pick) of the 1994 amateur draft. Player signed August 30, 1994.","Louisiana State University (Baton Rouge, LA)","Denham Springs HS (Denham Springs, LA)",William Russell
87,Bobby Jones,25.037,May 18,"Apr 11, 2004",/1,COL,1.9,6-0,185,R,L,"Apr 11, 1972","Orange, NJ, US","Drafted by the Milwaukee Brewers in the 44th round of the 1991 amateur draft. Player signed May 13, 1992.","Chipola College (Marianna, FL)","Rutherford HS (Rutherford, NJ)",Robert Mitchell
88,Mike Judd,22.090,Sep 28,"Jun 12, 2001",/1,LAD,-1.3,6-2,200,R,R,"Jun 30, 1975","San Diego, CA, US","Drafted by the New York Yankees in the 9th round of the 1995 amateur draft. Player signed June 4, 1995.","Grossmont College (El Cajon, CA)","Helix HS (La Mesa, CA)",Michael Galen
89,Takashi Kashiwada,25.352,May 1,"Sep 18, 1997",1,NYM,0.1,5-11,165,L,L,"May 14, 1971","Tokyo, Tokyo, JP",,,"Tokyo (Tokyo, Japan), Yashiro Kogyo HS (Japan)",Takashi
90,Curtis King,26.280,Aug 1,"Jun 20, 1999",1,STL,0.8,6-5,200,R,R,"Oct 25, 1970","Norristown, PA, US","Drafted by the St. Louis Cardinals in the 5th round of the 1994 amateur draft. Player signed June 17, 1994.","Thomas Jefferson University (Philadelphia, PA)","Plymouth-Whitemarsh HS (Plymouth Meeting, PA)",Curtis Albert
91,Steve Kline,24.223,Apr 2,"Sep 25, 2007",1,CLE,9.9,6-2,200,B,L,"Aug 22, 1972","Sunbury, PA, US","Drafted by the Cleveland Indians in the 8th round of the 1993 amateur draft. Player signed June 6, 1993.","Allegany College of Maryland (Cumberland, MD), West Virginia University (Morgantown, WV)","Lewisburg HS (Lewisburg, PA)",Steven James
92,Paul Konerko,21.187,Sep 8,"Sep 28, 2014",/H35,LAD,28.1,6-2,220,R,R,"Mar 5, 1976","Providence, RI, US","Drafted by the Los Angeles Dodgers in the 1st round (13th pick) of the 1994 amateur draft. Player signed June 11, 1994.",,"Chaparral HS (Scottsdale, AZ)",Paul Henry
93,Mark Kotsay,21.221,Jul 11,"Sep 29, 2013",8,FLA,21.3,6-0,220,L,L,"Dec 2, 1975","Whittier, CA, US","Drafted by the Florida Marlins in the 1st round (9th pick) of the 1996 amateur draft. Player signed August 15, 1996.","California State University, Fullerton (Fullerton, CA)","Santa Fe HS (Santa Fe Springs, CA)",Mark Steven
94,Tim Kubinski,25.177,Jul 16,"Oct 2, 1999",1,OAK,0.0,6-4,205,L,L,"Jan 20, 1972","Pullman, WA, US","Drafted by the Oakland Athletics in the 7th round of the 1993 amateur draft. Player signed June 6, 1993.","University of California, Los Angeles (Los Angeles, CA)","San Luis Obispo HS (San Luis Obispo, CA)",Timothy Mark
95,Chris Latham,23.321,Apr 12,"Apr 18, 2003",H/89,MIN,-1.0,6-0,195,B,R,"May 26, 1973","Coeur d'Alene, ID, US","Drafted by the Los Angeles Dodgers in the 11th round of the 1991 amateur draft. Player signed June 6, 1991.",,"Basic HS (Henderson, NV)",Christopher Joseph
96,Derrek Lee,21.234,Apr 28,"Sep 28, 2011",3/H,SDP,34.6,6-5,240,R,R,"Sep 6, 1975","Sacramento, CA, US","Drafted by the San Diego Padres in the 1st round (14th pick) of the 1993 amateur draft. Player signed July 20, 1993.",,"El Camino Fundamental HS (Sacramento, CA)",Derrek Leon
97,John LeRoy,22.160,Sep 26,"Sep 26, 1997",/1,ATL,0.2,6-3,175,R,R,"Apr 19, 1975","Bellevue, WA, US","Drafted by the Atlanta Braves in the 15th round of the 1993 amateur draft. Player signed June 14, 1993.",,"Sammamish HS (Bellevue, WA)",John Michael
98,Cory Lidle,25.047,May 8,"Oct 1, 2006",1,NYM,10.7,5-11,175,R,R,"Mar 22, 1972","Hollywood, CA, US",Signed by the Minnesota Twins as an amateur free agent in 1990.,,"South Hills HS (West Covina, CA)",Cory Fulton
99,Kerry Ligtenberg,26.093,Aug 12,"May 29, 2005",1,ATL,4.4,6-2,185,R,R,"May 11, 1971","Rapid City, SD, US",,"University of Minnesota Morris (Morris, MN), University of Minnesota (Minneapolis, MN)","Park Cottage Grove HS (Park Cottage Grove, MN)",Kerry Dale
100,Joey Long,26.284,Apr 25,"May 24, 1997",1,SDP,-0.3,6-2,220,R,L,"Jul 15, 1970","Sidney, OH, US","Drafted by the San Diego Padres in the 5th round of the 1991 amateur draft. Player signed June 21, 1991.","Kent State University (Kent, OH)","Graham HS (St. Paris, OH)",Joey J.
101,Ryan Long,24.163,Jul 16,"Jul 23, 1997",/9D7H,KCR,0.0,6-2,215,R,R,"Feb 3, 1973","Houston, TX, US","Drafted by the Kansas City Royals in the 2nd round of the 1991 amateur draft. Player signed June 3, 1991.",,"J. Frank Dobie HS (Houston, TX)",Ryan Marcus
102,Derek Lowe,23.329,Apr 26,"May 19, 2013",1,SEA,34.3,6-6,230,R,R,"Jun 1, 1973","Dearborn, MI, US","Drafted by the Seattle Mariners in the 8th round of the 1991 amateur draft. Player signed June 7, 1991.",,"Edsel Ford HS (Dearborn, MI)",Derek Christopher
103,Sean Lowe,26.153,Aug 29,"Jul 30, 2003",/1,STL,1.7,6-2,205,R,R,"Mar 29, 1971","Dallas, TX, US","Drafted by the St. Louis Cardinals in the 1st round (15th pick) of the 1992 amateur draft. Player signed July 18, 1992.","McLennan Community College (Waco, TX), Arizona State University (Tempe, AZ)","Mesquite HS (Mesquite, TX)",Jonathan Sean
104,Terrell Lowery,26.323,Sep 13,"Oct 1, 2000",/H78,CHC,-0.1,6-3,180,R,R,"Oct 25, 1970","Oakland, CA, US","Drafted by the Texas Rangers in the 2nd round of the 1991 amateur draft. Player signed June 8, 1991.","Loyola Marymount University (Los Angeles, CA)","Oakland Technical HS (Oakland, CA)",Quenton Terrell
105,Sean Maloney,25.338,Apr 28,"Sep 26, 1998",/1,MIL,0.0,6-7,210,R,R,"May 25, 1971","South Kingstown, RI, US","Drafted by the Milwaukee Brewers in the 19th round of the 1993 amateur draft. Player signed June 8, 1993.","Georgetown University (Washington, DC)","North HS (Kingstown, RI)",Sean Patrick
106,Eli Marrero,23.290,Sep 3,"Aug 8, 2006",2/H,STL,4.9,6-1,180,R,R,"Nov 17, 1973","La Habana, La Habana, CU","Drafted by the St. Louis Cardinals in the 3rd round of the 1993 amateur draft. Player signed July 20, 1993.",,"Coral Gables HS (Coral Gables, FL)",Elieser
107,Tom Martin,26.316,Apr 2,"Jul 19, 2007",1,HOU,0.2,6-1,200,L,L,"May 21, 1970","Charleston, SC, US","Drafted by the Baltimore Orioles in the 6th round of the 1988 amateur draft. Player signed August 8, 1988.",,"Bay HS (Panama City, FL)",Thomas Edgar
108,Felix Martinez,23.108,Sep 3,"Sep 30, 2001",6/HD,KCR,0.9,6-0,170,B,R,"May 18, 1974","Nagua, Maria Trinidad Sanchez, DO",,,"Nagua (Nagua, Dominican Republic)",Felix
109,Allen McDill,25.265,May 15,"Oct 2, 2001",/1,KCR,-0.6,6-0,155,L,L,"Aug 23, 1971","Greenville, MS, US","Drafted by the New York Mets in the 20th round of the 1992 amateur draft. Player signed June 3, 1992.","Arkansas Tech University (Russellville, AR)","Lake Hamilton HS (Pearcy, AR)",Allen Gabriel
110,Jason McDonald,25.077,Jun 5,"Jun 9, 2000",87H,OAK,2.6,5-8,175,B,R,"Mar 20, 1972","Modesto, CA, US","Drafted by the Oakland Athletics in the 4th round of the 1993 amateur draft. Player signed July 27, 1993.","Sacramento City College (Sacramento, CA), University of Houston (Houston, TX)","Elk Grove HS (Elk Grove, CA)",Jason Adam
111,Tom McGraw,29.150,May 7,"May 9, 1997",/1,STL,0.1,6-2,195,L,L,"Dec 8, 1967","Portland, OR, US","Drafted by the Milwaukee Brewers in the 6th round of the 1990 amateur draft. Player signed June 16, 1990.","Washington State University (Pullman, WA)","Battle Ground HS (Battle Ground, WA)",Thomas Virgil
112,Ryan McGuire,25.194,Jun 5,"Jul 14, 2002",397H/D8,MON,-2.3,6-2,210,L,L,"Nov 23, 1971","Bellflower, CA, US","Drafted by the Boston Red Sox in the 3rd round of the 1993 amateur draft. Player signed June 22, 1993.","University of California, Los Angeles (Los Angeles, CA)","El Camino Real HS (Woodland Hills, CA)",Ryan Byron
113,Carlos Mendoza,22.303,Sep 3,"Sep 30, 2000",H/87,NYM,-0.2,5-11,160,L,L,"Nov 4, 1974","Ciudad Bolivar, Bolivar, VE",Signed by the New York Mets as an amateur free agent in 1992.,,"Bolivar (Bolivar, Venezuela)",Carlos Ramon
114,Damian Miller,27.301,Aug 10,"Sep 30, 2007",2/DH,MIN,8.9,6-3,202,R,R,"Oct 13, 1969","La Crosse, WI, US","Drafted by the Minnesota Twins in the 20th round of the 1990 amateur draft. Player signed June 8, 1990.","Viterbo University (La Crosse, WI)","West Salem HS (West Salem, WI)",Damian Donald
115,Kevin Millwood,22.202,Jul 14,"Sep 12, 2012",1,ATL,29.8,6-4,230,R,R,"Dec 24, 1974","Gastonia, NC, US","Drafted by the Atlanta Braves in the 11th round of the 1993 amateur draft. Player signed June 4, 1993.",,"Bessemer City HS (Bessemer City, NC)",Kevin Austin
116,Mike Misuraca,28.340,Jul 27,"Aug 11, 1997",/1,MIL,-0.4,6-0,190,R,R,"Aug 21, 1968","Long Beach, CA, US",Signed by the Minnesota Twins as an amateur free agent in 1988.,,,Michael William
117,Eric Moody,26.209,Aug 3,"Sep 18, 1997",1,TEX,0.3,6-6,185,R,R,"Jan 6, 1971","Greenville, SC, US","Drafted by the Texas Rangers in the 24th round of the 1993 amateur draft. Player signed June 5, 1993.","Erskine College (Due West, SC)","Palmetto HS (Williamston, SC)",Eric Lane
118,Kevin Morgan,27.194,Jun 15,"Jun 15, 1997",/5H,NYM,0.0,6-1,170,R,R,"Dec 3, 1969","Lafayette, LA, US","Drafted by the Detroit Tigers in the 30th round of the 1991 amateur draft. Player signed June 10, 1991.","Southeastern Louisiana University (Hammond, LA)",,Kevin Lee
119,Matt Morris,22.238,Apr 4,"Apr 26, 2008",1/H,STL,20.4,6-5,210,R,R,"Aug 9, 1974","Middletown, NY, US","Drafted by the St. Louis Cardinals in the 1st round (12th pick) of the 1995 amateur draft. Player signed July 7, 1995.","Seton Hall University (South Orange, NJ)","Valley Central HS (Montgomery, NY)",Matthew Christian
120,Heath Murray,24.035,May 24,"Jul 21, 2002",1,SDP,-1.4,6-4,205,L,L,"Apr 19, 1973","Troy, OH, US","Drafted by the San Diego Padres in the 3rd round of the 1994 amateur draft. Player signed June 14, 1994.","University of Michigan (Ann Arbor, MI)","Troy HS (Troy, OH)",Heath Robertson
121,Abraham Nunez,21.164,Aug 27,"Jun 8, 2008",6/4H,PIT,0.9,5-11,200,B,R,"Mar 16, 1976","Santo Domingo, Distrito Nacional, DO",Signed by the Toronto Blue Jays as an amateur free agent in 1994.,,Emmanuel (Dominican Republic),Abraham Orlando
122,Ryan Nye,23.348,Jun 7,"May 13, 1998",/1,PHI,-0.5,6-2,195,R,R,"Jun 24, 1973","Biloxi, MS, US","Drafted by the Philadelphia Phillies in the 2nd round of the 1994 amateur draft. Player signed June 13, 1994.","University of Arkansas-Fort Smith (Fort Smith, AR), Texas Tech University (Lubbock, TX)","Cameron HS (Cameron, OK)",Ryan Craig
123,Kirt Ojala,28.237,Aug 18,"May 4, 1999",/1,FLA,0.1,6-2,210,L,L,"Dec 24, 1968","Kalamazoo, MI, US","Drafted by the New York Yankees in the 4th round of the 1990 amateur draft. Player signed June 5, 1990.","University of Michigan (Ann Arbor, MI)","Portage Central HS (Portage, MI)",Kirt Stanley
124,Luis Ordaz,22.022,Sep 3,"Apr 3, 2006",6/H,STL,-2.5,5-11,170,R,R,"Aug 12, 1975","Maracaibo, Zulia, VE",Signed by the Cincinnati Reds as an amateur free agent in 1992.,,"Santa Maria Gorette (Maracaibo, Venezuela)",Luis Javier
125,Magglio Ordonez,23.213,Aug 29,"Sep 27, 2011",9/H,CHW,38.8,6-0,215,R,R,"Jan 28, 1974","Caracas, Distrito Federal, VE",Signed by the Chicago White Sox as an amateur free agent in 1991.,,"Coro Falcon (Coro Falcon, Venezuela)",Magglio
126,Kevin Orie,24.212,Apr 1,"Sep 26, 2002",*5/H6,CHC,3.2,6-4,210,R,R,"Sep 1, 1972","West Chester, PA, US","Drafted by the Chicago Cubs in the 1st round (29th pick) of the 1993 amateur draft. Player signed June 16, 1993.","Indiana University Bloomington (Bloomington, IN)","Upper St. Clair HS (Upper St. Clair, PA)",Kevin Leonard
127,David Ortiz,21.288,Sep 2,"Oct 2, 2016",3/HD,MIN,55.3,6-3,230,L,L,"Nov 18, 1975","Santo Domingo, Distrito Nacional, DO",Signed by the Seattle Mariners as an amateur free agent in 1992.,,Estudia Espillat (Dominican Republic),David Americo
128,Matt Perisho,21.353,May 27,"Sep 2, 2005",1,ANA,-2.0,6-0,175,L,L,"Jun 8, 1975","Burlington, IA, US","Drafted by the California Angels in the 3rd round of the 1993 amateur draft. Player signed June 7, 1993.",,"McClintock HS (Tempe, AZ)",Matthew Alan
129,Marc Pisciotta,26.327,Jun 30,"Jul 7, 1999",1,CHC,0.8,6-5,240,R,R,"Aug 7, 1970","Edison, NJ, US","Drafted by the Pittsburgh Pirates in the 19th round of the 1991 amateur draft. Player signed June 13, 1991.","Georgia Institute of Technology (Atlanta, GA)","Walton HS (Marietta, GA)",Marc George
130,Kevin Polcovich,26.323,May 17,"Sep 22, 1998",6/H45,PIT,-0.4,5-9,170,R,R,"Jun 28, 1970","Auburn, NY, US","Drafted by the Pittsburgh Pirates in the 30th round of the 1992 amateur draft. Player signed June 5, 1992.","Gulf Coast State College (Panama City, FL), University of Florida (Gainesville, FL)","Auburn HS (Auburn, NY)",Kevin Michael
131,Dante Powell,23.233,Apr 15,"Oct 7, 2001",8/H9,SFG,-0.2,6-2,185,R,R,"Aug 25, 1973","Long Beach, CA, US","Drafted by the San Francisco Giants in the 1st round (22nd pick) of the 1994 amateur draft. Player signed July 13, 1994.","California State University, Fullerton (Fullerton, CA)","Millikan HS (Long Beach, CA)",LeJon Dante
132,Brady Raggio,24.210,Apr 15,"Jul 12, 2003",1,STL,-1.5,6-4,210,R,R,"Sep 17, 1972","Los Angeles, CA, US","Drafted by the St. Louis Cardinals in the 20th round of the 1992 amateur draft. Player signed June 23, 1992.","Chabot College (Hayward, CA)","San Ramon Valley HS (Danville, CA)",Brady John
133,Edgar Ramos,22.076,May 21,"May 30, 1997",/1,PHI,-0.2,6-4,190,R,R,"Mar 6, 1975","Cumana, Sucre, VE",Signed by the Houston Astros as an amateur free agent in 1992.,,"Cuinana (Cuinana, Venezuela)",Edgar Jose
134,Ken Ramos,29.344,May 16,"Jun 11, 1997",H/79,HOU,-0.3,6-1,185,L,L,"Jun 6, 1967","Sidney, NE, US",Signed by the Cleveland Indians as an amateur free agent in 1989.,"Otero College (La Junta, CO), University of Nebraska-Lincoln (Lincoln, NE)","Pueblo East HS (Pueblo, CO)",Kenneth Cecil
135,Pokey Reese,23.295,Apr 1,"Oct 3, 2004",*6H/45,CIN,6.3,5-11,180,R,R,"Jun 10, 1973","Columbia, SC, US","Drafted by the Cincinnati Reds in the 1st round (20th pick) of the 1991 amateur draft. Player signed June 3, 1991.",,"Lower Richland HS (Hopkins, SC)",Calvin
136,Dennys Reyes,20.085,Jul 13,"Apr 6, 2011",1,LAD,5.7,6-3,250,R,L,"Apr 19, 1977","Higuera de Zaragoza, Sinaloa, MX",Signed by the Los Angeles Dodgers as an amateur free agent in 1993.,,"Higuera de Zaragoza (Higuera de Zaragoza, Mexico)",Dennys
137,Brad Rigby,24.045,Jun 28,"Jun 24, 2000",1,OAK,0.6,6-6,203,R,R,"May 14, 1973","Milwaukee, WI, US","Drafted by the Oakland Athletics in the 2nd round of the 1994 amateur draft. Player signed July 9, 1994.","Georgia Institute of Technology (Atlanta, GA)","Lake Brantley HS (Altamonte Springs, FL)",Bradley Kenneth
138,Adam Riggs,24.307,Aug 7,"Oct 3, 2004",/4H,LAD,-0.3,6-0,195,R,R,"Oct 4, 1972","Steubenville, OH, US","Drafted by the Los Angeles Dodgers in the 22nd round of the 1994 amateur draft. Player signed June 7, 1994.","County College of Morris (Randolph, NJ), University of South Carolina Aiken (Aiken, SC)","Lenape Valley Regional HS (Stanhope, NJ)",Adam David
139,Ricardo Rincon,26.355,Apr 3,"Sep 25, 2008",1,PIT,7.2,5-10,190,L,L,"Apr 13, 1970","Cuitlahuac, Veracruz, MX",,,"Esbao (Cordoba, Mexico)",Ricardo
140,Danny Rios,24.200,May 30,"May 2, 1998",/1,NYY,-0.6,6-2,190,R,R,"Nov 11, 1972","Madrid, Madrid, ES",Signed by the New York Yankees as an amateur free agent in 1993.,"Seminole State College (Seminole, OK), University of Miami (Coral Gables, FL)","Monsignor Edward Pace HS (Miami Gardens, FL)",Daniel
141,Todd Ritchie,25.147,Apr 3,"Sep 30, 2004",1,MIN,6.1,6-3,205,R,R,"Nov 7, 1971","Portsmouth, VA, US","Drafted by the Minnesota Twins in the 1st round (12th pick) of the 1990 amateur draft. Player signed June 13, 1990.",,"Duncanville HS (Duncanville, TX)",Todd Everett
142,Dan Rohrmeier,31.341,Sep 3,"Sep 28, 1997",/HD3,SEA,0.1,6-0,185,R,R,"Sep 27, 1965","Cincinnati, OH, US","Drafted by the Chicago White Sox in the 5th round of the 1987 amateur draft. Player signed June 8, 1987.","Miami Dade College (Miami, FL), Miami Dade College, North Campus (Miami, FL), St. Thomas University (Miami Gardens, FL)","Elder HS (Cincinnati, OH)",Daniel
143,Mandy Romero,29.259,Jul 15,"Aug 24, 2003",2/H,SDP,-0.4,5-11,190,B,R,"Oct 29, 1967","Miami, FL, US","Drafted by the Pittsburgh Pirates in the 19th round of the 1988 amateur draft. Player signed June 6, 1988.","Eastern Florida State College (Cocoa, FL)","Miami Senior HS (Miami, FL)",Armando
144,Melvin Rosario,24.109,Sep 11,"Sep 28, 1997",/2,BAL,-0.1,6-0,191,B,R,"May 25, 1973","Santo Domingo, Distrito Nacional, DO",Signed by the San Diego Padres as an amateur free agent in 1991.,,"Santo Domingo (Santo Domingo, Dominican Republic)",Melvin Gregorio
145,Brian Rose,21.162,Jul 25,"May 30, 2001",/1,BOS,-0.1,6-3,215,R,R,"Feb 13, 1976","New Bedford, MA, US","Drafted by the Boston Red Sox in the 3rd round of the 1994 amateur draft. Player signed August 11, 1994.",,"Dartmouth HS (Dartmouth, MA)",Brian Leonard
146,Pete Rose,27.289,Sep 1,"Sep 28, 1997",H/53,CIN,-0.3,6-1,180,L,R,"Nov 16, 1969","Cincinnati, OH, US","Drafted by the Baltimore Orioles in the 12th round of the 1988 amateur draft. Player signed September 1, 1988.",,"Oak Hills HS (Cincinnati, OH)",Peter Edward
147,Glendon Rusch,22.150,Apr 6,"May 13, 2009",1,KCR,5.2,6-2,170,L,L,"Nov 7, 1974","Seattle, WA, US","Drafted by the Kansas City Royals in the 17th round of the 1993 amateur draft. Player signed June 7, 1993.",,"Shorecrest HS (Shoreline, WA)",Glendon James
148,Marc Sagmoen,25.364,Apr 15,"Sep 20, 1997",9/H73D,TEX,-0.5,5-11,185,L,L,"Apr 16, 1971","Seattle, WA, US","Drafted by the Texas Rangers in the 13th round of the 1993 amateur draft. Player signed June 8, 1993.","Yakima Valley Community College (Yakima, WA), University of Nebraska-Lincoln (Lincoln, NE)","Kennedy Catholic HS (Burien, WA)",Marc Richard
149,Julio Santana,24.076,Apr 6,"May 12, 2006",1,TEX,0.4,6-0,175,R,R,"Jan 20, 1973","San Pedro de Macoris, San Pedro de Macoris, DO",Signed by the Texas Rangers as an amateur free agent in 1990.,,Divina Providence (Dominican Republic),Julio Franklin
150,Jose Santiago,22.214,Jun 7,"Aug 9, 2005",/1,KCR,1.2,6-3,200,R,R,"Nov 5, 1974","Fajardo, PR","Drafted by the Kansas City Royals in the 70th round of the 1994 amateur draft. Player signed July 4, 1994.",,"Carlos Escobar Lopez HS (Loiza, Puerto Rico)",Jose Rafael
151,Tony Saunders,22.341,Apr 5,"May 26, 1999",1,FLA,2.7,6-2,205,L,L,"Apr 29, 1974","Baltimore, MD, US",Signed by the Florida Marlins as an amateur free agent in 1992.,,"Glen Burnie HS (Glen Burnie, MD)",Anthony Scott
152,Richie Sexson,22.259,Sep 14,"Aug 13, 2008",/H3D,CLE,18.0,6-7,205,R,R,"Dec 29, 1974","Portland, OR, US","Drafted by the Cleveland Indians in the 24th round of the 1993 amateur draft. Player signed June 14, 1993.",,"Prairie HS (Brush Prairie, WA)",Richmond Lockwood
153,Scott Sheldon,28.171,May 18,"Oct 5, 2001",6/H45,OAK,-0.4,6-3,185,R,R,"Nov 28, 1968","Hammond, IN, US","Drafted by the Oakland Athletics in the 8th round of the 1991 amateur draft. Player signed June 5, 1991.","University of Houston (Houston, TX)","Clear Lake HS (Houston, TX)",Scott Patrick
154,Randall Simon,22.099,Sep 1,"Sep 30, 2006",/H3,ATL,0.3,6-0,180,L,L,"May 25, 1975","Willemstad, CW",Signed by the Atlanta Braves as an amateur free agent in 1992.,,"Juan Pablo Duarte School (Willemstad, Curacao)",Randall Carlito
155,Rob Stanifer,25.054,May 3,"Jun 19, 2000",1,FLA,-0.9,6-3,205,R,R,"Mar 10, 1972","Easley, SC, US","Drafted by the Florida Marlins in the 12th round of the 1994 amateur draft. Player signed June 4, 1994.","Anderson University (Anderson, SC)","Easley HS (Easley, SC)",Robert Wayne
156,Andy Stewart,26.275,Sep 6,"Sep 28, 1997",/2HD,KCR,0.0,5-11,205,R,R,"Dec 5, 1970","Oshawa, ON, CA",Signed by the Kansas City Royals as an amateur free agent in 1989.,,"East Dale HS (Oshawa, ON)",Andrew David
157,Everett Stull,25.233,Apr 14,"May 15, 2002",/1,MON,-0.7,6-3,200,R,R,"Aug 24, 1971","Fort Riley, KS, US","Drafted by the Montreal Expos in the 3rd round of the 1992 amateur draft. Player signed June 10, 1992.","Tennessee State University (Nashville, TN)","Redan HS (Stone Mountain, GA)",Everett James
158,Larry Sutton,27.095,Aug 17,"Jun 1, 2004",H3/D7,KCR,-1.4,5-11,175,L,L,"May 14, 1970","West Covina, CA, US","Drafted by the Kansas City Royals in the 21st round of the 1992 amateur draft. Player signed June 14, 1992.","University of Illinois at Urbana-Champaign (Champaign, IL)","Mater Dei HS (Santa Ana, CA)",Larry James
159,Fernando Tatís,22.206,Jul 26,"Jul 4, 2010",5,TEX,6.3,5-11,185,R,R,"Jan 1, 1975","San Pedro de Macoris, San Pedro de Macoris, DO",Signed by the Texas Rangers as an amateur free agent in 1992.,,"San Pedro de Macoris (San Pedro de Macoris, Dominican Republic)",Fernando
160,Ramon Tatis,24.090,Apr 5,"Sep 27, 1998",1,CHC,-1.4,6-2,185,L,L,"Jan 5, 1973","Guayubin, Monte Cristi, DO",Signed by the New York Mets as an amateur free agent in 1990.,,"Los Limones (Guayubin, Dominican Republic)",Ramon Francisco
161,Miguel Tejada,23.094,Aug 27,"Aug 10, 2013",6/H,OAK,47.1,5-9,220,R,R,"May 25, 1974","Bani, Peravia, DO",Signed by the Oakland Athletics as an amateur free agent in 1993.,,"Bani (Bani, Dominican Republic)",Miguel Odalis
162,John Thomson,23.222,May 11,"Jul 1, 2007",1,COL,12.3,6-3,175,R,R,"Oct 1, 1973","Vicksburg, MS, US","Drafted by the Colorado Rockies in the 7th round of the 1993 amateur draft. Player signed June 9, 1993.","Blinn College (Brenham, TX), McNeese State University (Lake Charles, LA)","Sulphur HS (Sulphur, LA)",John Carl
163,Mike Thurman,24.042,Sep 2,"Sep 14, 2002",/1,MON,0.2,6-4,190,R,R,"Jul 22, 1973","Corvallis, OR, US","Drafted by the Montreal Expos in the 1st round (31st pick) of the 1994 amateur draft. Player signed June 17, 1994.","Oregon State University (Corvallis, OR)","Philomath HS (Philomath, OR)",Michael Richard
164,Brett Tomko,24.050,May 27,"May 24, 2011",1/H,CIN,10.7,6-4,220,R,R,"Apr 7, 1973","Cleveland, OH, US","Drafted by the Cincinnati Reds in the 2nd round of the 1995 amateur draft. Player signed June 28, 1995.","Mount San Antonio College (Walnut, CA), Florida Southern College (Lakeland, FL)","El Dorado HS (Placentia, CA)",Brett Daniel
165,Bubba Trammell,25.146,Apr 1,"Jun 22, 2003",9D7/H,DET,4.2,6-3,205,R,R,"Nov 6, 1971","Knoxville, TN, US","Drafted by the Detroit Tigers in the 11th round of the 1994 amateur draft. Player signed June 7, 1994.","Cleveland State Community College (Cleveland, TN), University of Tennessee (Knoxville, TN)","Central HS (Knoxville, TN)",Thomas Bubba
166,Mario Valdez,22.208,Jun 15,"Jun 22, 2001",3/HD5,CHW,-0.4,6-1,215,L,L,"Nov 19, 1974","Ciudad Obregon, Sonora, MX","Drafted by the Chicago White Sox in the 48th round of the 1993 amateur draft. Player signed May 1, 1994.","Miami Dade College, North Campus (Miami, FL)","Hialeah HS (Hialeah, FL), Miami Senior HS (Miami, FL)",Mario A.
167,Javier Valentin,21.359,Sep 13,"Sep 28, 2008",/2,MIN,0.8,5-10,198,B,R,"Sep 19, 1975","Manati, PR","Drafted by the Minnesota Twins in the 3rd round of the 1993 amateur draft. Player signed June 5, 1993.",,"Fernando Callejo HS (Manati, Puerto Rico)",Jose Javier
168,Jason Varitek,25.166,Sep 24,"Sep 25, 2011",/2H,BOS,24.2,6-2,230,B,R,"Apr 11, 1972","Rochester, MI, US","Drafted by the Seattle Mariners in the 1st round (14th pick) of the 1994 amateur draft. Player signed April 20, 1995.","Georgia Institute of Technology (Atlanta, GA)","Lake Brantley HS (Altamonte Springs, FL)",Jason Andrew
169,Jorge Velandia,22.159,Jun 20,"Jul 13, 2008",/645H,SDP,0.0,5-9,160,R,R,"Jan 12, 1975","Caracas, Distrito Federal, VE",Signed by the Detroit Tigers as an amateur free agent in 1992.,,"Colegio Claret (Caracas, Venezuela)",Jorge Luis
170,Jose Vidro,22.285,Jun 8,"Aug 4, 2008",5H/4D,MON,17.4,5-11,175,B,R,"Aug 27, 1974","Mayaguez, PR","Drafted by the Montreal Expos in the 6th round of the 1992 amateur draft. Player signed June 2, 1992.",,"Blanca Malaret HS (Sabana Grande, Puerto Rico)",Jose Angel
171,Jamie Walker,25.275,Apr 2,"Jun 2, 2009",1,KCR,4.0,6-2,190,L,L,"Jul 1, 1971","McMinnville, TN, US","Drafted by the Houston Astros in the 10th round of the 1992 amateur draft. Player signed June 1, 1992.","Austin Peay State University (Clarksville, TN)","Warren County HS (McMinnville, TN)",James Ross
172,Jeff Wallace,21.131,Aug 21,"Oct 3, 2001",1,PIT,1.1,6-2,240,L,L,"Apr 12, 1976","Wheeling, WV, US","Drafted by the Kansas City Royals in the 25th round of the 1995 amateur draft. Player signed June 8, 1995.",,"Minerva HS (Minerva, OH)",Jeffrey Allen
173,Pat Watkins,25.007,Sep 9,"May 1, 1999",8/H,CIN,-0.6,6-2,185,R,R,"Sep 2, 1972","Raleigh, NC, US","Drafted by the Cincinnati Reds in the 1st round (32nd pick) of the 1993 amateur draft. Player signed June 4, 1993.","East Carolina University (Greenville, NC)","Garner HS (Garner, NC)",William Patrick
174,Matt Whisenant,26.026,Jul 4,"May 29, 2000",/1H,FLA,0.2,6-3,215,R,L,"Jun 8, 1971","Los Angeles, CA, US","Drafted by the Philadelphia Phillies in the 18th round of the 1989 amateur draft. Player signed May 8, 1990.","Glendale Community College (Glendale, CA)","La Canada HS (La Canada, CA)",Matthew Michael
175,Antone Williamson,23.317,May 31,"Jul 3, 1997",3/HD,MIL,-0.8,6-1,195,L,R,"Jul 18, 1973","Harbor City, CA, US","Drafted by the Milwaukee Brewers in the 1st round (4th pick) of the 1994 amateur draft. Player signed July 11, 1994.","Arizona State University (Tempe, AZ)","Torrance HS (Torrance, CA)",Anthony Joseph
176,Enrique Wilson,24.059,Sep 24,"Jun 24, 2005",/64H,CLE,-5.3,5-11,160,B,R,"Jul 27, 1973","Santo Domingo, Distrito Nacional, DO",Signed by the Minnesota Twins as an amateur free agent in 1992.,,"Santo Domingo (Santo Domingo, Dominican Republic)",Enrique
177,Scott Winchester,24.141,Sep 8,"Aug 9, 2001",/1,CIN,-1.3,6-2,210,R,R,"Apr 20, 1973","Midland, MI, US","Drafted by the Cleveland Indians in the 14th round of the 1995 amateur draft. Player signed June 20, 1995.","Clemson University (Clemson, SC)","Dow HS (Midland, MI)",Scott Joseph
178,Darrin Winston,31.066,Sep 10,"Jun 25, 1998",/1,PHI,-0.5,6-0,195,R,L,"Jul 6, 1966","Passaic, NJ, US","Drafted by the Montreal Expos in the 18th round of the 1988 amateur draft. Player signed June 7, 1988.","Rutgers, the State University of New Jersey (New Brunswick, NJ)","Bishop Ahr HS (Edison, NJ)",Darrin Alexander
179,Steve Woodard,22.074,Jul 28,"May 7, 2003",/1,MIL,3.3,6-4,225,L,R,"May 15, 1975","Hartselle, AL, US","Drafted by the Milwaukee Brewers in the 5th round of the 1994 amateur draft. Player signed June 17, 1994.",,"Hartselle HS (Hartselle, AL)",Steven Larry
180,Jaret Wright,21.177,Jun 24,"Apr 29, 2007",1,CLE,4.4,6-2,220,R,R,"Dec 29, 1975","Anaheim, CA, US","Drafted by the Cleveland Indians in the 1st round (10th pick) of the 1994 amateur draft. Player signed July 21, 1994.",,"Katella HS (Anaheim, CA)",Jaret Samuel
