Rk,Name,Age,Debut,LastGame,Pos,Tm,WAR,Ht,Wt,B,T,Birthdate,Birthplace,Draft/Signing,Schools,HighSchool,GivenName
1,David Adams,26.000,May 15,"Sep 29, 2013",5/43H,NYY,-0.4,6-2,205,R,R,"May 15, 1987","Margate, FL, US","Drafted by the New York Yankees in the 3rd round of the 2008 amateur draft. Player signed June 9, 2008.","University of Virginia (Charlottesville, VA)","Grandview Prep (Boca Raton, FL)",David Lee
2,Jim Adduci,28.109,Sep 1,"Jun 1, 2019",/7H3D,TEX,-0.1,6-2,210,L,L,"May 15, 1985","Burnaby, BC, CA","Drafted by the Florida Marlins in the 42nd round of the 2003 amateur draft. Player signed August 19, 2003.",,"Evergreen Park HS (Evergreen Park, IL)",Jim Charles
3,Ehire Adrianza,24.018,Sep 8,,/6H,SFG,0.9,6-1,198,B,R,"Aug 21, 1989","Guarenas, Miranda, VE",Signed by the San Francisco Giants as an amateur free agent in 2006.,,,Ehire Enrique
4,Andrew Albers,27.304,Aug 6,"Sep 15, 2021",1,MIN,0.1,6-1,200,R,L,"Oct 6, 1985","North Battleford, SK, CA","Drafted by the San Diego Padres in the 10th round of the 2008 amateur draft. Player signed June 17, 2008.","University of Kentucky (Lexington, KY)","John Paul II HS (North Battleford, SK)",Andrew William
5,Abraham Almonte,24.064,Aug 30,,8/9H7D,SEA,1.1,5-10,223,B,R,"Jun 27, 1989","Santo Domingo, Distrito Nacional, DO",Signed by the New York Yankees as an amateur free agent in 2005.,,,Abraham
6,Zoilo Almonte,24.009,Jun 19,"Jul 30, 2014",7/H9D,NYY,-0.8,6-0,205,B,R,"Jun 10, 1989","Santo Domingo, Distrito Nacional, DO",Signed by the New York Yankees as an amateur free agent in 2005.,,,Zoilo Manuel
7,Jose Alvarez,24.034,Jun 9,,1,DET,4.6,5-11,195,L,L,"May 6, 1989","Barcelona, Anzoategui, VE",Signed by the Boston Red Sox as an amateur free agent in 2005.,,,Jose Ricardo
8,Steve Ames,25.137,Jul 30,"Aug 11, 2013",/1,MIA,0.0,6-1,205,R,R,"Mar 15, 1988","Vancouver, WA, US","Drafted by the Los Angeles Dodgers in the 17th round of the 2009 amateur draft. Player signed June 16, 2009.","Gonzaga University (Spokane, WA)","Hudson's Bay HS (Vancouver, WA)",Steven Charles
9,Oswaldo Arcia,21.341,Apr 15,"Sep 18, 2016",79/DH,MIN,-1.7,6-0,230,L,R,"May 9, 1991","Anaco, Anzoategui, VE",Signed by the Minnesota Twins as an amateur free agent in 2007.,,,Oswaldo Celestino
10,Nolan Arenado,22.012,Apr 28,,*5/H,COL,52.2,6-2,215,R,R,"Apr 16, 1991","Newport Beach, CA, US","Drafted by the Colorado Rockies in the 2nd round of the 2009 amateur draft. Player signed July 7, 2009.",,"El Toro HS (Lake Forest, CA)",Nolan James
11,Cody Asche,23.030,Jul 30,"May 12, 2017",5/H,PHI,-1.9,6-1,205,L,R,"Jun 30, 1990","St. Charles, MO, US","Drafted by the Philadelphia Phillies in the 4th round of the 2011 amateur draft. Player signed June 13, 2011.","University of Nebraska-Lincoln (Lincoln, NE)","Fort Zumwalt West HS (O'Fallon, MO)",Cody James
12,Brandon Bantz,26.152,Jun 8,"Jun 8, 2013",/2,SEA,0.0,6-1,205,R,R,"Jan 7, 1987","Arlington, TX, US","Drafted by the Seattle Mariners in the 30th round of the 2009 amateur draft. Player signed June 12, 2009.","Dallas Baptist University (Dallas, TX)","Mansfield HS (Mansfield, TX)",Brandon
13,Tim Beckham,23.235,Sep 19,,/H46,TBR,3.2,6-0,215,R,R,"Jan 27, 1990","Griffin, GA, US","Drafted by the Tampa Bay Rays in the 1st round (1st pick) of the 2008 amateur draft. Player signed June 19, 2008.",,"Griffin HS (Griffin, GA)",Timothy Lamar
14,Mike Belfiore,24.359,Sep 27,"Sep 27, 2013",/1,BAL,-0.1,6-3,220,R,L,"Oct 3, 1988","Huntington, NY, US","Drafted by the Arizona Diamondbacks in the 1st round (45th pick) of the 2009 amateur draft. Player signed June 19, 2009.","Boston College (Chestnut Hill, MA)","Commack HS (Commack, NY)",Michael John
15,Engel Beltre,23.237,Jun 26,"Sep 23, 2013",/H987D,TEX,0.1,6-2,180,L,L,"Nov 1, 1989","Santo Domingo, Distrito Nacional, DO",Signed by the Boston Red Sox as an amateur free agent in 2006.,,,Engel Manuel
16,Christian Bethancourt,22.027,Sep 29,,/H,ATL,0.1,6-3,205,R,R,"Sep 2, 1991","Panama, Panama, PA",Signed by the Atlanta Braves as an amateur free agent in 2008.,,,Christian Gabriel
17,Chad Bettis,24.097,Aug 1,"Aug 13, 2019",1/H,COL,2.5,6-0,201,R,R,"Apr 26, 1989","Lubbock, TX, US","Drafted by the Colorado Rockies in the 2nd round of the 2010 amateur draft. Player signed June 11, 2010.","Texas Tech University (Lubbock, TX)","Monterey HS (Lubbock, TX)",Chad Robert
18,Vic Black,25.063,Jul 25,"Sep 13, 2014",/1,PIT,0.5,6-4,210,R,R,"May 23, 1988","Amarillo, TX, US","Drafted by the Pittsburgh Pirates in the 1st round (49th pick) of the 2009 amateur draft. Player signed June 22, 2009.","Dallas Baptist University (Dallas, TX)","Amarillo HS (Amarillo, TX)",Victor Laurence
19,Michael Blazek,24.098,Jun 22,"Jul 30, 2019",1,STL,-0.5,6-0,205,R,R,"Mar 16, 1989","Las Vegas, NV, US","Drafted by the St. Louis Cardinals in the 35th round of the 2007 amateur draft. Player signed June 15, 2007.",,"Arbor View HS (Las Vegas, NV)",Michael Robert
20,Xander Bogaerts,20.323,Aug 20,,/56H,BOS,34.9,6-2,218,R,R,"Oct 1, 1992","Oranjestad, AW",Signed by the Boston Red Sox as an amateur free agent in 2009.,,"Colegio Arubano (Oranjestad, Aruba)",Xander Jan
21,Buddy Boshers,25.093,Aug 10,"Sep 28, 2019",1,LAA,0.3,6-3,222,L,L,"May 9, 1988","Huntsville, AL, US","Drafted by the Los Angeles Angels of Anaheim in the 4th round of the 2008 amateur draft. Player signed June 17, 2008.","Calhoun Community College (Decatur, AL)","Lee HS (Huntsville, AL)",Jeffrey Alan
22,Jackie Bradley Jr.,22.347,Apr 1,,87/H9,BOS,17.4,5-10,196,L,R,"Apr 19, 1990","Richmond, VA, US","Drafted by the Boston Red Sox in the 1st round (40th pick) of the 2011 amateur draft. Player signed August 15, 2011.","University of South Carolina (Columbia, SC)","Prince George HS (Prince George, VA)",Jackie
23,Ryan Brasier,25.249,May 2,,/1,LAA,1.6,6-0,227,R,R,"Aug 26, 1987","Wichita Falls, TX, US","Drafted by the Los Angeles Angels of Anaheim in the 6th round of the 2007 amateur draft. Player signed June 10, 2007.","Weatherford College (Weatherford, TX)","Rider HS (Wichita Falls, TX)",Ryan David
24,Charles Brewer,25.064,Jun 10,"Jul 8, 2013",/1,ARI,0.1,6-3,210,R,R,"Apr 7, 1988","Paradise Valley, AZ, US","Drafted by the Arizona Diamondbacks in the 12th round of the 2009 amateur draft. Player signed June 19, 2009.","University of California, Los Angeles (Los Angeles, CA)","Chaparral HS (Scottsdale, AZ)",Charles Robert
25,Drake Britton,24.059,Jul 20,"Sep 28, 2014",1/DH,BOS,0.5,6-2,215,L,L,"May 22, 1989","Waco, TX, US","Drafted by the Boston Red Sox in the 23rd round of the 2007 amateur draft. Player signed August 15, 2007.",,"Tomball HS (Tomball, TX)",John Drake
26,Hiram Burgos,25.259,Apr 20,"May 21, 2013",/1,MIL,-0.8,5-11,210,R,R,"Aug 4, 1987","Cayey, PR","Drafted by the Milwaukee Brewers in the 6th round of the 2009 amateur draft. Player signed June 15, 2009.","Bethune-Cookman University (Daytona Beach, FL)","Puerto Rico Baseball Academy (Gurabo, Puerto Rico)",Hiram Alexis
27,Nick Buss,26.273,Sep 14,"Oct 2, 2016",/7H98,LAD,-0.6,6-2,190,L,R,"Dec 15, 1986","Southfield, MI, US","Drafted by the Los Angeles Dodgers in the 8th round of the 2008 amateur draft. Player signed June 12, 2008.","San Diego Mesa College (San Diego, CA), University of Southern California (Los Angeles, CA)","De La Salle Collegiate HS (Warren, MI)",Nicholas Gregory
28,Joey Butler,27.148,Aug 7,"Oct 4, 2015",/7HD9,TEX,0.7,6-2,220,R,R,"Mar 12, 1986","Pascagoula, MS, US","Drafted by the Texas Rangers in the 15th round of the 2008 amateur draft. Player signed June 13, 2008.","Mississippi Gulf Coast Community College (Perkinston, MS), University of New Orleans (New Orleans, LA)","Pascagoula HS (Pascagoula, MS)",Joseph Frank
29,Keith Butler,24.122,Jun 1,"Apr 16, 2014",1,STL,-0.1,6-0,170,R,R,"Jan 30, 1989","Bowling Green, KY, US","Drafted by the St. Louis Cardinals in the 24th round of the 2009 amateur draft. Player signed June 14, 2009.","Wabash Valley College (Mount Carmel, IL)","Butler County HS (Morgantown, KY)",Keith Allen
30,Cesar Cabral,24.203,Sep 2,"Jun 7, 2015",/1,NYY,-0.1,6-3,250,L,L,"Feb 11, 1989","Sabana Grande de Palenque, San Cristobal, DO",Signed by the Boston Red Sox as an amateur free agent in 2005.,,,Cesar Augusto
31,Arquimedes Caminero,26.061,Aug 16,"Oct 2, 2016",1,MIA,0.4,6-4,245,R,R,"Jun 16, 1987","Santo Domingo, Distrito Nacional, DO",Signed by the Florida Marlins as an amateur free agent in 2005.,,,Arquimedes Euclides
32,Nick Castellanos,21.181,Sep 1,,/7HD,DET,12.2,6-4,203,R,R,"Mar 4, 1992","Hialeah, FL, US","Drafted by the Detroit Tigers in the 1st round (44th pick) of the 2010 amateur draft. Player signed August 16, 2010.",,"Archbishop McCarthy HS (Southwest Ranches, FL)",Nicholas Alexander
33,Simon Castro,25.087,Jul 5,"Sep 30, 2017",/1,CHW,0.2,6-5,230,R,R,"Apr 9, 1988","San Jose de los Llanos, San Pedro de Macoris, DO",Signed by the San Diego Padres as an amateur free agent in 2006.,,,Simon
34,Juan Centeno,23.306,Sep 18,"Sep 27, 2019",/2,NYM,-0.5,5-9,195,L,R,"Nov 16, 1989","Arecibo, PR","Drafted by the New York Mets in the 32nd round of the 2007 amateur draft. Player signed June 11, 2007.",,"Antonio Luchetti (Arecibo, Puerto Rico)",Juan Carlos
35,Kevin Chapman,25.171,Aug 9,"Oct 2, 2016",1,HOU,0.4,6-3,230,L,L,"Feb 19, 1988","Coral Springs, FL, US","Drafted by the Kansas City Royals in the 4th round of the 2010 amateur draft. Player signed July 6, 2010.","University of Florida (Gainesville, FL)","Westminster Academy (Fort Lauderdale, FL)",Kevin Allen
36,Michael Choice,23.296,Sep 2,"Jun 24, 2015",/98D7H,OAK,-2.0,6-0,230,R,R,"Nov 10, 1989","Fort Worth, TX, US","Drafted by the Oakland Athletics in the 1st round (10th pick) of the 2010 amateur draft. Player signed July 29, 2010.","University of Texas at Arlington (Arlington, TX)","Mansfield Timberview HS (Arlington, TX)",Michael Blair
37,Nick Christiani,26.037,Aug 23,"May 10, 2014",/1,CIN,-0.1,6-0,190,R,R,"Jul 17, 1987","Elizabeth, NJ, US","Drafted by the Cincinnati Reds in the 13th round of the 2009 amateur draft. Player signed October 5, 2009.","Vanderbilt University (Nashville, TN)","Seton Hall Preparatory School (West Orange, NJ)",Nicholas John
38,Jose Cisnero,24.011,Apr 22,,1,HOU,2.1,6-3,258,R,R,"Apr 11, 1989","Bajos de Haina, San Cristobal, DO",Signed by the Houston Astros as an amateur free agent in 2007.,,,Jose Luis
39,Preston Claiborne,25.104,May 5,"Jun 26, 2017",1,NYY,0.3,6-2,225,R,R,"Jan 21, 1988","Dallas, TX, US","Drafted by the New York Yankees in the 17th round of the 2010 amateur draft. Player signed June 12, 2010.","Tulane University (New Orleans, LA)","Newman Smith HS (Carrollton, TX)",Preston Michael
40,Cody Clark,31.343,Aug 23,"Sep 25, 2013",2/H,HOU,-0.3,6-3,200,R,R,"Sep 14, 1981","Fayetteville, AR, US","Drafted by the Texas Rangers in the 11th round of the 2003 amateur draft. Player signed June 13, 2003.","University of Arkansas (Fayetteville, AR), Wichita State University (Wichita, KS)","Fayetteville HS (Fayetteville, AR)",Douglas Cody
41,Zach Clark,29.294,May 1,"May 1, 2013",/1,BAL,-0.1,6-0,200,R,R,"Jul 11, 1983","Wilmington, DE, US",Signed by the Baltimore Orioles as an amateur free agent in 2006.,"University of Maryland, Baltimore County (Baltimore, MD)","Newark HS (Newark, DE)",Zachary Higgins
42,Paul Clemens,25.054,Apr 9,"Oct 2, 2016",1,HOU,-1.1,6-3,215,R,R,"Feb 14, 1988","Columbia, SC, US","Drafted by the Atlanta Braves in the 7th round of the 2008 amateur draft. Player signed June 8, 2008.","Louisburg College (Louisburg, NC)","James W. Robinson, Jr. SS (Fairfax, VA)",Paul Arthur
43,Chris Colabello,29.210,May 22,"Apr 20, 2016",3D9/H,MIN,-0.7,6-4,210,R,R,"Oct 24, 1983","Framingham, MA, US",Signed as a Free Agent with the Minnesota Twins in 2012.,"Assumption College (Worcester, MA)","Milford HS (Milford, MA)",Christopher Adrian
44,Gerrit Cole,22.276,Jun 11,,1,PIT,33.7,6-4,220,R,R,"Sep 8, 1990","Newport Beach, CA, US","Drafted by the Pittsburgh Pirates in the 1st round (1st pick) of the 2011 amateur draft. Player signed August 15, 2011.","University of California, Los Angeles (Los Angeles, CA)","Orange Lutheran HS (Orange, CA)",Gerrit Alan
45,Alex Colome,24.150,May 30,,/1,TBR,6.0,6-1,225,R,R,"Dec 31, 1988","Santo Domingo, Distrito Nacional, DO",Signed by the Tampa Bay Devil Rays as an amateur free agent in 2007.,,,Alexander Manuel
46,Jarred Cosart,23.048,Jul 12,"Jun 4, 2017",1,HOU,4.2,6-3,206,R,R,"May 25, 1990","League City, TX, US","Drafted by the Philadelphia Phillies in the 38th round of the 2008 amateur draft. Player signed August 15, 2008.",,"Clear Creek HS (League City, TX)",Jarred Lynn
47,Brandon Cumpton,24.211,Jun 15,"Jul 31, 2018",/1,PIT,0.1,6-2,215,R,R,"Nov 16, 1988","Augusta, GA, US","Drafted by the Pittsburgh Pirates in the 9th round of the 2010 amateur draft. Player signed August 9, 2010.","Georgia Institute of Technology (Atlanta, GA)","Greenbrier HS (Evans, GA)",Brandon Tyler
48,Todd Cunningham,24.132,Jul 30,"Jul 25, 2016",/7H9,ATL,0.0,6-0,205,B,R,"Mar 20, 1989","Jacksonville, AL, US","Drafted by the Atlanta Braves in the 2nd round of the 2010 amateur draft. Player signed June 10, 2010.","Jacksonville State University (Jacksonville, AL)","Jacksonville HS (Jacksonville, AL)",Thomas David
49,Jermaine Curtis,25.291,Apr 27,"Aug 14, 2013",/H7,STL,0.0,5-11,190,R,R,"Jul 10, 1987","Panorama City, CA, US","Drafted by the St. Louis Cardinals in the 5th round of the 2008 amateur draft. Player signed June 11, 2008.","University of California, Los Angeles (Los Angeles, CA)","A. B. Miller HS (Fontana, CA)",Jermaine Antwann
50,Travis d'Arnaud,24.188,Aug 17,,2/H,NYM,7.2,6-2,210,R,R,"Feb 10, 1989","Long Beach, CA, US","Drafted by the Philadelphia Phillies in the 1st round (37th pick) of the 2007 amateur draft. Player signed June 16, 2007.",,"Lakewood HS (Lakewood, CA)",Travis E.
51,Matt Davidson,22.138,Aug 11,,5H,ARI,-0.7,6-3,230,R,R,"Mar 26, 1991","Yucaipa, CA, US","Drafted by the Arizona Diamondbacks in the 1st round (35th pick) of the 2009 amateur draft. Player signed June 15, 2009.",,"Yucaipa HS (Yucaipa, CA)",Matthew Glen
52,Erik Davis,26.237,Jun 2,"Sep 22, 2013",1,WSN,0.1,6-3,205,R,R,"Oct 8, 1986","San Jose, CA, US","Drafted by the San Diego Padres in the 13th round of the 2008 amateur draft. Player signed June 28, 2008.","Stanford University (Palo Alto, CA)","Mountain View HS (Mountain View, CA)",Erik Randall
53,Khris Davis,25.101,Apr 1,"Oct 3, 2021",7H/D,MIL,10.8,5-11,205,R,R,"Dec 21, 1987","Lakewood, CA, US","Drafted by the Milwaukee Brewers in the 7th round of the 2009 amateur draft. Player signed June 26, 2009.","California State University, Fullerton (Fullerton, CA)","Deer Valley HS (Glendale, AZ)",Khristopher Adrian
54,Eury De La Rosa,23.140,Jul 14,"Sep 26, 2014",1,ARI,-0.2,5-9,165,L,L,"Feb 24, 1990","Santiago, Santiago, DO",Signed by the Arizona Diamondbacks as an amateur free agent in 2008.,,,Eury
55,Jose De La Torre,27.207,May 12,"Jul 29, 2013",/1,BOS,-0.1,5-10,195,R,R,"Oct 17, 1985","San Juan, PR",Signed by the Milwaukee Brewers as an amateur free agent in 2004.,"Texarkana College (Texarkana, TX)","Dr. Pedro Albizu Campos (Toa Alta, Puerto Rico)",Jose Hairam
56,Jorge De Leon,25.359,Aug 9,"Sep 28, 2014",1,HOU,-0.2,6-0,185,R,R,"Aug 15, 1987","La Vega, La Vega, DO",Signed by the Houston Astros as an amateur free agent in 2006.,,,Jorge Luis
57,Jaff Decker,23.117,Jun 20,"May 8, 2017",/7H,SDP,-1.5,5-9,190,L,L,"Feb 23, 1990","Phoenix, AZ, US","Drafted by the San Diego Padres in the 1st round (42nd pick) of the 2008 amateur draft. Player signed June 20, 2008.",,"Sunrise Mountain HS (Peoria, AZ)",Jaff Kyle
58,Matt den Dekker,26.019,Aug 29,"Jul 26, 2018",8/9H7,NYM,1.0,6-2,210,L,L,"Aug 10, 1987","Fort Lauderdale, FL, US","Drafted by the New York Mets in the 5th round of the 2010 amateur draft. Player signed July 22, 2010.","University of Florida (Gainesville, FL)","Westminster Academy (Fort Lauderdale, FL)",Matthew Gerrit
59,Jonathan Diaz,28.080,Jun 29,"Oct 4, 2015",/5H4,BOS,-0.2,5-9,155,R,R,"Apr 10, 1985","Miami Beach, FL, US","Drafted by the Toronto Blue Jays in the 12th round of the 2006 amateur draft. Player signed June 13, 2006.","North Carolina State University (Raleigh, NC)","Coral Gables HS (Coral Gables, FL)",Jonathan
60,Corey Dickerson,24.031,Jun 22,,7H8/9D,COL,13.7,6-1,200,L,R,"May 22, 1989","McComb, MS, US","Drafted by the Colorado Rockies in the 8th round of the 2010 amateur draft. Player signed June 9, 2010.","Meridian Community College (Meridian, MS)","Brookhaven Academy (Brookhaven, MS)",McKenzie Corey
61,Derek Dietrich,23.294,May 8,"Sep 27, 2020",4,MIA,5.4,6-2,205,L,R,"Jul 18, 1989","Cleveland, OH, US","Drafted by the Tampa Bay Rays in the 2nd round of the 2010 amateur draft. Player signed June 17, 2010.","Georgia Institute of Technology (Atlanta, GA)","St. Ignatius HS (Cleveland, OH)",Derek Richard
62,Jose Dominguez,22.327,Jun 30,"Oct 1, 2016",/1,LAD,-0.4,6-0,200,R,R,"Aug 7, 1990","San Pedro de Macoris, San Pedro de Macoris, DO",Signed by the Los Angeles Dodgers as an amateur free agent in 2007.,,,Jose Alfredo
63,Jake Dunning,24.308,Jun 16,"May 5, 2014",1,SFG,0.4,6-4,190,R,R,"Aug 12, 1988","Fort Stewart, GA, US","Drafted by the San Francisco Giants in the 33rd round of the 2009 amateur draft. Player signed July 8, 2009.","Indiana University Bloomington (Bloomington, IN)","Clay HS (Green Cove Springs, FL)",Jake Austin
64,Chris Dwyer,25.167,Sep 24,"Sep 28, 2013",/1,KCR,0.1,6-3,210,R,L,"Apr 10, 1988","Boston, MA, US","Drafted by the Kansas City Royals in the 4th round of the 2009 amateur draft. Player signed August 13, 2009.","Clemson University (Clemson, SC)","Salisbury School (Salisbury, CT), St. Mary's HS (Lynn, MA)",Christopher Paul
65,Robbie Erlin,22.204,Apr 30,,1,SDP,-0.8,5-11,200,R,L,"Oct 8, 1990","Oakland, CA, US","Drafted by the Texas Rangers in the 3rd round of the 2009 amateur draft. Player signed July 29, 2009.",,"Scotts Valley HS (Scotts Valley, CA)",Robert Joseph
66,Jose Fernandez,20.250,Apr 7,"Sep 20, 2016",1,MIA,14.2,6-3,240,R,R,"Jul 31, 1992","Santa Clara, Villa Clara, CU","Drafted by the Florida Marlins in the 1st round (14th pick) of the 2011 amateur draft. Player signed August 15, 2011.",,"Braulio Alonso HS (Tampa, FL)",Jose Delfin
67,Josh Fields,27.226,Apr 2,"Sep 26, 2018",1/H,HOU,1.8,6-0,191,R,R,"Aug 19, 1985","Athens, GA, US",Drafted by the Seattle Mariners in the 1st round (20th pick) of the 2008 amateur draft.,"University of Georgia (Athens, GA)","Prince Avenue Christian (Bogart, GA)",Joshua David
68,Wilmer Flores,22.000,Aug 6,,5/4H,NYM,7.0,6-2,213,R,R,"Aug 6, 1991","Valencia, Carabobo, VE",Signed by the New York Mets as an amateur free agent in 2007.,,"Inra (Valencia, Venezuela)",Wilmer Alejandro
69,Brian Flynn,23.138,Sep 4,"Jul 25, 2019",/1,MIA,1.1,6-8,245,L,L,"Apr 19, 1990","Tulsa, OK, US","Drafted by the Detroit Tigers in the 7th round of the 2011 amateur draft. Player signed June 16, 2011.","Wichita State University (Wichita, KS)","Owasso HS (Owasso, OK)",Brian Anthony
70,Nick Franklin,22.086,May 27,"May 8, 2018",4/H6D,SEA,1.2,6-1,190,B,R,"Mar 2, 1991","Sanford, FL, US","Drafted by the Seattle Mariners in the 1st round (27th pick) of the 2009 amateur draft. Player signed August 15, 2009.",,"Lake Brantley HS (Altamonte Springs, FL)",Nicholas Edward
71,Justin Freeman,26.177,Apr 17,"Apr 17, 2013",/1,CIN,-0.1,5-11,175,R,R,"Oct 22, 1986","Macon, GA, US","Drafted by the Cincinnati Reds in the 32nd round of the 2008 amateur draft. Player signed June 9, 2008.","Kennesaw State University (Kennesaw, GA)","Mary Persons HS (Forsyth, GA)",Justin Michael
72,Nate Freiman,26.093,Apr 3,"Sep 27, 2014",3HD,OAK,0.0,6-8,245,R,R,"Dec 31, 1986","Washington, DC, US","Drafted by the San Diego Padres in the 8th round of the 2009 amateur draft. Player signed June 15, 2009.","Duke University (Durham, NC)","Wellesley HS (Wellesley, MA)",Nathan Samuel
73,Rey Fuentes,22.195,Aug 26,"Sep 30, 2017",8H/7,SDP,-0.6,6-0,160,L,L,"Feb 12, 1991","Orlando, FL, US","Drafted by the Boston Red Sox in the 1st round (28th pick) of the 2009 amateur draft. Player signed July 1, 2009.",,"Fernando Callejo HS (Manati, Puerto Rico)",Reymond Louis
74,Kyuji Fujikawa,32.254,Apr 1,"May 15, 2015",1,CHC,-0.4,6-0,190,L,R,"Jul 21, 1980","Kochi, Kochi, JP",Signed as a Free Agent with the Chicago Cubs in 2012.,,Kochi Shogyo HS (Japan),Kyuji
75,Leury Garcia,22.019,Apr 6,,4/H56D,TEX,4.0,5-8,190,B,R,"Mar 18, 1991","Santiago, Santiago, DO",Signed by the Texas Rangers as an amateur free agent in 2007.,,"Liceo Ercilia Pepin (San Francisco de Macoris, Dominican Republic)",Leury
76,Luis Garcia,26.161,Jul 10,,1,PHI,2.5,6-2,240,R,R,"Jan 30, 1987","Santo Domingo, Distrito Nacional, DO",Signed by the Los Angeles Dodgers as an amateur free agent in 2004.,,,Luis Amado
77,Onelki García,24.040,Sep 11,"Sep 2, 2017",/1,LAD,-0.4,6-3,225,L,L,"Aug 2, 1989","Guantanamo, Guantanamo, CU","Drafted by the Los Angeles Dodgers in the 3rd round of the 2012 amateur draft. Player signed June 19, 2012.",,,Onelki
78,John Gast,24.087,May 14,"May 25, 2013",/1,STL,0.0,6-2,190,L,L,"Feb 16, 1989","Altamonte Springs, FL, US","Drafted by the St. Louis Cardinals in the 6th round of the 2010 amateur draft. Player signed July 6, 2010.","Florida State University (Tallahassee, FL)","Lake Brantley HS (Altamonte Springs, FL)",John Walter
79,Evan Gattis,26.228,Apr 3,"Sep 30, 2018",72H/3D,ATL,8.5,6-4,270,R,R,"Aug 18, 1986","Dallas, TX, US","Drafted by the Atlanta Braves in the 23rd round of the 2010 amateur draft. Player signed June 10, 2010.","University of Texas of the Permian Basin (Odessa, TX)","Bishop Lynch HS (Dallas, TX)",James Evan
80,Kevin Gausman,22.137,May 23,,1,BAL,19.5,6-2,205,L,R,"Jan 6, 1991","Centennial, CO, US","Drafted by the Baltimore Orioles in the 1st round (4th pick) of the 2012 amateur draft. Player signed July 13, 2012.","Louisiana State University (Baton Rouge, LA)","Grandview HS (Aurora, CO)",Kevin John
81,Scooter Gennett,23.033,Jun 3,"Aug 26, 2019",4H,MIL,7.1,5-10,185,L,R,"May 1, 1990","Cincinnati, OH, US","Drafted by the Milwaukee Brewers in the 16th round of the 2009 amateur draft. Player signed August 17, 2009.",,"Sarasota HS (Sarasota, FL)",Ryan Joseph
82,Gonzalez Germen,25.292,Jul 12,"Aug 10, 2016",1,NYM,0.2,6-1,200,R,R,"Sep 23, 1987","Guaymate, La Romana, DO",Signed by the New York Mets as an amateur free agent in 2007.,,,Gonzalez German
83,Kyle Gibson,25.249,Jun 29,,1,MIN,14.1,6-6,215,R,R,"Oct 23, 1987","Greenfield, IN, US","Drafted by the Minnesota Twins in the 1st round (22nd pick) of the 2009 amateur draft. Player signed August 17, 2009.","University of Missouri (Columbia, MO)","Greenfield Central HS (Greenfield, IN)",Kyle Benjamin
84,Caleb Gindl,24.288,Jun 15,"May 11, 2014",7H/9,MIL,0.0,5-8,210,L,L,"Aug 31, 1988","Pensacola, FL, US","Drafted by the Milwaukee Brewers in the 5th round of the 2007 amateur draft. Player signed June 9, 2007.",,"Pace HS (Pace, FL)",Caleb Charles
85,Ryan Goins,25.191,Aug 23,"Aug 29, 2020",4/6H,TOR,3.8,5-10,180,L,R,"Feb 13, 1988","Temple, TX, US","Drafted by the Toronto Blue Jays in the 4th round of the 2009 amateur draft. Player signed July 16, 2009.","Dallas Baptist University (Dallas, TX)","Stony Point HS (Round Rock, TX)",Ryan Matthew
86,Miguel Gonzalez,22.281,Sep 10,"Sep 28, 2013",/2DH,CHW,0.0,5-11,220,R,R,"Dec 3, 1990","Porlamar, Nueva Esparta, VE",Signed by the Chicago White Sox as an amateur free agent in 2008.,,,Miguel Antonio
87,Tuffy Gosewisch,29.349,Aug 1,"May 21, 2017",2/H,ARI,-1.2,5-11,185,R,R,"Aug 17, 1983","Freeport, IL, US","Drafted by the Philadelphia Phillies in the 11th round of the 2005 amateur draft. Player signed June 30, 2005.","Arizona State University (Tempe, AZ)","Horizon HS (Scottsdale, AZ)",James Benjamin
88,Phil Gosselin,24.317,Aug 16,,/4H,ATL,-0.3,6-1,188,R,R,"Oct 3, 1988","Bryn Mawr, PA, US","Drafted by the Atlanta Braves in the 5th round of the 2010 amateur draft. Player signed June 20, 2010.","University of Virginia (Charlottesville, VA)","Malvern Prep HS (Malvern, PA)",Philip David
89,Sonny Gray,23.245,Jul 10,,1,OAK,24.9,5-10,195,R,R,"Nov 7, 1989","Smyrna, TN, US","Drafted by the Oakland Athletics in the 1st round (18th pick) of the 2011 amateur draft. Player signed July 25, 2011.","Vanderbilt University (Nashville, TN)","Smyrna HS (Smyrna, TN)",Sonny Douglas
90,Grant Green,25.284,Jul 8,"Apr 20, 2017",/4,OAK,-1.7,6-3,180,R,R,"Sep 27, 1987","Fullerton, CA, US","Drafted by the Oakland Athletics in the 1st round (13th pick) of the 2009 amateur draft. Player signed August 17, 2009.","University of Southern California (Los Angeles, CA)","Canyon HS (Anaheim, CA)",Grant Thomas
91,Robbie Grossman,23.220,Apr 24,,78/9D,HOU,10.3,6-0,209,B,L,"Sep 16, 1989","San Diego, CA, US","Drafted by the Pittsburgh Pirates in the 6th round of the 2008 amateur draft. Player signed August 14, 2008.",,"Cy-Fair HS (Cypress, TX)",Robert Edward
92,Preston Guilmet,25.348,Jul 10,"Oct 1, 2021",/1,CLE,-1.2,6-2,200,R,R,"Jul 27, 1987","Roseville, CA, US","Drafted by the Cleveland Indians in the 9th round of the 2009 amateur draft. Player signed June 16, 2009.","University of Arizona (Tucson, AZ)","Oakmont HS (Roseville, CA)",Preston Blake
93,Jedd Gyorko,24.190,Apr 1,"Sep 27, 2020",*45/H,SDP,9.2,5-10,205,R,R,"Sep 23, 1988","Morgantown, WV, US","Drafted by the San Diego Padres in the 2nd round of the 2010 amateur draft. Player signed June 15, 2010.","West Virginia University (Morgantown, WV)","University HS (Morgantown, WV)",Jedd Lindon
94,David Hale,25.351,Sep 13,"Jun 23, 2021",/1,ATL,1.7,6-2,210,R,R,"Sep 27, 1987","Atlanta, GA, US","Drafted by the Atlanta Braves in the 3rd round of the 2009 amateur draft. Player signed July 9, 2009.","Princeton University (Princeton, NJ)","The Walker School (Marietta, GA)",David Edward
95,Sean Halton,26.020,Jun 27,"Sep 29, 2013",3H/795,MIL,-0.4,6-4,260,R,R,"Jun 7, 1987","San Francisco, CA, US","Drafted by the Milwaukee Brewers in the 13th round of the 2009 amateur draft. Player signed June 15, 2009.","Fresno City College (Fresno, CA), Lewis-Clark State College (Lewiston, ID)","Fresno HS (Fresno, CA)",Sean Michael
96,Billy Hamilton,22.359,Sep 3,,/8H,CIN,10.0,6-0,160,R,R,"Sep 9, 1990","Taylorsville, MS, US","Drafted by the Cincinnati Reds in the 2nd round of the 2009 amateur draft. Player signed June 13, 2009.",,"Taylorsville HS (Taylorsville, MS)",Billy R.
97,Donovan Hand,27.036,May 26,"Jun 17, 2015",1,MIL,0.8,6-3,238,R,R,"Apr 20, 1986","Tecumseh, AL, US","Drafted by the Milwaukee Brewers in the 14th round of the 2007 amateur draft. Player signed June 9, 2007.","Jacksonville State University (Jacksonville, AL)","Hatton HS (Town Creek, AL)",Donovan Jay
98,Johnny Hellweg,24.242,Jun 28,"Sep 26, 2013",/1,MIL,-1.4,6-8,220,R,R,"Oct 29, 1988","Ann Arbor, MI, US","Drafted by the Los Angeles Angels of Anaheim in the 16th round of the 2008 amateur draft. Player signed June 10, 2008.","Florida State College at Jacksonville (Jacksonville, FL)","St. Dominic HS (O'Fallon, MO)",Johnny David
99,Heath Hembree,24.233,Sep 3,,/1,SFG,0.5,6-4,220,R,R,"Jan 13, 1989","Spartanburg, SC, US","Drafted by the San Francisco Giants in the 5th round of the 2010 amateur draft. Player signed July 3, 2010.","College of Charleston (Charleston, SC), University of South Carolina (Columbia, SC)","Broome HS (Spartanburg, SC)",Richard Heath
100,Cesar Hernandez,23.006,May 29,,84/H,PHI,13.2,5-10,183,B,R,"May 23, 1990","Valencia, Carabobo, VE",Signed by the Philadelphia Phillies as an amateur free agent in 2006.,,,Cesar Augusto
101,Aaron Hicks,23.181,Apr 1,,8,MIN,13.8,6-1,205,B,R,"Oct 2, 1989","San Pedro, CA, US","Drafted by the Minnesota Twins in the 1st round (14th pick) of the 2008 amateur draft. Player signed June 13, 2008.",,"Woodrow Wilson HS (Long Beach, CA)",Aaron Michael
102,David Holmberg,22.039,Aug 27,"Sep 29, 2017",/1,ARI,-1.0,6-3,245,R,L,"Jul 19, 1991","Houston, TX, US","Drafted by the Chicago White Sox in the 2nd round of the 2009 amateur draft. Player signed June 12, 2009.",,"Port Charlotte HS (Port Charlotte, FL)",David Andrew
103,Colt Hynes,28.016,Jul 14,"Apr 18, 2015",1,SDP,-0.7,5-11,200,L,L,"Jun 28, 1985","Oklahoma City, OK, US","Drafted by the San Diego Padres in the 31st round of the 2007 amateur draft. Player signed June 10, 2007.","Texas Tech University (Lubbock, TX)","Weatherford HS (Weatherford, TX)",Joshua Colt
104,Phil Irwin,26.048,Apr 14,"Jul 8, 2014",/1,PIT,-0.3,6-3,210,R,R,"Feb 25, 1987","Germantown, TN, US","Drafted by the Pittsburgh Pirates in the 21st round of the 2009 amateur draft. Player signed June 21, 2009.","University of Mississippi (Oxford, MS)","Christian Brothers HS (Memphis, TN)",Phillip Andrew
105,Luis Jimenez,25.084,Apr 12,"May 6, 2015",5/3DH6,LAA,-0.4,6-1,205,R,R,"Jan 18, 1988","Santo Domingo, Distrito Nacional, DO",Signed by the Los Angeles Angels of Anaheim as an amateur free agent in 2005.,,"Colectivo Lucretia Diaz (Santo Domingo, Dominican Republic)",Luis Domingo
106,Erik Johnson,23.248,Sep 4,"Jun 28, 2016",/1,CHW,-0.4,6-3,230,R,R,"Dec 30, 1989","Mountain View, CA, US","Drafted by the Chicago White Sox in the 2nd round of the 2011 amateur draft. Player signed July 6, 2011.","University of California, Berkeley (Berkeley, CA)","Los Altos HS (Los Altos, CA)",Erik Craig
107,Kris Johnson,28.308,Aug 18,"Jul 21, 2014",/1,PIT,0.0,6-4,205,L,L,"Oct 14, 1984","West Covina, CA, US","Drafted by the Boston Red Sox in the 1st round (40th pick) of the 2006 amateur draft. Player signed June 7, 2006.","Wichita State University (Wichita, KS)","Blue Springs HS (Blue Springs, MO)",Kristofer Michael
108,Taylor Jordan,24.163,Jun 29,"Jul 18, 2015",/1,WSN,-0.3,6-5,210,R,R,"Jan 17, 1989","Merritt Island, FL, US","Drafted by the Washington Nationals in the 9th round of the 2009 amateur draft. Player signed June 14, 2009.","Eastern Florida State College (Cocoa, FL)","Merritt Island HS (Merritt Island, FL)",Taylor Joseph
109,Corban Joseph,24.197,May 13,"Sep 28, 2019",/34,NYY,-0.6,6-0,185,L,R,"Oct 28, 1988","Nashville, TN, US","Drafted by the New York Yankees in the 4th round of the 2008 amateur draft. Player signed June 10, 2008.",,"Franklin HS (Franklin, TN)",Corban Reece
110,Donnie Joseph,25.252,Jul 11,"Jun 16, 2014",/1,KCR,0.2,6-3,190,L,L,"Nov 1, 1987","San Marcos, TX, US","Drafted by the Cincinnati Reds in the 3rd round of the 2009 amateur draft. Player signed June 12, 2009.","University of Houston (Houston, TX)","Jack C. Hays HS (Buda, TX)",Don Atley
111,Nate Karns,25.184,May 28,"Apr 8, 2019",/1,WSN,3.1,6-3,225,R,R,"Nov 25, 1987","Franklin, PA, US","Drafted by the Washington Nationals in the 12th round of the 2009 amateur draft. Player signed August 17, 2009.","Texas Tech University (Lubbock, TX)","James W. Martin HS (Arlington, TX)",Nathan Alan
112,Mike Kickham,24.167,May 28,"May 2, 2021",1,SFG,-1.9,6-4,220,L,L,"Dec 12, 1988","St. Louis, MO, US","Drafted by the San Francisco Giants in the 6th round of the 2010 amateur draft. Player signed August 12, 2010.","Missouri State University (Springfield, MO)","Glendale HS (Springfield, MO)",Michael Joseph
113,Kevin Kiermaier,23.161,Sep 30,,/8,TBR,31.8,6-1,210,L,R,"Apr 22, 1990","Fort Wayne, IN, US","Drafted by the Tampa Bay Rays in the 31st round of the 2010 amateur draft. Player signed June 11, 2010.","Parkland College (Champaign, IL)","Bishop Luers HS (Fort Wayne, IN)",Kevin James
114,Roger Kieschnick,26.191,Jul 31,"Aug 7, 2014",7H,SFG,-0.8,6-3,225,L,R,"Jan 21, 1987","Dallas, TX, US","Drafted by the San Francisco Giants in the 3rd round of the 2008 amateur draft. Player signed August 13, 2008.","Texas Tech University (Lubbock, TX)","Rockwall HS (Rockwall, TX)",Roger Keith
115,Jeff Kobernus,24.329,May 25,"Sep 28, 2014",H/789,WSN,-0.2,6-2,190,R,R,"Jun 30, 1988","San Leandro, CA, US","Drafted by the Washington Nationals in the 2nd round of the 2009 amateur draft. Player signed June 29, 2009.","University of California, Berkeley (Berkeley, CA)","Bishop O'Dowd HS (Oakland, CA)",Jeffrey Gilbert
116,Marc Krauss,25.259,Jun 21,"Jul 24, 2015",7HD/93,HOU,-1.4,6-2,245,L,R,"Oct 5, 1987","Deshler, OH, US","Drafted by the Arizona Diamondbacks in the 2nd round of the 2009 amateur draft. Player signed June 15, 2009.","Ohio University (Athens, OH)","Patrick Henry HS (Hamler, OH)",Mark Stuart
117,Ian Krol,22.027,Jun 5,"Oct 1, 2021",1,WSN,-0.4,6-1,210,L,L,"May 9, 1991","Hinsdale, IL, US","Drafted by the Oakland Athletics in the 7th round of the 2009 amateur draft. Player signed August 17, 2009.",,"Neuqua Valley HS (Naperville, IL)",Ian A.
118,Bobby LaFromboise,26.289,Apr 10,"Oct 3, 2015",1,SEA,0.1,6-4,225,L,L,"Jun 25, 1986","Downey, CA, US","Drafted by the Seattle Mariners in the 8th round of the 2008 amateur draft. Player signed June 10, 2008.","Rio Hondo College (Whittier, CA), University of New Mexico (Albuquerque, NM)","Earl Warren HS (Downey, CA)",Robert Joseph
119,Juan Lagares,24.037,Apr 23,,*89H,NYM,11.2,6-2,219,R,R,"Mar 17, 1989","Constanza, La Vega, DO",Signed by the New York Mets as an amateur free agent in 2006.,,"Centro Educalivo Juan Pablo Duarte (San Pedro de Macoris, Dominican Republic)",Juan Osvaldo
120,Junior Lake,23.114,Jul 19,"Aug 15, 2016",78/H,CHC,-0.8,6-2,230,R,R,"Mar 27, 1990","San Pedro de Macoris, San Pedro de Macoris, DO",Signed by the Chicago Cubs as an amateur free agent in 2007.,,,Junior Osvaldo
121,Andrew Lambo,25.002,Aug 13,"Apr 7, 2016",H/97,PIT,-0.7,6-3,220,L,L,"Aug 11, 1988","Newbury Park, CA, US","Drafted by the Los Angeles Dodgers in the 4th round of the 2007 amateur draft. Player signed June 13, 2007.",,"Newbury Park HS (Thousand Oaks, CA)",Andrew Francis
122,Matt Langwell,27.027,Jun 2,"Sep 27, 2013",/1,CLE,0.0,6-2,220,R,R,"May 6, 1986","Bryan, TX, US","Drafted by the Cleveland Indians in the 11th round of the 2008 amateur draft. Player signed June 22, 2008.","Rice University (Houston, TX), Sam Houston State University (Huntsville, TX)","A&M Consolidated HS (College Station, TX)",Matthew August
123,C.C. Lee,26.266,Jul 14,"Sep 30, 2015",/1,CLE,-0.1,5-11,190,R,R,"Oct 21, 1986","Peng-Hu County, TW",Signed by the Cleveland Indians as an amateur free agent in 2008.,Taipei Physical Education College (Taiwan),,Chen-Chang
124,Charles Leesman,26.152,Aug 9,"Apr 22, 2014",/1,CHW,-0.7,6-4,215,L,L,"Mar 10, 1987","Cincinnati, OH, US","Drafted by the Chicago White Sox in the 11th round of the 2008 amateur draft. Player signed August 14, 2008.","Xavier University (Cincinnati, OH)","Elder HS (Cincinnati, OH)",Charles James
125,Chang-Yong Lim,37.095,Sep 7,"Sep 27, 2013",/1,CHC,0.0,5-11,175,R,R,"Jun 4, 1976","Gwangju, Gwangju, KR",Signed as a Free Agent with the Chicago Cubs in 2012.,,,Chang-Yong
126,Chia-Jen Lo,27.115,Jul 31,"Sep 28, 2013",1,HOU,0.2,5-11,205,R,R,"Apr 7, 1986","Pingtung County, TW",Signed as a Free Agent with the Houston Astros in 2008.,"Chinese Culture University (Taipei, Taiwan)",,Chia-Jen
127,Ed Lucas,31.009,May 30,"Sep 26, 2014",534/6H7,MIA,0.7,6-3,210,R,R,"May 21, 1982","Grand Rapids, MI, US","Drafted by the Kansas City Royals in the 8th round of the 2004 amateur draft. Player signed June 16, 2004.","Dartmouth College (Hanover, NH)","Spruce Creek HS (Port Orange, FL)",Edward Lee
128,Donald Lutz,24.082,Apr 29,"Sep 24, 2014",H7/9,CIN,-0.6,6-4,230,L,R,"Feb 6, 1989","Watertown, NY, US",Signed by the Cincinnati Reds as an amateur free agent in 2007.,,,Donald Thomas
129,Tyler Lyons,25.090,May 22,"Sep 23, 2020",1,STL,0.5,6-2,210,L,L,"Feb 21, 1988","Lubbock, TX, US","Drafted by the St. Louis Cardinals in the 9th round of the 2010 amateur draft. Player signed July 22, 2010.","Oklahoma State University (Stillwater, OK)","Frenship HS (Wolfforth, TX)",Tyler William
130,Matt Magill,23.168,Apr 27,"Aug 27, 2020",/1,LAD,-0.6,6-3,210,R,R,"Nov 10, 1989","Simi Valley, CA, US","Drafted by the Los Angeles Dodgers in the 31st round of the 2008 amateur draft. Player signed June 20, 2008.",,"Royal HS (Simi Valley, CA)",Matthew W.
131,Seth Maness,24.201,May 3,"Jun 4, 2017",1,STL,2.3,6-0,190,R,R,"Oct 14, 1988","Pinehurst, NC, US","Drafted by the St. Louis Cardinals in the 11th round of the 2011 amateur draft. Player signed June 12, 2011.","East Carolina University (Greenville, NC)","Pinecrest HS (Southern Pines, NC)",Michael Seth
132,Jake Marisnick,22.115,Jul 23,,8/H,MIA,11.5,6-4,220,R,R,"Mar 30, 1991","Riverside, CA, US","Drafted by the Toronto Blue Jays in the 3rd round of the 2009 amateur draft. Player signed August 17, 2009.",,"Riverside Polytechnic HS (Riverside, CA)",Jacob Shawn
133,Brett Marshall,23.054,May 15,"Sep 29, 2013",/1,NYY,0.0,6-1,195,R,R,"Mar 22, 1990","Highlands, TX, US","Drafted by the New York Yankees in the 6th round of the 2008 amateur draft. Player signed August 6, 2008.",,"Ross S. Sterling HS (Baytown, TX)",Brett Edward
134,Alfredo Marte,24.002,Apr 2,"Jun 23, 2015",H/7D9,ARI,-1.0,5-11,200,R,R,"Mar 31, 1989","Santo Domingo, Distrito Nacional, DO",Signed by the Arizona Diamondbacks as an amateur free agent in 2005.,,,Alfredo
135,Ethan Martin,24.057,Aug 2,"Jun 7, 2014",1,PHI,-0.6,6-2,225,R,R,"Jun 6, 1989","Athens, GA, US","Drafted by the Los Angeles Dodgers in the 1st round (15th pick) of the 2008 amateur draft. Player signed July 10, 2008.",,"Stephens County School (Toccoa, GA)",Ethan Cash
136,Carlos Martinez,21.224,May 3,"Jul 4, 2021",1,STL,13.7,6-0,200,R,R,"Sep 21, 1991","Puerto Plata, Puerto Plata, DO",Signed by the Boston Red Sox as an amateur free agent in 2009.,,,Carlos Ernesto
137,David Martinez,26.017,Aug 21,"Jul 13, 2014",/1,HOU,-0.4,6-2,220,R,R,"Aug 4, 1987","Cumana, Sucre, VE",Signed by the Houston Astros as an amateur free agent in 2005.,,,David Jose
138,Brandon Maurer,22.275,Apr 4,"Sep 25, 2018",1,SEA,-3.4,6-5,225,R,R,"Jul 3, 1990","Newport Beach, CA, US","Drafted by the Seattle Mariners in the 23rd round of the 2008 amateur draft. Player signed July 7, 2008.",,"Orange Lutheran HS (Orange, CA)",Brandon Eugene
139,T.J. McFarland,23.302,Apr 6,,1,BAL,0.0,6-3,200,L,L,"Jun 8, 1989","Palos Park, IL, US","Drafted by the Cleveland Indians in the 4th round of the 2007 amateur draft. Player signed August 14, 2007.",,"Amos Alonzo Stagg HS (Palos Hills, IL)",Timothy John
140,Chris McGuiness,25.057,Jun 7,"Jun 17, 2013",3,TEX,-0.3,6-1,210,L,L,"Apr 11, 1988","Charleston, SC, US","Drafted by the Boston Red Sox in the 13th round of the 2009 amateur draft. Player signed June 24, 2009.","The Citadel (Charleston, SC)","James Island HS (Charleston, SC)",Christopher Ryan
141,Tommy Medica,25.155,Sep 11,"Sep 28, 2014",3,SDP,1.4,6-2,205,R,R,"Apr 9, 1988","San Jose, CA, US","Drafted by the San Diego Padres in the 14th round of the 2010 amateur draft. Player signed June 30, 2010.","Santa Clara University (Santa Clara, CA)","Bellarmine College Preparatory (San Jose, CA)",Thomas Anthony
142,Yoervis Medina,24.263,Apr 16,"Jul 26, 2015",1,SEA,2.8,6-3,245,R,R,"Jul 27, 1988","Puerto Cabello, Carabobo, VE",Signed by the Seattle Mariners as an amateur free agent in 2005.,,Liceo Ambrosio Plaza (Venezuela),Yoervis Jose
143,Brad Miller,23.253,Jun 28,,64/5H,SEA,6.4,6-2,195,L,R,"Oct 18, 1989","Orlando, FL, US","Drafted by the Seattle Mariners in the 2nd round of the 2011 amateur draft. Player signed August 15, 2011.","Clemson University (Clemson, SC)","Olympia HS (Orlando, FL)",Bradley Austin
144,Johnny Monell,27.162,Sep 5,"Oct 4, 2015",/H2D,SFG,-0.3,6-1,210,L,R,"Mar 27, 1986","Bronx, NY, US","Drafted by the San Francisco Giants in the 30th round of the 2007 amateur draft. Player signed June 18, 2007.","Seminole State College of Florida (Sanford, FL)","Christopher Columbus HS (Bronx, NY)",Johnny
145,John Ryan Murphy,22.112,Sep 2,"Sep 24, 2020",2/H,NYY,-0.4,5-11,200,R,R,"May 13, 1991","Bradenton, FL, US","Drafted by the New York Yankees in the 2nd round of the 2009 amateur draft. Player signed August 17, 2009.",,"IMG Academy (Bradenton, FL)",John Ryan
146,Wil Myers,22.190,Jun 18,,9D/8H,TBR,13.5,6-3,207,R,R,"Dec 10, 1990","Thomasville, NC, US","Drafted by the Kansas City Royals in the 3rd round of the 2009 amateur draft. Player signed August 14, 2009.",,"Wesleyan Christian Academy (High Point, NC)",William Bradford
147,Jimmy Nelson,24.093,Sep 6,"Jul 30, 2021",/1,MIL,4.7,6-6,250,R,R,"Jun 5, 1989","Klamath Falls, OR, US","Drafted by the Milwaukee Brewers in the 2nd round of the 2010 amateur draft. Player signed June 22, 2010.","University of Alabama (Tuscaloosa, AL)","Niceville HS (Niceville, FL)",James Jacob
148,Sean Nolin,23.149,May 24,"Oct 1, 2021",/1,TOR,-0.5,6-4,250,L,L,"Dec 26, 1989","Seaford, NY, US","Drafted by the Toronto Blue Jays in the 6th round of the 2010 amateur draft. Player signed July 13, 2010.","San Jacinto College (Pasadena, TX), San Jacinto College, North Campus (Houston, TX)","Seaford HS (Seaford, NY)",Sean Patrick
149,Nick Noonan,23.334,Apr 3,"Aug 19, 2016",H45/6,SFG,-1.2,6-1,185,L,R,"May 4, 1989","Poway, CA, US","Drafted by the San Francisco Giants in the 1st round (32nd pick) of the 2007 amateur draft. Player signed June 19, 2007.",,"Parker HS (San Diego, CA)",Nicholas Murphy
150,Vidal Nuno III,25.277,Apr 29,"Sep 28, 2018",/1,NYY,3.8,5-11,210,L,L,"Jul 26, 1987","National City, CA, US","Drafted by the Cleveland Indians in the 48th round of the 2009 amateur draft. Player signed June 17, 2009.","Baker University (Baldwin City, KS)","Sweetwater HS (National City, CA)",Vidal Vicente
151,Brett Oberholtzer,23.294,Apr 21,"Oct 1, 2016",1,HOU,2.7,6-1,225,L,L,"Jul 1, 1989","Christiana, DE, US","Drafted by the Atlanta Braves in the 8th round of the 2008 amateur draft. Player signed June 7, 2008.","Seminole State College of Florida (Sanford, FL)","William Penn HS (New Castle, DE)",Brett Raymond
152,Edgar Olmos,23.052,Jun 3,"Sep 4, 2015",/1,MIA,-0.5,6-4,220,L,L,"Apr 12, 1990","Sylmar, CA, US","Drafted by the Florida Marlins in the 3rd round of the 2008 amateur draft. Player signed June 20, 2008.",,"Birmingham HS (Los Angeles, CA)",Edgar
153,Joe Ortiz,22.230,Mar 31,"Sep 20, 2013",1,TEX,-0.3,5-7,175,L,L,"Aug 13, 1990","Caracas, Distrito Federal, VE",Signed by the Texas Rangers as an amateur free agent in 2006.,,,Joseph
154,Chris Owings,22.022,Sep 3,,6/H4,ARI,2.3,5-10,185,R,R,"Aug 12, 1991","Charleston, SC, US","Drafted by the Arizona Diamondbacks in the 1st round (41st pick) of the 2009 amateur draft. Player signed August 11, 2009.",,"Gilbert HS (Gilbert, SC)",Christopher Scott
155,Marcell Ozuna,22.169,Apr 30,,98/H,MIA,20.1,6-1,225,R,R,"Nov 12, 1990","Santo Domingo, Distrito Nacional, DO",Signed by the Florida Marlins as an amateur free agent in 2008.,,,Marcell
156,Curtis Partch,26.116,Jun 9,"Aug 7, 2016",1,CIN,-0.3,6-5,240,R,R,"Feb 13, 1987","Merced, CA, US","Drafted by the Cincinnati Reds in the 26th round of the 2007 amateur draft. Player signed June 12, 2007.","Merced College (Merced, CA)","Merced HS (Merced, CA)",Curtis
157,James Paxton,24.305,Sep 7,"Apr 6, 2021",/1,SEA,12.5,6-4,227,L,L,"Nov 6, 1988","Ladner, BC, CA","Drafted by the Seattle Mariners in the 4th round of the 2010 amateur draft. Player signed March 4, 2011.","University of Kentucky (Lexington, KY)","Delta SS (Ladner, BC)",James Alston
158,Audry Perez,24.266,Sep 15,"Jul 10, 2014",/2H,STL,0.0,5-10,220,R,R,"Dec 23, 1988","Sabana Grande de Palenque, San Cristobal, DO",Signed by the St. Louis Cardinals as an amateur free agent in 2008.,,,Audris Joel
159,Juan Perez,26.208,Jun 9,"Sep 20, 2015",87/H9,SFG,0.4,5-11,185,R,R,"Nov 13, 1986","Santiago, Santiago, DO","Drafted by the San Francisco Giants in the 13th round of the 2008 amateur draft. Player signed August 11, 2008.","Western Oklahoma State College (Altus, OK)","DeWitt Clinton HS (Bronx, NY)",Juan Carlos
160,Brock Peterson,29.242,Jul 20,"Sep 29, 2013",H/73,STL,-0.4,6-3,230,R,R,"Nov 20, 1983","Centralia, WA, US","Drafted by the Minnesota Twins in the 49th round of the 2002 amateur draft. Player signed September 4, 2002.",,"W. F. West HS (Chehalis, WA)",Brock Alan
161,Shane Peterson,25.064,Apr 16,"Jul 23, 2017",/3,OAK,1.0,6-1,196,L,L,"Feb 11, 1988","Fallbrook, CA, US","Drafted by the St. Louis Cardinals in the 2nd round of the 2008 amateur draft. Player signed June 10, 2008.","California State University, Long Beach (Long Beach, CA)","Chaparral HS (Temecula, CA)",Shane Aaron
162,Jake Petricka,25.078,Aug 22,"Sep 10, 2021",1,CHW,1.8,6-4,218,R,R,"Jun 5, 1988","Northfield, MN, US","Drafted by the Chicago White Sox in the 2nd round of the 2010 amateur draft. Player signed June 15, 2010.","Indiana State University (Terre Haute, IN)","Faribault HS (Faribault, MN)",Jacob Steven
163,Jonathan Pettibone,22.277,Apr 22,"Apr 18, 2014",1,PHI,0.9,6-5,230,L,R,"Jul 19, 1990","Placentia, CA, US","Drafted by the Philadelphia Phillies in the 3rd round of the 2008 amateur draft. Player signed August 11, 2008.",,"Esperanza HS (Anaheim, CA)",Harry Jonathan
164,Josh Phegley,25.143,Jul 5,"Aug 25, 2020",2/H4,CHW,2.1,5-10,225,R,R,"Feb 12, 1988","Terre Haute, IN, US","Drafted by the Chicago White Sox in the 1st round (38th pick) of the 2009 amateur draft. Player signed June 25, 2009.","Indiana University Bloomington (Bloomington, IN)","North HS (Terre Haute, IN)",Joshua Aaron
165,Kevin Pillar,24.222,Aug 14,,7/DH9,TOR,16.3,6-0,200,R,R,"Jan 4, 1989","West Hills, CA, US","Drafted by the Toronto Blue Jays in the 32nd round of the 2011 amateur draft. Player signed June 12, 2011.","California State University, Dominguez Hills (Carson, CA)","Chaminade College Preparatory School (West Hills, CA)",Kevin Andrew
166,Stolmy Pimentel,23.215,Sep 4,"May 12, 2015",/1,PIT,-0.2,6-3,230,R,R,"Feb 1, 1990","San Cristobal, San Cristobal, DO",Signed by the Boston Red Sox as an amateur free agent in 2006.,,,Stolmy Ramon
167,Josmil Pinto,24.154,Sep 1,"Oct 2, 2016",2/HD,MIN,0.9,5-11,225,R,R,"Mar 31, 1989","Valencia, Carabobo, VE",Signed by the Minnesota Twins as an amateur free agent in 2006.,,U. E. Franciscana Kumbaya (Venezuela),Josmil Oswaldo
168,Ryan Pressly,24.110,Apr 4,,1,MIN,9.7,6-2,206,R,R,"Dec 15, 1988","Dallas, TX, US","Drafted by the Boston Red Sox in the 11th round of the 2007 amateur draft. Player signed June 18, 2007.",,"American Heritage Academy (Carrollton, TX), Marcus HS (Flower Mound, TX)",Thomas Ryan
169,Josh Prince,25.070,Apr 6,"Jun 20, 2013",/H75D9,MIL,-0.1,6-0,180,R,R,"Jan 26, 1988","Lake Charles, LA, US","Drafted by the Milwaukee Brewers in the 3rd round of the 2009 amateur draft. Player signed June 10, 2009.","Tulane University (New Orleans, LA), University of Texas at Austin (Austin, TX)","Alfred M. Barbe HS (Lake Charles, LA)",Joshua Cole
170,Yasiel Puig,22.178,Jun 3,"Sep 27, 2019",98/H7,LAD,18.6,6-2,240,R,R,"Dec 7, 1990","Cienfuegos, Cienfuegos, CU",Signed by the Los Angeles Dodgers as an amateur free agent in 2012.,,,Yasiel
171,JC Ramirez,24.311,Jun 23,"Aug 12, 2019",1,PHI,0.4,6-5,250,R,R,"Aug 16, 1988","Managua, Managua, NI",Signed by the Seattle Mariners as an amateur free agent in 2005.,,,Juan Carlos
172,Jose Ramirez,20.349,Sep 1,,H/45D6,CLE,40.3,5-9,190,B,R,"Sep 17, 1992","Bani, Peravia, DO",Signed by the Cleveland Indians as an amateur free agent in 2009.,,,Jose Enrique
173,Cory Rasmus,25.197,May 22,"Oct 1, 2016",/1,ATL,0.5,6-0,200,R,R,"Nov 6, 1987","Columbus, GA, US","Drafted by the Atlanta Braves in the 1st round (38th pick) of the 2006 amateur draft. Player signed June 8, 2006.",,"Russell County HS (Seale, AL)",Cory Taylor
174,Evan Reed,27.136,May 16,"Sep 19, 2014",1,DET,-0.2,6-4,255,R,R,"Dec 31, 1985","Santa Maria, CA, US","Drafted by the Texas Rangers in the 3rd round of the 2007 amateur draft. Player signed July 3, 2007.","California Polytechnic State University, San Luis Obispo (San Luis Obispo, CA)","Quincy HS (Quincy, CA)",Evan David
175,Ryan Reid,28.040,Jun 3,"Jul 4, 2013",/1,PIT,0.2,5-11,210,L,R,"Apr 24, 1985","Portland, ME, US","Drafted by the Tampa Bay Devil Rays in the 7th round of the 2006 amateur draft. Player signed June 13, 2006.","James Madison University (Harrisonburg, VA)","Deering HS (Portland, ME)",Ryan Allen
176,Anthony Rendon,22.319,Apr 21,,45/6H,WSN,33.2,6-1,200,R,R,"Jun 6, 1990","Houston, TX, US","Drafted by the Washington Nationals in the 1st round (6th pick) of the 2011 amateur draft. Player signed August 15, 2011.","Rice University (Houston, TX)","Lamar HS (Houston, TX)",Anthony Michael
177,Scott Rice,31.192,Apr 1,"Jun 8, 2014",1,NYM,-0.1,6-6,230,L,L,"Sep 21, 1981","Simi Valley, CA, US","Drafted by the Baltimore Orioles in the 1st round (44th pick) of the 1999 amateur draft. Player signed June 30, 1999.",,"Royal HS (Simi Valley, CA)",Scott Adam
178,Andre Rienzo,25.025,Jul 30,"Oct 4, 2015",1,CHW,-1.6,6-2,195,R,R,"Jul 5, 1988","Sao Paulo, Sao Paulo, BR",Signed by the Chicago White Sox as an amateur free agent in 2006.,,,Andre Albanez
179,Tanner Roark,26.306,Aug 7,"Apr 18, 2021",1,WSN,18.4,6-2,238,R,R,"Oct 5, 1986","Wilmington, IL, US","Drafted by the Texas Rangers in the 25th round of the 2008 amateur draft. Player signed June 9, 2008.","University of Illinois at Urbana-Champaign (Champaign, IL)","Wilmington HS (Wilmington, IL)",Tanner Burnell
180,Chris Robinson,29.115,Sep 4,"Sep 28, 2013",/H2,SDP,0.0,6-0,220,R,R,"May 12, 1984","London, ON, CA","Drafted by the Detroit Tigers in the 3rd round of the 2005 amateur draft. Player signed June 19, 2005.","University of Illinois at Urbana-Champaign (Champaign, IL)","Lord Dorchester SS (Dorchester, ON)",Christopher James
181,Derrick Robinson,25.189,Apr 5,"Sep 29, 2013",7H8/9,CIN,0.8,5-11,190,B,L,"Sep 28, 1987","Gainesville, FL, US","Drafted by the Kansas City Royals in the 4th round of the 2006 amateur draft. Player signed June 17, 2006.",,"P.K. Yonge Developmental Research School (Gainesville, FL)",Derrick Lamar
182,Mauricio Robles,24.182,Sep 3,"Sep 26, 2013",/1,PHI,0.0,5-10,215,L,L,"Mar 5, 1989","Valencia, Carabobo, VE",Signed by the Detroit Tigers as an amateur free agent in 2006.,,"Colegio La California (Caracas, Venezuela)",Mauricio Antonio
183,Chaz Roe,26.265,Jul 1,"Apr 2, 2021",1,ARI,1.2,6-5,190,R,R,"Oct 9, 1986","Steubenville, OH, US","Drafted by the Colorado Rockies in the 1st round (32nd pick) of the 2005 amateur draft. Player signed June 18, 2005.",,"Lafayette HS (Lexington, KY)",Chaz Daniel
184,Enny Romero,22.241,Sep 22,"Jul 15, 2018",/1,TBR,-0.7,6-3,232,R,L,"Jan 24, 1991","Santo Domingo, Distrito Nacional, DO",Signed by the Tampa Bay Rays as an amateur free agent in 2008.,,,Enny Manuel
185,Bruce Rondon,22.137,Apr 25,"Jul 10, 2018",1,DET,-1.5,6-3,275,R,R,"Dec 9, 1990","Valencia, Carabobo, VE",Signed by the Detroit Tigers as an amateur free agent in 2007.,,,Bruce
186,Hector Rondon,25.036,Apr 3,"Sep 26, 2020",1,CHC,4.9,6-3,225,R,R,"Feb 26, 1988","Guatire, Miranda, VE",Signed by the Cleveland Indians as an amateur free agent in 2004.,,,Hector Luis
187,Zac Rosscup,25.086,Sep 3,"Aug 1, 2021",1,CHC,-0.6,6-2,220,R,L,"Jun 9, 1988","Clackamas, OR, US","Drafted by the Tampa Bay Rays in the 28th round of the 2009 amateur draft. Player signed June 22, 2009.","Chemeketa Community College (Salem, OR)","Forest Grove HS (Forest Grove, OR)",Zachary M.
188,Michael Roth,23.057,Apr 13,"Jul 4, 2016",1,LAA,-1.2,6-1,210,L,L,"Feb 15, 1990","Greenville, SC, US","Drafted by the Los Angeles Angels of Anaheim in the 9th round of the 2012 amateur draft. Player signed July 2, 2012.","University of South Carolina (Columbia, SC)","Riverside HS (Greer, SC)",Michael Thomas
189,Cameron Rupp,24.347,Sep 10,"Sep 30, 2017",/2H,PHI,2.9,6-2,260,R,R,"Sep 28, 1988","Dallas, TX, US","Drafted by the Philadelphia Phillies in the 3rd round of the 2010 amateur draft. Player signed June 21, 2010.","University of Texas at Austin (Austin, TX)","Prestonwood Christian Academy (Plano, TX)",Cameron Arthur
190,Hyun Jin Ryu,26.008,Apr 2,,1,LAD,19.5,6-3,255,R,L,"Mar 25, 1987","Incheon, Incheon, KR",,,,Hyun Jin
191,Danny Salazar,23.181,Jul 11,"Aug 1, 2019",1,CLE,9.3,6-0,195,R,R,"Jan 11, 1990","Santo Domingo, Distrito Nacional, DO",Signed by the Cleveland Indians as an amateur free agent in 2006.,,,Daniel Dariel
192,Tony Sanchez,25.034,Jun 23,"Sep 2, 2017",2/HD,PIT,0.1,5-11,220,R,R,"May 20, 1988","Miami, FL, US","Drafted by the Pittsburgh Pirates in the 1st round (4th pick) of the 2009 amateur draft. Player signed June 12, 2009.","Boston College (Chestnut Hill, MA)","Killian HS (Miami, FL)",Jorge Anthony
193,Jonathan Schoop,21.344,Sep 25,,/4H,BAL,20.1,6-1,247,R,R,"Oct 16, 1991","Willemstad, CW",Signed by the Baltimore Orioles as an amateur free agent in 2008.,,,Jonathan Rufino Jezus
194,Marcus Semien,22.352,Sep 4,,5/46,CHW,34.8,6-0,195,R,R,"Sep 17, 1990","San Francisco, CA, US","Drafted by the Chicago White Sox in the 6th round of the 2011 amateur draft. Player signed June 28, 2011.","University of California, Berkeley (Berkeley, CA)","St. Mary's College HS (Albany, CA)",Marcus Andrew
195,Matt Shoemaker,26.358,Sep 20,"Jun 30, 2021",/1,LAA,6.0,6-2,225,R,R,"Sep 27, 1986","Wyandotte, MI, US",Signed by the Los Angeles Angels of Anaheim as an amateur free agent in 2008.,"Eastern Michigan University (Ypsilanti, MI)","Trenton HS (Trenton, MI)",Matthew David
196,Kevin Siegrist,23.321,Jun 6,"Sep 23, 2017",1,STL,4.5,6-5,230,L,L,"Jul 20, 1989","Buffalo, NY, US","Drafted by the St. Louis Cardinals in the 41st round of the 2008 amateur draft. Player signed June 17, 2008.","Palm Beach State College (Lake Worth, FL)","Wellington Community HS (Wellington, FL)",Kevin Ryan
197,Kyle Skipworth,23.040,Apr 10,"May 11, 2013",/H2,MIA,-0.1,6-4,230,L,R,"Mar 1, 1990","Riverside, CA, US","Drafted by the Florida Marlins in the 1st round (6th pick) of the 2008 amateur draft. Player signed June 18, 2008.",,"Patriot HS (Jurupa Valley, CA)",Kyle Trent
198,Burch Smith,23.029,May 11,"Sep 10, 2021",1,SDP,-1.5,6-4,225,R,R,"Apr 12, 1990","San Antonio, TX, US","Drafted by the San Diego Padres in the 14th round of the 2011 amateur draft. Player signed August 15, 2011.","Howard College (Big Spring, TX), University of Oklahoma (Norman, OK)","Robert E. Lee HS (Tyler, TX)",Burch Taylor
199,Neftali Soto,24.079,May 18,"Jul 19, 2014",/H3,CIN,-0.8,6-1,210,R,R,"Feb 28, 1989","Manati, PR","Drafted by the Cincinnati Reds in the 3rd round of the 2007 amateur draft. Player signed June 13, 2007.",,"Colegio Marista (Manati, Puerto Rico), Colegio Marista de Guaynabo (Guaynabo, Puerto Rico)",Neftali O.
200,Zeke Spruill,23.283,Jun 21,"Sep 23, 2014",/1,ARI,-0.4,6-5,200,B,R,"Sep 11, 1989","Chesapeake, VA, US","Drafted by the Atlanta Braves in the 2nd round of the 2008 amateur draft. Player signed June 12, 2008.",,"Kell HS (Marietta, GA)",Ezekiel Stephen
201,Max Stassi,22.158,Aug 20,,/D2,HOU,2.3,5-10,200,R,R,"Mar 15, 1991","Woodland, CA, US","Drafted by the Oakland Athletics in the 4th round of the 2009 amateur draft. Player signed August 17, 2009.",,"Yuba City HS (Yuba City, CA)",Max Robert
202,Jesus Sucre,25.024,May 24,"Apr 26, 2019",/2,SEA,-0.5,6-0,200,R,R,"Apr 30, 1988","Cumana, Sucre, VE",Signed by the Atlanta Braves as an amateur free agent in 2005.,,,Jesus Marcelo
203,Steve Susdorf,27.119,Jul 25,"Jul 28, 2013",/7H,PHI,-0.1,6-1,195,L,L,"Mar 28, 1986","Valencia, CA, US","Drafted by the Philadelphia Phillies in the 19th round of the 2008 amateur draft. Player signed July 9, 2008.","California State University, Fresno (Fresno, CA)","William S. Hart HS (Santa Clarita, CA)",Stephen James
204,Kensuke Tanaka,32.050,Jul 9,"Jul 28, 2013",/7H,SFG,0.3,5-9,170,L,R,"May 20, 1981","Chikushino, Fukuoka, JP",Signed as a Free Agent with the San Francisco Giants in 2013.,,Higashi Fukuoka HS (Japan),Kensuke
205,Nick Tepesch,24.179,Apr 9,"Aug 19, 2017",1,TEX,0.4,6-4,240,R,R,"Oct 12, 1988","Kansas City, MO, US","Drafted by the Texas Rangers in the 14th round of the 2010 amateur draft. Player signed August 16, 2010.","University of Missouri (Columbia, MO)","Blue Springs HS (Blue Springs, MO)",Nicholas James
206,Joey Terdoslavich,24.298,Jul 4,"Aug 18, 2015",H7/39,ATL,-0.3,6-1,200,B,R,"Sep 9, 1988","Sarasota, FL, US","Drafted by the Atlanta Braves in the 6th round of the 2010 amateur draft. Player signed June 18, 2010.","California State University, Long Beach (Long Beach, CA), University of Miami (Coral Gables, FL)","Sarasota HS (Sarasota, FL)",Joseph Thomas
207,Caleb Thielbar,26.109,May 20,,1,MIN,4.3,6-0,205,R,L,"Jan 31, 1987","Northfield, MN, US","Drafted by the Milwaukee Brewers in the 18th round of the 2009 amateur draft. Player signed June 12, 2009.","South Dakota State University (Brookings, SD)","Randolph HS (Randolph, MN)",Caleb John
208,Michael Tonkin,23.234,Jul 11,"Sep 30, 2017",/1,MIN,-0.3,6-7,220,R,R,"Nov 19, 1989","Glendale, CA, US","Drafted by the Minnesota Twins in the 30th round of the 2008 amateur draft. Player signed July 27, 2008.",,"Palmdale HS (Palmdale, CA)",Michael Harvey
209,Wilfredo Tovar,22.042,Sep 22,"May 29, 2021",/6H,NYM,-0.3,5-7,180,R,R,"Aug 11, 1991","Santa Teresa, Miranda, VE",Signed by the New York Mets as an amateur free agent in 2007.,,Vailes del Tuy Santa Teresa (Venezuela),Wilfredo Jose
210,Henry Urrutia,26.157,Jul 20,"Aug 25, 2015",DH/7,BAL,-0.1,6-5,200,L,R,"Feb 13, 1987","Las Tunas, Las Tunas, CU",Signed by the Baltimore Orioles as an amateur free agent in 2012.,,,Henry Alexander
211,Yordano Ventura,22.106,Sep 17,"Sep 30, 2016",/1,KCR,7.7,6-0,195,R,R,"Jun 3, 1991","Samana, Samana, DO",Signed by the Kansas City Royals as an amateur free agent in 2008.,,,Yordano
212,Jonathan Villar,22.081,Jul 22,,6/H,HOU,12.3,6-0,233,B,R,"May 2, 1991","La Vega, La Vega, DO",Signed by the Philadelphia Phillies as an amateur free agent in 2008.,,,Jonathan Rafael
213,Michael Wacha,21.333,May 30,,1,STL,10.6,6-6,215,R,R,"Jul 1, 1991","Iowa City, IA, US","Drafted by the St. Louis Cardinals in the 1st round (19th pick) of the 2012 amateur draft. Player signed June 14, 2012.","Texas A&M University (College Station, TX)","Pleasant Grove HS (Texarkana, TX)",Michael Joseph
214,Taijuan Walker,21.017,Aug 30,,/1,SEA,10.1,6-4,253,B,R,"Aug 13, 1992","Shreveport, LA, US","Drafted by the Seattle Mariners in the 1st round (43rd pick) of the 2010 amateur draft. Player signed June 18, 2010.",,"Yucaipa HS (Yucaipa, CA)",Taijuan Emmanuel
215,Zach Walters,24.001,Sep 6,"Jul 20, 2016",/H56,WSN,-0.2,6-2,210,B,R,"Sep 5, 1989","Cheyenne, WY, US","Drafted by the Arizona Diamondbacks in the 9th round of the 2010 amateur draft. Player signed June 13, 2010.","University of San Diego (San Diego, CA)","Cimarron-Memorial HS (Las Vegas, NV)",Zachary Butler
216,Logan Watkins,23.340,Aug 4,"Sep 28, 2014",H/4,CHC,-0.7,5-11,195,L,R,"Aug 29, 1989","Wichita, KS, US","Drafted by the Chicago Cubs in the 21st round of the 2008 amateur draft. Player signed July 10, 2008.",,"Goddard HS (Goddard, KS)",Vincent Logan
217,Daniel Webb,24.017,Sep 4,"Apr 28, 2016",/1,CHW,-0.2,6-3,215,R,R,"Aug 18, 1989","Paducah, KY, US","Drafted by the Toronto Blue Jays in the 18th round of the 2009 amateur draft. Player signed August 17, 2009.","Northwest Florida State College (Niceville, FL)","Heath HS (West Paducah, KY)",Robert Wyatt McDaniel
218,Allen Webster,23.070,Apr 21,"May 10, 2019",/1,BOS,-2.4,6-2,200,R,R,"Feb 10, 1990","Greensboro, NC, US","Drafted by the Los Angeles Dodgers in the 18th round of the 2008 amateur draft. Player signed June 11, 2008.",,"McMichael HS (Mayodan, NC)",Carl Allen
219,Duke Welker,27.133,Jun 23,"Jun 25, 2013",/1,PIT,0.0,6-7,240,L,R,"Feb 10, 1986","Kirkland, WA, US","Drafted by the Pittsburgh Pirates in the 2nd round of the 2007 amateur draft. Player signed June 19, 2007.","Seminole State College (Seminole, OK), University of Arkansas (Fayetteville, AR)","Woodinville HS (Woodinville, WA)",Matthew Scott
220,Zack Wheeler,23.019,Jun 18,,1/H,NYM,25.2,6-4,195,L,R,"May 30, 1990","Smyrna, GA, US","Drafted by the San Francisco Giants in the 1st round (6th pick) of the 2009 amateur draft. Player signed August 17, 2009.",,"East Paulding HS (Dallas, GA)",Zachary Harrison
221,Alex Wilson,26.159,Apr 11,"Apr 27, 2019",1,BOS,5.4,6-0,227,R,R,"Nov 3, 1986","Dhahran, Eastern Province, SA","Drafted by the Boston Red Sox in the 2nd round of the 2009 amateur draft. Player signed June 15, 2009.","Texas A&M University (College Station, TX)","Hurricane HS (Hurricane, WV)",William Alexander
222,Chris Withrow,24.072,Jun 12,"Sep 17, 2016",1,LAD,1.4,6-3,240,R,R,"Apr 1, 1989","Austin, TX, US","Drafted by the Los Angeles Dodgers in the 1st round (20th pick) of the 2007 amateur draft. Player signed June 15, 2007.",,"Midland Christian HS (Midland, TX), Midland HS (Midland, TX)",Christopher Michael
223,Kolten Wong,22.310,Aug 16,,4H,STL,22.9,5-7,185,L,R,"Oct 10, 1990","Hilo, HI, US","Drafted by the St. Louis Cardinals in the 1st round (22nd pick) of the 2011 amateur draft. Player signed June 25, 2011.","University of Hawaii at Manoa (Honolulu, HI)","Kamehameha HS (Kea'au, HI)",Kolten Kaha
224,Alex Wood,22.138,May 30,,1,ATL,13.0,6-4,215,R,L,"Jan 12, 1991","Charlotte, NC, US","Drafted by the Atlanta Braves in the 2nd round of the 2012 amateur draft. Player signed June 9, 2012.","University of Georgia (Athens, GA)","Ardrey Kell HS (Charlotte, NC)",Robert Alexander
225,Rob Wooten,28.005,Jul 26,"May 7, 2015",1,MIL,-0.3,6-1,200,R,R,"Jul 21, 1985","Goldsboro, NC, US","Drafted by the Milwaukee Brewers in the 13th round of the 2008 amateur draft. Player signed June 27, 2008.","University of North Carolina at Chapel Hill (Chapel Hill, NC)","Charles B. Aycock HS (Pikeville, NC)",Robert Davis
226,Brandon Workman,24.331,Jul 10,"Jul 29, 2021",1,BOS,2.6,6-5,235,R,R,"Aug 13, 1988","Arlington, TX, US","Drafted by the Boston Red Sox in the 2nd round of the 2010 amateur draft. Player signed August 16, 2010.","University of Texas at Austin (Austin, TX)","Bowie HS (Bowie, TX)",Brandon Carlin
227,Steven Wright,28.236,Apr 23,"Jul 13, 2019",/1,BOS,3.0,6-2,215,R,R,"Aug 30, 1984","Torrance, CA, US","Drafted by the Cleveland Indians in the 2nd round of the 2006 amateur draft. Player signed July 3, 2006.","University of Hawaii at Manoa (Honolulu, HI)","Valley View HS (Moreno Valley, CA)",Steven Richard
228,Christian Yelich,21.230,Jul 23,,7/8H,MIA,36.1,6-3,195,L,R,"Dec 5, 1991","Thousand Oaks, CA, US","Drafted by the Florida Marlins in the 1st round (23rd pick) of the 2010 amateur draft. Player signed August 16, 2010.",,"Westlake HS (Westlake Village, CA)",Christian Stephen
229,Josh Zeid,26.128,Jul 30,"Jul 24, 2014",1,HOU,-0.5,6-4,220,R,R,"Mar 24, 1987","New Haven, CT, US","Drafted by the Philadelphia Phillies in the 10th round of the 2009 amateur draft. Player signed June 15, 2009.","Tulane University (New Orleans, LA), Vanderbilt University (Nashville, TN)","Hamden Hall Country Day School (Hamden, CT)",Joshua Alexander
230,Mike Zunino,22.079,Jun 12,,2/H,SEA,9.8,6-2,235,R,R,"Mar 25, 1991","Cape Coral, FL, US","Drafted by the Seattle Mariners in the 1st round (3rd pick) of the 2012 amateur draft. Player signed July 2, 2012.","University of Florida (Gainesville, FL)","Mariner HS (Cape Coral, FL)",Michael Accorsi
