Rk,Name,Age,Debut,LastGame,Pos,Tm,WAR,Ht,Wt,B,T,Birthdate,Birthplace,Draft/Signing,Schools,HighSchool,GivenName
1,Fernando Abad,24.223,Jul 28,"Oct 1, 2021",1,HOU,3.1,6-2,235,L,L,"Dec 17, 1985","La Romana, La Romana, DO",Signed by the Houston Astros as an amateur free agent in 2002.,,,Fernando Antonio
2,Yonder Alonso,23.146,Sep 1,"Sep 29, 2019",H/3,CIN,8.1,6-1,230,L,R,"Apr 8, 1987","La Habana, La Habana, CU","Drafted by the Cincinnati Reds in the 1st round (7th pick) of the 2008 amateur draft. Player signed August 15, 2008.","University of Miami (Coral Gables, FL)","Coral Gables HS (Coral Gables, FL)",Yonder
3,Pedro Alvarez,23.130,Jun 16,"Jun 15, 2018",5/H,PIT,5.0,6-3,250,L,R,"Feb 6, 1987","Santo Domingo, Distrito Nacional, DO","Drafted by the Pittsburgh Pirates in the 1st round (2nd pick) of the 2008 amateur draft. Player signed September 24, 2008.","Vanderbilt University (Nashville, TN)","Horace Mann School (Riverdale, NY)",Pedro Manuel
4,Hector Ambriz,25.341,Apr 30,"May 7, 2014",1,CLE,-1.1,6-2,235,L,R,"May 24, 1984","Orange, CA, US","Drafted by the Arizona Diamondbacks in the 5th round of the 2006 amateur draft. Player signed June 9, 2006.","University of California, Los Angeles (Los Angeles, CA)","Valencia HS (Placentia, CA)",Hector
5,Bryan Anderson,23.120,Apr 15,"Oct 4, 2015",/2H,STL,-0.5,6-1,200,L,R,"Dec 16, 1986","Thousand Oaks, CA, US","Drafted by the St. Louis Cardinals in the 4th round of the 2005 amateur draft. Player signed June 23, 2005.",,"Simi Valley HS (Simi Valley, CA)",Bryan Douglas
6,Lars Anderson,22.346,Sep 6,"May 1, 2012",3/H,BOS,-0.3,6-4,215,L,L,"Sep 25, 1987","Oakland, CA, US","Drafted by the Boston Red Sox in the 18th round of the 2006 amateur draft. Player signed August 8, 2006.",,"Jesuit HS (Carmichael, CA)",Lars Eric
7,J.P. Arencibia,24.214,Aug 7,"Oct 1, 2015",/2D,TOR,1.9,6-1,210,R,R,"Jan 5, 1986","Miami, FL, US","Drafted by the Toronto Blue Jays in the 1st round (21st pick) of the 2007 amateur draft. Player signed June 19, 2007.","University of Tennessee (Knoxville, TN)","Westminster Christian School (Miami, FL)",Jonathan Paul
8,Jake Arrieta,24.096,Jun 10,"Sep 19, 2021",1,BAL,22.8,6-4,230,R,R,"Mar 6, 1986","Farmington, MO, US","Drafted by the Baltimore Orioles in the 5th round of the 2007 amateur draft. Player signed August 15, 2007.","Texas Christian University (Fort Worth, TX), Weatherford College (Weatherford, TX)","Plano East HS (Plano, TX)",Jacob Joseph
9,Luis Atilano,24.348,Apr 23,"Jul 20, 2010",1,WSN,-0.9,6-2,220,R,R,"May 10, 1985","Santurce, PR","Drafted by the Atlanta Braves in the 1st round (35th pick) of the 2003 amateur draft. Player signed June 3, 2003.",,"Gabriela Mistral (Lares, Puerto Rico), Gabriela Mistral HS (San Juan, Puerto Rico)",Luis A.
10,Darwin Barney,24.277,Aug 12,"Oct 1, 2017",64/H5,CHC,8.7,5-10,180,R,R,"Nov 8, 1985","Portland, OR, US","Drafted by the Chicago Cubs in the 4th round of the 2007 amateur draft. Player signed July 9, 2007.","Oregon State University (Corvallis, OR)","Southridge HS (Beaverton, OR)",Darwin James Kunane
11,Mike Baxter,25.273,Sep 6,"Jul 8, 2015",/H3,SDP,0.5,6-0,205,L,R,"Dec 7, 1984","Queens, NY, US","Drafted by the San Diego Padres in the 4th round of the 2005 amateur draft. Player signed July 17, 2005.","Columbia University (New York, NY), Vanderbilt University (Nashville, TN)","Archbishop Molloy HS (Queens, NY)",Michael Joseph
12,Brandon Beachy,24.017,Sep 20,"Jul 20, 2015",/1,ATL,2.7,6-2,220,R,R,"Sep 3, 1986","Kokomo, IN, US",Signed by the Atlanta Braves as an amateur free agent in 2008.,"Indiana Wesleyan University (Marion, IN)","Northwestern HS (Kokomo, IN)",Brandon Alan
13,Josh Bell,23.230,Jul 1,"Jun 26, 2012",5/DH,BAL,-1.1,6-2,230,B,R,"Nov 13, 1986","Rockford, IL, US","Drafted by the Los Angeles Dodgers in the 4th round of the 2005 amateur draft. Player signed June 17, 2005.",,"Santaluces Community HS (Lantana, FL)",Joshua Lee
14,Omar Beltre,28.310,Jun 30,"Jul 5, 2010",/1,TEX,-0.2,6-3,230,R,R,"Aug 24, 1981","Santo Domingo, Distrito Nacional, DO",Signed by the Texas Rangers as an amateur free agent in 2000.,,,Omar
15,Brennan Boesch,25.011,Apr 23,"Oct 1, 2015",*97D/H,DET,0.7,6-4,225,L,L,"Apr 12, 1985","Santa Monica, CA, US","Drafted by the Detroit Tigers in the 3rd round of the 2006 amateur draft. Player signed June 19, 2006.","University of California, Berkeley (Berkeley, CA)","Harvard-Westlake HS (Los Angeles, CA)",Brennan Philip
16,Brian Bogusevic,26.195,Sep 1,"Oct 3, 2015",H/789,HOU,2.1,6-3,215,L,L,"Feb 18, 1984","Oak Lawn, IL, US","Drafted by the Houston Astros in the 1st round (24th pick) of the 2005 amateur draft. Player signed July 8, 2005.","Tulane University (New Orleans, LA)","De La Salle Insitute (Chicago, IL)",Brian Thomas
17,J.C. Boscan,30.279,Oct 1,"Sep 29, 2013",/2,ATL,0.0,6-2,215,R,R,"Dec 26, 1979","Maracaibo, Zulia, VE",Signed by the Atlanta Braves as an amateur free agent in 1996.,,"Nuestra Senora del Fatima (Maracaibo, Venezuela)",Jean Carlos
18,Peter Bourjos,23.125,Aug 3,"May 4, 2019",8,LAA,9.6,6-1,190,R,R,"Mar 31, 1987","Park Ridge, IL, US","Drafted by the Los Angeles Angels of Anaheim in the 10th round of the 2005 amateur draft. Player signed August 18, 2005.",,"Notre Dame Prep (Scottsdale, AZ)",Peter Christopher
19,Zach Braddock,22.273,May 23,"Jul 14, 2011",1,MIL,0.2,6-2,220,L,L,"Aug 23, 1987","Mount Holly, NJ, US","Drafted by the Milwaukee Brewers in the 18th round of the 2005 amateur draft. Player signed May 15, 2006.","Burlington County College (Pemberton, NJ)","Gloucester Catholic HS (Gloucester City, NJ)",William Zachary
20,Domonic Brown,22.328,Jul 28,"Sep 2, 2015",H9,PHI,0.7,6-5,225,L,L,"Sep 3, 1987","Zephyrhills, FL, US","Drafted by the Philadelphia Phillies in the 20th round of the 2006 amateur draft. Player signed June 13, 2006.",,"Redan HS (Stone Mountain, GA)",Domonic Larun
21,Jordan Brown,26.226,Aug 1,"Jun 30, 2013",3/D7H,CLE,-0.1,6-0,220,L,L,"Dec 18, 1983","Walnut Creek, CA, US","Drafted by the Cleveland Indians in the 4th round of the 2005 amateur draft. Player signed June 14, 2005.","University of Arizona (Tucson, AZ)","Vacaville HS (Vacaville, CA)",Jordan Cassidy
22,Jay Buente,26.241,May 27,"Jul 26, 2011",/1,FLA,-0.3,6-2,185,R,R,"Sep 28, 1983","Evansville, IN, US","Drafted by the Florida Marlins in the 14th round of the 2006 amateur draft. Player signed June 11, 2006.","Purdue University (West Lafayette, IN)","Reitz Memorial HS (Evansville, IN)",Jay Phillip
23,Alex Burnett,22.256,Apr 8,"May 29, 2013",1,MIN,0.0,6-0,220,R,R,"Jul 26, 1987","Anaheim, CA, US","Drafted by the Minnesota Twins in the 12th round of the 2005 amateur draft. Player signed June 15, 2005.",,"Ocean View HS (Huntington Beach, CA)",Alex James
24,Drew Butera,26.243,Apr 9,"May 27, 2021",2/HD,MIN,-4.1,6-1,212,R,R,"Aug 9, 1983","Evansville, IN, US","Drafted by the New York Mets in the 5th round of the 2005 amateur draft. Player signed June 9, 2005.","University of Central Florida (Orlando, FL)","Bishop Moore HS (Orlando, FL)",Andrew Edward
25,Lorenzo Cain,24.094,Jul 16,,8/H79,MIL,38.4,6-2,214,R,R,"Apr 13, 1986","Valdosta, GA, US","Drafted by the Milwaukee Brewers in the 17th round of the 2004 amateur draft. Player signed April 24, 2005.","Tallahassee Community College (Tallahassee, FL)","Madison County HS (Madison, FL)",Lorenzo Lamar
26,Chris Carter,23.234,Aug 9,"Jul 4, 2017",7/DH,OAK,2.6,6-4,245,R,R,"Dec 18, 1986","Redwood City, CA, US","Drafted by the Chicago White Sox in the 15th round of the 2005 amateur draft. Player signed June 9, 2005.",,"Sierra Vista HS (Las Vegas, NV)",Vernon Christopher
27,Andrew Cashner,23.262,May 31,"Sep 28, 2019",1,CHC,10.9,6-6,235,R,R,"Sep 11, 1986","Conroe, TX, US","Drafted by the Chicago Cubs in the 1st round (19th pick) of the 2008 amateur draft. Player signed July 10, 2008.","Angelina College (Lufkin, TX), Texas Christian University (Fort Worth, TX)","Conroe HS (Conroe, TX)",Andrew Burton
28,Bobby Cassevah,24.210,Apr 9,"Jun 6, 2012",1,LAA,0.3,6-3,220,R,R,"Sep 11, 1985","Jacksonville, FL, US","Drafted by the Anaheim Angels in the 34th round of the 2004 amateur draft. Player signed August 3, 2004.",,"Pace HS (Pace, FL)",Robert Alan
29,Welington Castillo,23.109,Aug 11,"Sep 29, 2019",/2H,CHC,12.3,5-10,215,R,R,"Apr 24, 1987","San Isidro, Distrito Nacional, DO",Signed by the Chicago Cubs as an amateur free agent in 2004.,,,Welington Andres
30,Jason Castro,23.004,Jun 22,,2/H,HOU,12.4,6-3,215,L,R,"Jun 18, 1987","Castro Valley, CA, US","Drafted by the Houston Astros in the 1st round (10th pick) of the 2008 amateur draft. Player signed July 12, 2008.","Stanford University (Palo Alto, CA)","Castro Valley HS (Castro Valley, CA)",Jason Michael
31,Starlin Castro,20.044,May 7,"Jul 11, 2021",*6/H,CHC,18.2,6-2,218,R,R,"Mar 24, 1990","Monte Cristi, Monte Cristi, DO",Signed by the Chicago Cubs as an amateur free agent in 2006.,,,Starlin DeJesus
32,Jose Ceda,23.221,Sep 6,"Sep 24, 2011",/1,FLA,0.1,6-5,280,R,R,"Jan 28, 1987","Santo Domingo, Distrito Nacional, DO",Signed by the San Diego Padres as an amateur free agent in 2004.,,,Jose Marti
33,Aroldis Chapman,22.184,Aug 31,,1,CIN,19.0,6-4,218,L,L,"Feb 28, 1988","Holguin, Holguin, CU",Signed by the Cincinnati Reds as an amateur free agent in 2010.,,,Albertin Aroldis
34,Pedro Ciriaco,24.346,Sep 8,"Oct 4, 2015",/H6,PIT,0.9,6-0,180,R,R,"Sep 27, 1985","San Pedro de Macoris, San Pedro de Macoris, DO",Signed by the Arizona Diamondbacks as an amateur free agent in 2003.,,"Liceo Sol Ana Nolan (San Pedro de Macoris, Dominican Republic)",Pedro Joel
35,Steve Cishek,24.100,Sep 26,,/1,FLA,13.3,6-6,220,R,R,"Jun 18, 1986","Falmouth, MA, US","Drafted by the Florida Marlins in the 5th round of the 2007 amateur draft. Player signed June 12, 2007.","Carson-Newman University (Jefferson City, TN)","Falmouth HS (Falmouth, MA)",Steven Ryan
36,Robert Coello,25.287,Sep 6,"Sep 28, 2013",/1,BOS,-0.2,6-5,250,R,R,"Nov 23, 1984","Bayonne, NJ, US","Drafted by the Cincinnati Reds in the 20th round of the 2004 amateur draft. Player signed August 17, 2004.","Northwest Florida State College (Niceville, FL), Okaloosa-Walton College (Niceville, FL)","Lake Region HS (Eagle Lake, FL)",Robert
37,Casey Coleman,23.030,Aug 2,"Sep 28, 2014",1,CHC,-0.9,6-0,185,L,R,"Jul 3, 1987","Fort Myers, FL, US","Drafted by the Chicago Cubs in the 15th round of the 2008 amateur draft. Player signed June 12, 2008.","Florida Gulf Coast University (Fort Myers, FL)","Gainesville HS (Gainesville, GA), Mariner HS (Cape Coral, FL)",Joseph Casey
38,Hank Conger,22.225,Sep 11,"Jul 8, 2016",2/HD,LAA,2.0,6-2,220,B,R,"Jan 29, 1988","Federal Way, WA, US","Drafted by the Los Angeles Angels of Anaheim in the 1st round (25th pick) of the 2006 amateur draft. Player signed June 16, 2006.",,"Huntington Beach HS (Huntington Beach, CA)",Hyun Choi
39,Dan Cortes,23.204,Sep 24,"Sep 12, 2011",/1,SEA,-0.2,6-6,235,R,R,"Mar 4, 1987","Pomona, CA, US","Drafted by the Chicago White Sox in the 7th round of the 2005 amateur draft. Player signed June 16, 2005.",,"Garey HS (Pomona, CA)",Daniel Adam
40,Scott Cousins,25.224,Sep 3,"May 9, 2013",H/89,FLA,-0.5,6-1,200,L,L,"Jan 22, 1985","Reno, NV, US","Drafted by the Florida Marlins in the 3rd round of the 2006 amateur draft. Player signed June 9, 2006.","University of San Francisco (San Francisco, CA)","North Valley HS (Reno, NV)",Scott Michael
41,Allen Craig,25.264,Apr 8,"Oct 4, 2015",9/H3754,STL,5.7,6-2,215,R,R,"Jul 18, 1984","Mission Viejo, CA, US","Drafted by the St. Louis Cardinals in the 8th round of the 2006 amateur draft. Player signed June 13, 2006.","University of California, Berkeley (Berkeley, CA)","Chaparral HS (Temecula, CA)",Allen Thomas
42,Bobby Cramer,30.320,Sep 13,"Jun 9, 2011",/1,OAK,0.9,6-1,205,L,L,"Oct 28, 1979","Anaheim, CA, US",Signed by the Tampa Bay Devil Rays as an amateur free agent in 2003.,"California State University, Long Beach (Long Beach, CA)","Loara HS (Anaheim, CA)",Robert Thomas
43,Colin Curtis,25.140,Jun 21,"Oct 2, 2010",9H/7D,NYY,-0.4,6-1,200,L,L,"Feb 1, 1985","Issaquah, WA, US","Drafted by the New York Yankees in the 4th round of the 2006 amateur draft. Player signed June 13, 2006.","Arizona State University (Tempe, AZ)","Issaquah HS (Issaquah, WA)",Colin Benedict
44,Brad Davis,27.204,Jul 21,"Oct 3, 2010",2/H,FLA,0.4,6-1,190,R,R,"Dec 29, 1982","San Diego, CA, US","Drafted by the Florida Marlins in the 5th round of the 2004 amateur draft. Player signed July 9, 2004.","California State University, Long Beach (Long Beach, CA)","Capistrano Valley HS (Mission Viejo, CA)",Bradley Edward
45,Ike Davis,23.028,Apr 19,"Jun 24, 2016",*3/H,NYM,5.8,6-4,220,L,L,"Mar 22, 1987","Edina, MN, US","Drafted by the New York Mets in the 1st round (18th pick) of the 2008 amateur draft. Player signed June 24, 2008.","Arizona State University (Tempe, AZ)","Chaparral HS (Scottsdale, AZ)",Isaac Benjamin
46,Sam Deduno,27.056,Aug 27,"May 13, 2015",/1,COL,2.7,6-3,210,R,R,"Jul 2, 1983","La Romana, La Romana, DO",Signed by the Colorado Rockies as an amateur free agent in 2003.,,"Liceo Gaston Fernando Deligne (San Pedro de Macoris, Dominican Republic)",Samuel
47,Enerio Del Rosario,24.220,May 24,"Sep 29, 2012",/1,CIN,-1.1,6-2,190,R,R,"Oct 16, 1985","Santa Lucia, Distrito Nacional, DO",Signed by the Cincinnati Reds as an amateur free agent in 2005.,,,Enerio
48,Rob Delaney,25.361,Sep 4,"Jul 27, 2011",/1,MIN,-0.3,6-2,250,L,R,"Sep 8, 1984","Westwood, NJ, US",Signed by the Minnesota Twins as an amateur free agent in 2006.,"St. John's University (Queens, NY)","Pascack HS (Hillsdale, NJ)",Robert James
49,Sam Demel,24.236,Jun 16,"Aug 21, 2012",1,ARI,-1.0,6-0,210,R,R,"Oct 23, 1985","Channelview, TX, US","Drafted by the Oakland Athletics in the 3rd round of the 2007 amateur draft. Player signed June 26, 2007.","Texas Christian University (Fort Worth, TX)","Spring HS (Spring, TX)",Samuel Vincent
50,Daniel Descalso,23.334,Sep 18,"Sep 29, 2019",/5H6,STL,0.4,5-10,190,L,R,"Oct 19, 1986","Redwood City, CA, US","Drafted by the St. Louis Cardinals in the 3rd round of the 2007 amateur draft. Player signed June 15, 2007.","University of California, Davis (Davis, CA)","St. Francis HS (Mountain View, CA)",Daniel William
51,Thomas Diamond,27.119,Aug 3,"Oct 3, 2010",1,CHC,-0.5,6-3,250,R,R,"Apr 6, 1983","Metairie, LA, US","Drafted by the Texas Rangers in the 1st round (10th pick) of the 2004 amateur draft. Player signed June 30, 2004.","University of New Orleans (New Orleans, LA)","Archbishop Rummel HS (Metairie, LA)",Thomas Nicklaus
52,Argenis Diaz,23.068,Apr 21,"Sep 30, 2010",6/H,PIT,-0.4,6-0,190,R,R,"Feb 12, 1987","Guatire, Miranda, VE",Signed by the Boston Red Sox as an amateur free agent in 2003.,,,Argenis Jose
53,Jason Donald,25.256,May 18,"Oct 3, 2012",64/HD,CLE,1.4,6-1,195,R,R,"Sep 4, 1984","Fresno, CA, US","Drafted by the Philadelphia Phillies in the 3rd round of the 2006 amateur draft. Player signed June 10, 2006.","University of Arizona (Tucson, AZ)","Dr. Floyd B. Buchanan HS (Clovis, CA)",Jason Thomas
54,Josh Donaldson,24.143,Apr 30,,/2HD3,OAK,46.7,6-1,210,R,R,"Dec 8, 1985","Pensacola, FL, US","Drafted by the Chicago Cubs in the 1st round (48th pick) of the 2007 amateur draft. Player signed June 24, 2007.","Auburn University (Auburn, AL)","Faith Academy (Mobile, AL)",Joshua Adam
55,Felix Doubront,22.238,Jun 18,"Oct 3, 2015",1,BOS,-1.2,6-2,240,L,L,"Oct 23, 1987","Puerto Cabello, Carabobo, VE",Signed by the Boston Red Sox as an amateur free agent in 2005.,,,Felix Antonio
56,Kyle Drabek,22.281,Sep 15,"Apr 7, 2016",/1,TOR,-0.1,6-2,205,R,R,"Dec 8, 1987","Victoria, TX, US","Drafted by the Philadelphia Phillies in the 1st round (18th pick) of the 2006 amateur draft. Player signed July 5, 2006.",,"The Woodlands HS (The Woodlands, TX)",Kyle Jordan
57,Lucas Duda,24.210,Sep 1,"Jul 26, 2019",7/H,NYM,7.5,6-4,255,L,R,"Feb 3, 1986","Los Angeles, CA, US","Drafted by the New York Mets in the 7th round of the 2007 amateur draft. Player signed June 13, 2007.","University of Southern California (Los Angeles, CA)","Arlington HS (Riverside, CA)",Lucas Christopher
58,Jarrod Dyson,26.023,Sep 7,"Oct 2, 2021",8/HD,KCR,15.3,5-9,165,L,R,"Aug 15, 1984","McComb, MS, US","Drafted by the Kansas City Royals in the 50th round of the 2006 amateur draft. Player signed June 9, 2006.","Southwest Mississippi Community College (Summit, MS)","McComb HS (McComb, MS)",Jarrod Martel
59,John Ely,23.350,Apr 28,"Sep 16, 2012",1,LAD,-1.1,6-2,210,R,R,"May 13, 1986","Harvey, IL, US","Drafted by the Chicago White Sox in the 3rd round of the 2007 amateur draft. Player signed June 25, 2007.","Miami University of Ohio (Oxford, OH)","Homewood-Flossmoor HS (Flossmoor, IL)",John Daniel
60,Jesse English,25.204,Apr 5,"Apr 20, 2010",/1,WSN,0.1,6-3,220,L,L,"Sep 13, 1984","Oceanside, CA, US","Drafted by the San Francisco Giants in the 6th round of the 2002 amateur draft. Player signed June 9, 2002.",,"Rancho Buena Vista HS (Vista, CA)",Jesse Logan
61,Barry Enright,24.092,Jun 30,"May 15, 2013",1/H,ARI,-0.1,6-3,220,R,R,"Mar 30, 1986","Stockton, CA, US","Drafted by the Arizona Diamondbacks in the 2nd round of the 2007 amateur draft. Player signed June 12, 2007.","Pepperdine University (Malibu, CA)","St. Mary's HS (Stockton, CA)",Barry Ryan
62,Edgmer Escalona,23.339,Sep 10,"Aug 18, 2013",/1,COL,0.4,6-4,235,R,R,"Oct 6, 1986","La Guaira, La Guaira, VE",Signed by the Colorado Rockies as an amateur free agent in 2004.,,,Edgmer Eduarado
63,Danny Espinosa,23.129,Sep 1,"Sep 15, 2017",4/6H,WSN,8.5,6-0,205,B,R,"Apr 25, 1987","Santa Ana, CA, US","Drafted by the Washington Nationals in the 3rd round of the 2008 amateur draft. Player signed August 14, 2008.","California State University, Long Beach (Long Beach, CA)","Mater Dei HS (Santa Ana, CA)",Daniel Richard
64,Jesus Feliciano,31.004,Jun 10,"Oct 3, 2010",H978,NYM,-0.2,5-10,190,L,L,"Jun 6, 1979","Bayamon, PR","Drafted by the Los Angeles Dodgers in the 36th round of the 1997 amateur draft. Player signed May 19, 1999.","Miami Dade College, Kendall Campus (Miami, FL)","Academia Discipulos de Cristo (Bayamon, Puerto Rico)",Jesus
65,Darren Ford,24.335,Sep 1,"Sep 24, 2011",/H8,SFG,0.2,5-9,190,R,R,"Oct 1, 1985","Vineland, NJ, US","Drafted by the Milwaukee Brewers in the 18th round of the 2004 amateur draft. Player signed May 15, 2005.","Chipola College (Marianna, FL)","Vineland HS (Vineland, NJ)",Darren Scott
66,Matt Fox,27.273,Sep 3,"Sep 28, 2010",/1,MIN,0.0,6-3,190,R,R,"Dec 4, 1982","Columbus, OH, US","Drafted by the Minnesota Twins in the 1st round (35th pick) of the 2004 amateur draft. Player signed June 21, 2004.","University of Central Florida (Orlando, FL)","Douglas HS (Coral Springs, FL), Stoneman-Douglas HS (Parkland, FL)",Matthew Jacob
67,Jeff Frazier,27.354,Jul 30,"Aug 15, 2010",/D7H9,DET,-0.1,6-3,195,R,R,"Aug 10, 1982","Point Pleasant, NJ, US","Drafted by the Detroit Tigers in the 3rd round of the 2004 amateur draft. Player signed June 30, 2004.","Rutgers, the State University of New Jersey (New Brunswick, NJ)","Toms River South HS (Toms River, NJ)",Jeffrey Michael
68,Freddie Freeman,20.354,Sep 1,,H3,ATL,49.0,6-5,220,L,R,"Sep 12, 1989","Villa Park, CA, US","Drafted by the Atlanta Braves in the 2nd round of the 2007 amateur draft. Player signed June 10, 2007.",,"El Modena HS (Orange, CA)",Frederick Charles
69,Dillon Gee,24.132,Sep 7,"Sep 30, 2017",/1,NYM,5.9,6-1,205,R,R,"Apr 28, 1986","Cleburne, TX, US","Drafted by the New York Mets in the 21st round of the 2007 amateur draft. Player signed June 10, 2007.","University of Texas at Arlington (Arlington, TX)","Cleburne HS (Cleburne, TX)",Dillon Kyle
70,Cole Gillespie,25.305,Apr 21,"Jul 27, 2016",7H/98,ARI,-0.6,6-2,215,R,R,"Jun 20, 1984","Portland, OR, US","Drafted by the Milwaukee Brewers in the 3rd round of the 2006 amateur draft. Player signed July 6, 2006.","Oregon State University (Corvallis, OR)","West Linn HS (West Linn, OR)",Cole Braden
71,Jeanmar Gomez,22.158,Jul 18,"May 19, 2019",1,CLE,0.0,6-3,215,R,R,"Feb 10, 1988","Caracas, Distrito Federal, VE",Signed by the Cleveland Indians as an amateur free agent in 2005.,,,Jeanmar Alejandro
72,Greg Halman,23.028,Sep 23,"Aug 3, 2011",/87H9,SEA,-0.5,6-4,210,R,R,"Aug 26, 1987","Haarlem, North Holland, NL",Signed by the Minnesota Twins as an amateur free agent in 2003.,,"Mendel College (Haarlem, Netherlands)",Gregory Anthony
73,Mark Hamilton,26.053,Sep 20,"Jul 6, 2011",/H3,STL,-0.3,6-4,215,L,L,"Jul 29, 1984","Baltimore, MD, US","Drafted by the St. Louis Cardinals in the 2nd round of the 2006 amateur draft. Player signed June 13, 2006.","Tulane University (New Orleans, LA)","Episcopal HS (Bellaire, TX)",Mark Alan
74,Lucas Harrell,25.057,Jul 30,"Jul 16, 2017",/1,CHW,1.1,6-2,205,B,R,"Jun 3, 1985","Springfield, MO, US","Drafted by the Chicago White Sox in the 4th round of the 2004 amateur draft. Player signed June 16, 2004.",,"Ozark HS (Ozark, MO)",Lucas William Bradley
75,Chris Hatcher,25.250,Sep 19,"Sep 30, 2018",/2H,FLA,-0.8,6-1,200,B,R,"Jan 12, 1985","Kinston, NC, US","Drafted by the Florida Marlins in the 5th round of the 2006 amateur draft. Player signed June 12, 2006.","University of North Carolina at Wilmington (Wilmington, NC)","Kinston HS (Kinston, NC)",David Christopher
76,Chris Heisey,25.140,May 3,"Jul 22, 2017",7H98,CIN,4.1,6-1,220,R,R,"Dec 14, 1984","Mount Joy, PA, US","Drafted by the Cincinnati Reds in the 17th round of the 2006 amateur draft. Player signed June 8, 2006.","Messiah University (Grantham, PA)","Donegal HS (Mount Joy, PA)",Chris J.
77,Jeremy Hellickson,23.116,Aug 2,"May 19, 2019",1,TBR,11.3,6-1,190,R,R,"Apr 8, 1987","Des Moines, IA, US","Drafted by the Tampa Bay Devil Rays in the 4th round of the 2005 amateur draft. Player signed July 23, 2005.",,"Hoover HS (Des Moines, IA)",Jeremy Robert
78,David Herndon,24.213,Apr 5,"Apr 29, 2012",1,PHI,0.4,6-5,200,R,R,"Sep 4, 1985","Panama City, FL, US","Drafted by the Los Angeles Angels of Anaheim in the 5th round of the 2006 amateur draft. Player signed June 8, 2006.","Gulf Coast State College (Panama City, FL)","A. Crawford Mosley HS (Lynn Haven, FL)",Kenneth David
79,Frank Herrmann,26.005,Jun 4,"Oct 1, 2016",1,CLE,-0.2,6-4,220,L,R,"May 30, 1984","Rutherford, NJ, US",Signed by the Cleveland Indians as an amateur free agent in 2005.,"Harvard University (Cambridge, MA)","Kimberley Academy (Montclair, NJ)",Frank Joseph
80,Jason Heyward,20.239,Apr 5,,*9/H,ATL,38.7,6-5,240,L,L,"Aug 9, 1989","Ridgewood, NJ, US","Drafted by the Atlanta Braves in the 1st round (14th pick) of the 2007 amateur draft. Player signed August 12, 2007.",,"Henry County HS (McDonough, GA)",Jason Alias
81,Brandon Hicks,24.233,May 5,"Jul 10, 2014",H/564,ATL,0.2,6-2,215,R,R,"Sep 14, 1985","Houston, TX, US","Drafted by the Atlanta Braves in the 3rd round of the 2007 amateur draft. Player signed June 19, 2007.","Texas A&M University (College Station, TX)","Sam Rayburn HS (Pasadena, TX)",Brandon Ryan
82,Steven Hill,25.154,Aug 15,"Sep 16, 2012",/2,STL,0.1,5-11,200,R,R,"Mar 14, 1985","Houston, TX, US","Drafted by the St. Louis Cardinals in the 13th round of the 2007 amateur draft. Player signed June 12, 2007.","Stephen F. Austin State University (Nacogdoches, TX)","Langham Creek Senior HS (Houston, TX)",Steven Douglas
83,Greg Holland,24.255,Aug 2,,1,KCR,12.4,5-10,210,R,R,"Nov 20, 1985","Marion, NC, US","Drafted by the Kansas City Royals in the 10th round of the 2007 amateur draft. Player signed June 11, 2007.","Western Carolina University (Cullowhee, NC)","McDowell HS (Marion, NC)",Gregory Scott
84,James Houser,25.191,Jun 24,"Jun 24, 2010",/1,FLA,-0.2,6-4,205,L,L,"Dec 15, 1984","Sarasota, FL, US","Drafted by the Tampa Bay Devil Rays in the 2nd round of the 2003 amateur draft. Player signed June 17, 2003.",,"Sarasota HS (Sarasota, FL)",James Robert
85,Chad Huffman,25.045,Jun 13,"Jun 24, 2017",/79H3,NYY,0.0,6-1,215,R,R,"Apr 29, 1985","Houston, TX, US","Drafted by the San Diego Padres in the 2nd round of the 2006 amateur draft. Player signed June 23, 2006.","Texas Christian University (Fort Worth, TX)","Lawrence E Elkins HS (Missouri City, TX)",Chad Daniel
86,Luke Hughes,25.269,Apr 28,"Apr 29, 2012",/5,MIN,0.5,5-11,205,R,R,"Aug 2, 1984","Perth, Western Australia, AU",Signed by the Minnesota Twins as an amateur free agent in 2002.,,"Hampton (Morley, Australia)",Luke Trevor
87,Rhyne Hughes,26.227,Apr 24,"May 14, 2010",3/HD,BAL,-0.1,6-2,215,L,L,"Sep 9, 1983","Picayune, MS, US","Drafted by the Tampa Bay Devil Rays in the 8th round of the 2004 amateur draft. Player signed August 19, 2004.","Pearl River Community College (Poplarville, MS)","Picayune HS (Picayune, MS)",John Rhyne
88,Ryota Igarashi,30.315,Apr 8,"Aug 12, 2012",1,NYM,-1.4,5-11,200,R,R,"May 28, 1979","Chiba, Chiba, JP",Signed as a Free Agent with the New York Mets in 2009.,,Keiai Gakuen HS (Japan),Ryota
89,Gregory Infante,23.059,Sep 7,"Apr 27, 2018",/1,CHW,1.0,6-1,200,R,R,"Jul 10, 1987","Caracas, Distrito Federal, VE",Signed by the Chicago White Sox as an amateur free agent in 2006.,,,Gregory Alexander
90,Austin Jackson,23.063,Apr 5,"Sep 30, 2018",*8/H,DET,22.1,6-1,198,R,R,"Feb 1, 1987","Denton, TX, US","Drafted by the New York Yankees in the 8th round of the 2005 amateur draft. Player signed June 22, 2005.",,"Billy Ryan HS (Denton, TX)",Austin Jarriel
91,Justin James,28.354,Sep 2,"Sep 27, 2010",/1,OAK,0.0,6-3,215,R,R,"Sep 13, 1981","Oklahoma City, OK, US","Drafted by the Toronto Blue Jays in the 5th round of the 2003 amateur draft. Player signed June 18, 2003.","University of Missouri (Columbia, MO)","Yukon HS (Yukon, OK)",Justin Duane
92,Kenley Jansen,22.297,Jul 24,,1/H,LAD,19.6,6-5,265,B,R,"Sep 30, 1987","Willemstad, CW",Signed by the Los Angeles Dodgers as an amateur free agent in 2004.,,,Kenley Geronimo
93,Jon Jay,25.042,Apr 26,"May 12, 2021",9H8/7,STL,12.7,5-11,200,L,L,"Mar 15, 1985","Miami, FL, US","Drafted by the St. Louis Cardinals in the 2nd round of the 2006 amateur draft. Player signed June 28, 2006.","University of Miami (Coral Gables, FL)","Christopher Columbus HS (Miami, FL)",Jonathan Henry
94,Jeremy Jeffress,22.345,Sep 1,"Sep 26, 2020",1,MIL,8.8,6-0,205,R,R,"Sep 21, 1987","South Boston, VA, US","Drafted by the Milwaukee Brewers in the 1st round (16th pick) of the 2006 amateur draft. Player signed June 7, 2006.",,"Halifax County HS (South Boston, VA)",Jeremy Ross
95,Desmond Jennings,23.306,Sep 1,"Aug 2, 2016",H/98D7,TBR,13.4,6-2,210,R,R,"Oct 30, 1986","Birmingham, AL, US","Drafted by the Tampa Bay Devil Rays in the 10th round of the 2006 amateur draft. Player signed June 10, 2006.","Itawamba Community College (Fulton, MS)","Pinson Valley HS (Pinson, AL)",Desmond Delane
96,Ryan Kalish,22.125,Jul 31,"May 11, 2016",87/H9,BOS,-0.6,6-0,215,L,L,"Mar 28, 1988","Northridge, CA, US","Drafted by the Boston Red Sox in the 9th round of the 2006 amateur draft. Player signed August 1, 2006.",,"Red Bank Catholic HS (Red Bank, NJ)",Ryan Michael
97,Craig Kimbrel,21.344,May 7,,1,ATL,21.8,6-0,215,R,R,"May 28, 1988","Huntsville, AL, US","Drafted by the Atlanta Braves in the 3rd round of the 2008 amateur draft. Player signed June 6, 2008.","Wallace State Community College (Hanceville, AL)","Lee HS (Huntsville, AL)",Craig Michael
98,Brandon Kintzler,26.040,Sep 10,"Jul 29, 2021",/1,MIL,6.9,5-10,200,R,R,"Aug 1, 1984","Las Vegas, NV, US","Drafted by the San Diego Padres in the 40th round of the 2004 amateur draft. Player signed June 28, 2004.","Dixie State University (St. George, UT), Pasadena City College (Pasadena, CA)","Palo Verde HS (Palo Verde, NV)",Brandon Lee
99,Michael Kirkman,23.337,Aug 21,"May 9, 2016",1,TEX,-0.4,6-4,215,L,L,"Sep 18, 1986","Lake City, FL, US","Drafted by the Texas Rangers in the 5th round of the 2005 amateur draft. Player signed June 9, 2005.",,"Columbia HS (Lake City, FL)",Michael Scott
100,Michael Kohn,24.030,Jul 26,"May 4, 2015",1,LAA,1.3,6-2,200,R,R,"Jun 26, 1986","Camden, SC, US","Drafted by the Los Angeles Angels of Anaheim in the 13th round of the 2008 amateur draft. Player signed June 11, 2008.","College of Charleston (Charleston, SC), University of South Carolina Upstate (Spartanburg, SC)","Camden HS (Camden, SC)",Michael Thomas
101,Erik Kratz,30.032,Jul 17,"Sep 23, 2020",/2,PIT,-0.1,6-4,250,R,R,"Jun 15, 1980","Telford, PA, US","Drafted by the Toronto Blue Jays in the 29th round of the 2002 amateur draft. Player signed June 8, 2002.","Eastern Mennonite University (Harrisonburg, VA)","Christopher Dock HS (Lansdale, PA)",Erik Floyd
102,Zach Kroenke,26.142,Sep 10,"Jun 8, 2011",/1,ARI,-0.3,6-2,215,R,L,"Apr 21, 1984","Omaha, NE, US","Drafted by the New York Yankees in the 5th round of the 2005 amateur draft. Player signed June 29, 2005.","University of Nebraska-Lincoln (Lincoln, NE)","Northwest HS (Omaha, NE)",Zachary Bud
103,Mike Leake,22.150,Apr 11,"Sep 24, 2019",1/H,CIN,16.2,5-10,165,R,R,"Nov 12, 1987","San Diego, CA, US","Drafted by the Cincinnati Reds in the 1st round (8th pick) of the 2009 amateur draft. Player signed August 17, 2009.","Arizona State University (Tempe, AZ)","Fallbrook Union HS (Fallbrook, CA)",Michael Raymond
104,Sam LeCure,26.024,May 28,"Oct 4, 2015",1,CIN,2.6,6-0,210,R,R,"May 4, 1984","Jefferson City, MO, US","Drafted by the Cincinnati Reds in the 4th round of the 2005 amateur draft. Player signed June 28, 2005.","University of Texas at Austin (Austin, TX)","Helias HS (Jefferson City, MO)",Samuel Rohrer
105,Rommie Lewis,27.238,Apr 28,"Sep 6, 2011",1,TOR,-0.5,6-5,230,L,L,"Sep 2, 1982","Seattle, WA, US","Drafted by the Baltimore Orioles in the 4th round of the 2001 amateur draft. Player signed June 9, 2001.",,"Newport HS (Bellevue, WA)",Rommie Lee
106,Brad Lincoln,25.015,Jun 9,"Apr 8, 2014",1,PIT,0.4,6-0,225,L,R,"May 25, 1985","Lake Jackson, TX, US","Drafted by the Pittsburgh Pirates in the 1st round (4th pick) of the 2006 amateur draft. Player signed June 21, 2006.","University of Houston (Houston, TX)","Brazoswood HS (Clute, TX)",Brad Eric
107,John Lindsey,33.221,Sep 8,"Oct 3, 2010",/H3,LAD,-0.2,6-2,255,R,R,"Jan 30, 1977","Hattiesburg, MS, US","Drafted by the Colorado Rockies in the 13th round of the 1995 amateur draft. Player signed June 10, 1995.",,"Hattiesburg HS (Hattiesburg, MS)",John William
108,Jon Link,26.028,Apr 20,"Sep 25, 2010",/1,LAD,-0.1,6-0,205,R,R,"Mar 23, 1984","Columbus, OH, US","Drafted by the San Diego Padres in the 26th round of the 2005 amateur draft. Player signed June 9, 2005.","Bluefield College (Bluefield, VA), Virginia Commonwealth University (Richmond, VA)","Chantilly HS (Chantilly, VA)",Jon Paul
109,Jonathan Lucroy,23.342,May 21,"Jul 10, 2021",2/H,MIL,17.7,6-0,200,R,R,"Jun 13, 1986","Eustis, FL, US","Drafted by the Milwaukee Brewers in the 3rd round of the 2007 amateur draft. Player signed June 9, 2007.","University of Louisiana at Lafayette (Lafayette, LA)","Umatilla HS (Umatilla, FL)",Jonathan Charles
110,Cory Luebke,25.183,Sep 3,"Jun 17, 2016",/1,SDP,2.4,6-4,210,R,L,"Mar 4, 1985","Coldwater, OH, US","Drafted by the San Diego Padres in the 1st round (63rd pick) of the 2007 amateur draft. Player signed June 23, 2007.","The Ohio State University (Columbus, OH)","Marion HS (Marion, OH), Marion Local HS (Maria Stein, OH)",Cory Robert
111,Evan MacLane,27.245,Jul 7,"Jul 18, 2010",/1,STL,0.0,6-2,185,L,L,"Nov 4, 1982","Chico, CA, US","Drafted by the New York Mets in the 25th round of the 2003 amateur draft. Player signed June 4, 2003.","Feather River College (Quincy, CA)","Pleasant Valley HS (Chico, CA)",Evan Alan
112,Scott Maine,25.206,Aug 27,"Oct 1, 2012",1,CHC,-0.4,6-3,225,L,L,"Feb 2, 1985","Palm Beach Gardens, FL, US","Drafted by the Arizona Diamondbacks in the 6th round of the 2007 amateur draft. Player signed June 18, 2007.","University of Miami (Coral Gables, FL)","William T. Dwyer HS (West Palm Beach, FL)",Scott
113,Matt Mangini,24.276,Sep 23,"Oct 3, 2010",/5DH,SEA,-0.2,6-4,230,L,R,"Dec 21, 1985","Springfield, MA, US","Drafted by the Seattle Mariners in the 1st round (52nd pick) of the 2007 amateur draft. Player signed June 21, 2007.","North Carolina State University (Raleigh, NC), Oklahoma State University (Stillwater, OK)","Apex HS (Apex, NC)",Matthew Steven
114,Jhan Mariñez,21.338,Jul 16,"Aug 2, 2018",/1,FLA,1.2,6-1,200,R,R,"Aug 12, 1988","Santo Domingo, Distrito Nacional, DO",Signed by the Florida Marlins as an amateur free agent in 2006.,,"Escuela Cinega el Medio del la Horma (Santo Domingo, Dominican Republic)",Jhan Carlos
115,Jeff Marquez,25.333,Jul 9,"Jun 19, 2011",/1,CHW,0.0,6-2,190,R,R,"Aug 10, 1984","Vacaville, CA, US","Drafted by the New York Yankees in the 1st round (41st pick) of the 2004 amateur draft. Player signed June 16, 2004.","Sacramento City College (Sacramento, CA)","Will C. Wood HS (Vacaville, CA)",Jeffrey Joseph
116,Osvaldo Martinez,22.135,Sep 19,"Aug 17, 2011",6/H,FLA,-0.3,5-10,200,R,R,"May 7, 1988","Carolina, PR","Drafted by the Florida Marlins in the 11th round of the 2006 amateur draft. Player signed June 8, 2006.","Porterville College (Porterville, CA)",,Osvaldo
117,Frank Mata,26.076,May 26,"Jul 18, 2010",1,BAL,-0.4,6-1,235,R,R,"Mar 11, 1984","Barcelona, Anzoategui, VE",Signed by the Minnesota Twins as an amateur free agent in 2002.,,U. E. Sabana de Uchire (Venezuela),Frank Jesus
118,Marcos Mateo,26.113,Aug 9,"Oct 2, 2015",1,CHC,-0.3,6-1,220,R,R,"Apr 18, 1984","San Cristobal, San Cristobal, DO",Signed by the Cincinnati Reds as an amateur free agent in 2004.,,,Marcos Aurelio
119,Lucas May,25.315,Sep 4,"Sep 29, 2010",2/HD,KCR,-0.5,6-0,200,R,R,"Oct 24, 1984","Las Vegas, NV, US","Drafted by the Los Angeles Dodgers in the 8th round of the 2003 amateur draft. Player signed June 6, 2003.",,"Parkway West HS (Ballwin, MO)",Lucas James
120,Yunesky Maya,29.010,Sep 7,"May 21, 2013",/1,WSN,-0.9,6-0,215,R,R,"Aug 28, 1981","Pinar del Rio, Pinar del Rio, CU",Signed by the Washington Nationals as an amateur free agent in 2010.,,,Yunesky
121,Mike McClendon,25.133,Aug 14,"Aug 20, 2012",1,MIL,0.3,6-5,225,R,R,"Apr 3, 1985","Arlington, TX, US","Drafted by the Milwaukee Brewers in the 10th round of the 2006 amateur draft. Player signed June 6, 2006.","Seminole State College of Florida (Sanford, FL)","Bishop Moore HS (Orlando, FL)",Michael Melton
122,Jake McGee,24.039,Sep 14,,/1,TBR,7.0,6-4,229,L,L,"Aug 6, 1986","San Jose, CA, US","Drafted by the Tampa Bay Devil Rays in the 5th round of the 2004 amateur draft. Player signed June 16, 2004.",,"Edward C. Reed HS (Sparks, NV)",Jacob Daniel
123,Michael McKenry,25.188,Sep 8,"Jul 18, 2016",/H2,COL,2.4,5-10,205,R,R,"Mar 4, 1985","Knoxville, TN, US","Drafted by the Colorado Rockies in the 7th round of the 2006 amateur draft. Player signed June 8, 2006.","Middle Tennessee State University (Murfreesboro, TN)","Farragut HS (Knoxville, TN)",Michael Charles
124,Jenrry Mejia,20.178,Apr 7,"Jul 26, 2015",1,NYM,0.6,6-0,205,R,R,"Oct 11, 1989","Tabara Arriba, Azua, DO",Signed by the New York Mets as an amateur free agent in 2007.,,,Jenrry Manuel
125,Adalberto Mendez,28.196,Sep 6,"Oct 1, 2010",/1,FLA,0.2,6-2,160,R,R,"Feb 22, 1982","Santo Domingo, Distrito Nacional, DO",Signed by the Chicago Cubs as an amateur free agent in 2001.,,,Adalberto
126,Mike Minor,22.226,Aug 9,,/1,ATL,18.7,6-4,210,R,L,"Dec 26, 1987","Chapel Hill, TN, US","Drafted by the Atlanta Braves in the 1st round (7th pick) of the 2009 amateur draft. Player signed August 6, 2009.","Vanderbilt University (Nashville, TN)","Forrest HS (Chapel Hill, TN), Forrest HS (Forrest, TN)",Michael David
127,Russ Mitchell,25.205,Sep 8,"Sep 24, 2011",/5H37,LAD,-0.9,5-11,200,R,R,"Feb 15, 1985","Rome, GA, US","Drafted by the Los Angeles Dodgers in the 15th round of the 2003 amateur draft. Player signed June 10, 2003.",,"Cartersville HS (Cartersville, GA)",Russell Lance
128,Carlos Monasterios,24.015,Apr 5,"Sep 29, 2010",1,LAD,0.4,6-1,205,R,R,"Mar 21, 1986","Higuerote, Miranda, VE",Signed by the New York Yankees as an amateur free agent in 2005.,,"Liceo Rafael Arebalo Gonzalez (Higuerote, Venezuela)",Carlos
129,Brent Morel,23.139,Sep 7,"Jul 24, 2015",5/H,CHW,0.7,6-2,230,R,R,"Apr 21, 1987","Bakersfield, CA, US","Drafted by the Chicago White Sox in the 3rd round of the 2008 amateur draft. Player signed June 16, 2008.","California Polytechnic State University, San Luis Obispo (San Luis Obispo, CA)","Centennial HS (Bakersfield, CA)",Brenton Andre
130,Mitch Moreland,24.326,Jul 29,"Aug 26, 2021",3/9H,TEX,10.9,6-3,245,L,L,"Sep 6, 1985","Amory, MS, US","Drafted by the Texas Rangers in the 17th round of the 2007 amateur draft. Player signed August 4, 2007.","Mississippi State University (Mississippi State, MS)","Amory HS (Amory, MS)",Mitchell Austin
131,Logan Morrison,22.336,Jul 27,"Aug 9, 2020",7,FLA,3.9,6-3,245,L,L,"Aug 25, 1987","Kansas City, MO, US","Drafted by the Florida Marlins in the 22nd round of the 2005 amateur draft. Player signed May 29, 2006.","Metropolitan Community College-Maple Woods (Kansas City, MO)","Northshore HS (Slidell, LA)",Justis Logan
132,Daniel Nava,27.110,Jun 12,"Sep 3, 2017",7H/D,BOS,8.4,5-10,195,B,L,"Feb 22, 1983","Redwood City, CA, US",Signed as a Free Agent with the Boston Red Sox in 2008.,"Santa Clara University (Santa Clara, CA)","St. Francis HS (Mountain View, CA)",Daniel James
133,Yamaico Navarro,22.293,Aug 20,"May 28, 2013",6/H54,BOS,-1.0,5-11,215,R,R,"Oct 31, 1987","San Pedro de Macoris, San Pedro de Macoris, DO",Signed by the Boston Red Sox as an amateur free agent in 2005.,,,Yamaico
134,Chris Nelson,24.289,Jun 19,"Aug 29, 2014",H/45,COL,-2.6,5-11,205,R,R,"Sep 3, 1985","Escondido, CA, US","Drafted by the Colorado Rockies in the 1st round (9th pick) of the 2004 amateur draft. Player signed July 5, 2004.","Pasadena City College (Pasadena, CA)","Redan HS (Stone Mountain, GA)",Christopher Lars
135,Mike Nickeas,27.203,Sep 4,"Sep 10, 2013",/2H,NYM,-0.9,6-0,210,R,R,"Feb 13, 1983","Vancouver, BC, CA","Drafted by the Texas Rangers in the 5th round of the 2004 amateur draft. Player signed June 16, 2004.","Georgia Institute of Technology (Atlanta, GA)","Westlake HS (Westlake Village, CA)",Michael James
136,Jordan Norberto,23.119,Apr 6,"Aug 17, 2012",1,ARI,0.7,6-0,195,L,L,"Dec 8, 1986","Nagua, Maria Trinidad Sanchez, DO",Signed by the Arizona Diamondbacks as an amateur free agent in 2004.,,,Jordan
137,Ivan Nova,23.121,May 13,"Aug 14, 2020",1,NYY,11.6,6-5,250,R,R,"Jan 12, 1987","San Cristobal, San Cristobal, DO",Signed by the New York Yankees as an amateur free agent in 2004.,,,Ivan Manuel
138,Eduardo Nunez,23.065,Aug 19,"Jul 26, 2020",56/HD4,NYY,0.2,6-0,195,R,R,"Jun 15, 1987","Santo Domingo, Distrito Nacional, DO",Signed by the New York Yankees as an amateur free agent in 2004.,,"American Military Academy (San Juan, Puerto Rico)",Eduardo Michelle
139,Alexi Ogando,26.253,Jun 15,"May 4, 2018",1,TEX,9.3,6-4,200,R,R,"Oct 5, 1983","San Pedro de Macoris, San Pedro de Macoris, DO",Signed by the Oakland Athletics as an amateur free agent in 2002.,,,Alexi
140,Andy Oliver,22.204,Jun 25,"Jun 3, 2011",/1,DET,-0.8,6-3,215,L,L,"Dec 3, 1987","Vermilion, OH, US","Drafted by the Detroit Tigers in the 2nd round of the 2009 amateur draft. Player signed August 17, 2009.","Oklahoma State University (Stillwater, OK)","Vermilion HS (Vermilion, OH)",Andrew Allen
141,Logan Ondrusek,25.051,Apr 5,"Aug 25, 2016",1,CIN,0.1,6-8,230,R,R,"Feb 13, 1985","Hallettsville, TX, US","Drafted by the Cincinnati Reds in the 13th round of the 2005 amateur draft. Player signed June 12, 2005.","McLennan Community College (Waco, TX)","St. Paul HS (Shiner, TX)",Logan Jared
142,Adam Ottavino,24.188,May 29,,/1H,STL,13.7,6-5,246,B,R,"Nov 22, 1985","New York, NY, US","Drafted by the St. Louis Cardinals in the 1st round (30th pick) of the 2006 amateur draft. Player signed June 16, 2006.","Northeastern University (Boston, MA)","The Berkeley Carroll School (Brooklyn, NY)",Adam Robert
143,Vinnie Pestano,25.215,Sep 23,"Jul 11, 2015",/1,CLE,4.5,6-0,210,R,R,"Feb 20, 1985","Newport Beach, CA, US","Drafted by the Cleveland Indians in the 20th round of the 2006 amateur draft. Player signed August 16, 2006.","California State University, Fullerton (Fullerton, CA)","Canyon HS (Anaheim, CA)",Vincent William
144,Bryan Petersen,24.028,May 7,"Oct 3, 2012",H/7D9,FLA,-1.7,6-0,200,L,R,"Apr 9, 1986","Agoura Hills, CA, US","Drafted by the Florida Marlins in the 4th round of the 2007 amateur draft. Player signed June 26, 2007.","University of California, Irvine (Irvine, CA)","Chatsworth Charter HS (Chatsworth, CA)",Bryan Evan
145,Trevor Plouffe,23.340,May 21,"Jul 26, 2018",HD/64,MIN,7.3,6-2,215,R,R,"Jun 15, 1986","West Hills, CA, US","Drafted by the Minnesota Twins in the 1st round (20th pick) of the 2004 amateur draft. Player signed June 16, 2004.",,"Crespi Carmelite HS (Encino, CA)",Trevor Patrick
146,Alex Presley,25.045,Sep 8,"Oct 1, 2017",/H987,PIT,0.6,5-10,195,L,L,"Jul 25, 1985","Monroe, LA, US","Drafted by the Pittsburgh Pirates in the 8th round of the 2006 amateur draft. Player signed June 18, 2006.","University of Mississippi (Oxford, MS)","Neville HS (Monroe, LA)",Alexander Crawford
147,Wilson Ramos,22.265,May 2,"Aug 29, 2021",/2,MIN,15.2,6-1,241,R,R,"Aug 10, 1987","Valencia, Carabobo, VE",Signed by the Minnesota Twins as an amateur free agent in 2004.,,"U. E. Santa Ines (Carabobo, Venezuela)",Wilson Abraham
148,John Raynor,26.094,Apr 8,"Apr 25, 2010",/H98,PIT,-0.1,6-1,205,R,R,"Jan 4, 1984","Memphis, TN, US","Drafted by the Florida Marlins in the 9th round of the 2006 amateur draft. Player signed June 10, 2006.","University of North Carolina at Wilmington (Wilmington, NC)","South Johnson HS (Four Oaks, NC)",John Patrick
149,Ben Revere,22.127,Sep 7,"Oct 1, 2017",/87H9D,MIN,7.9,5-9,175,L,R,"May 3, 1988","Atlanta, GA, US","Drafted by the Minnesota Twins in the 1st round (28th pick) of the 2007 amateur draft. Player signed June 11, 2007.",,"Lexington Catholic HS (Lexington, KY)",Ben Daniel
150,Matt Reynolds,25.321,Aug 19,"Sep 23, 2016",1,COL,2.7,6-5,240,L,L,"Oct 2, 1984","Knoxville, TN, US","Drafted by the Colorado Rockies in the 20th round of the 2007 amateur draft. Player signed June 10, 2007.","Austin Peay State University (Clarksville, TN)","St. Charles East HS (St. Charles, IL)",Matthew Paul
151,Will Rhymes,27.115,Jul 25,"Aug 5, 2012",4/H,DET,0.4,5-8,170,L,R,"Apr 1, 1983","Houston, TX, US","Drafted by the Detroit Tigers in the 27th round of the 2005 amateur draft. Player signed June 13, 2005.","College of William and Mary (Williamsburg, VA)","Lamar HS (Houston, TX)",William Daniel
152,Francisco Rodriguez,27.048,Apr 15,"May 9, 2011",1,LAA,0.3,6-1,220,R,R,"Feb 26, 1983","Mexicali, Baja California, MX",Signed as a Free Agent with the Los Angeles Angels of Anaheim in 2005.,,Instituto Nacimal de Prepartorias (Mexico),Francisco
153,Mark Rogers,24.223,Sep 10,"Aug 31, 2012",/1,MIL,1.1,6-3,240,R,R,"Jan 30, 1986","Brunswick, ME, US","Drafted by the Milwaukee Brewers in the 1st round (5th pick) of the 2004 amateur draft. Player signed June 21, 2004.",,"Mount Ararat School (Topsham, ME)",Mark Elliot
154,Andrew Romine,24.274,Sep 24,"Sep 5, 2021",/6H,LAA,0.6,6-1,190,B,R,"Dec 24, 1985","Winter Haven, FL, US","Drafted by the Los Angeles Angels of Anaheim in the 5th round of the 2007 amateur draft. Player signed June 25, 2007.","Arizona State University (Tempe, AZ)","Trabuco Hills HS (Mission Viejo, CA)",Andrew James
155,Sandy Rosario,25.032,Sep 23,"Sep 17, 2013",/1,FLA,-0.1,6-1,205,R,R,"Aug 22, 1985","Salcedo, Hermanas Mirabal, DO",Signed by the Florida Marlins as an amateur free agent in 2004.,,,Sandy
156,Tyson Ross,22.350,Apr 7,"May 10, 2019",1,OAK,7.7,6-5,254,R,R,"Apr 22, 1987","Berkeley, CA, US","Drafted by the Oakland Athletics in the 2nd round of the 2008 amateur draft. Player signed June 12, 2008.","University of California, Berkeley (Berkeley, CA)","Bishop O'Dowd HS (Oakland, CA)",Tyson William
157,James Russell,24.087,Apr 5,"Apr 19, 2016",1,CHC,0.3,6-4,205,L,L,"Jan 8, 1986","Cincinnati, OH, US","Drafted by the Chicago Cubs in the 14th round of the 2007 amateur draft. Player signed August 14, 2007.","Navarro College (Corsicana, TX), University of Texas at Austin (Austin, TX)","Colleyville Heritage HS (Colleyville, TX), Heritage HS (Heritage, TX)",James Clayton
158,Kevin Russo,25.304,May 8,"Sep 23, 2010",57/H4,NYY,0.1,5-11,190,R,R,"Jul 8, 1984","West Babylon, NY, US","Drafted by the New York Yankees in the 20th round of the 2006 amateur draft. Player signed June 13, 2006.","Baylor University (Waco, TX)","Fairview HS (Boulder, CO)",Kevin Alexander
159,Fernando Salas,24.363,May 28,"Jul 20, 2019",1,STL,2.2,6-2,200,R,R,"May 30, 1985","Huatabampo, Sonora, MX",,,,Noel Fernando
160,Chris Sale,21.129,Aug 6,,1,CHW,45.5,6-6,183,L,L,"Mar 30, 1989","Lakeland, FL, US","Drafted by the Chicago White Sox in the 1st round (13th pick) of the 2010 amateur draft. Player signed June 20, 2010.","Florida Gulf Coast University (Fort Myers, FL)","Lakeland Senior HS (Lakeland, FL)",Christopher
161,Alex Sanabia,21.289,Jun 24,"May 26, 2013",1,FLA,0.6,6-2,210,R,R,"Sep 8, 1988","San Diego, CA, US","Drafted by the Florida Marlins in the 32nd round of the 2006 amateur draft. Player signed June 27, 2006.",,"Castle Park HS (Chula Vista, CA)",Alejandro
162,Carlos Santana,24.064,Jun 11,,2/DH,CLE,32.8,5-11,215,B,R,"Apr 8, 1986","Santo Domingo, Distrito Nacional, DO",Signed by the Los Angeles Dodgers as an amateur free agent in 2004.,,,Carlos
163,Sergio Santos,26.278,Apr 8,"Jun 15, 2015",1,CHW,2.0,6-4,215,R,R,"Jul 4, 1983","Los Angeles, CA, US","Drafted by the Arizona Diamondbacks in the 1st round (27th pick) of the 2002 amateur draft. Player signed June 26, 2002.",,"Mater Dei HS (Santa Ana, CA)",Sergio Jose
164,Jay Sborz,25.149,Jun 22,"Jun 22, 2010",/1,DET,-0.3,6-4,210,R,R,"Jan 24, 1985","Washington, DC, US","Drafted by the Detroit Tigers in the 2nd round of the 2003 amateur draft. Player signed June 30, 2003.",,"Langley HS (McLean, VA)",John James
165,Brian Schlitter,24.189,Jun 28,"Jul 25, 2019",/1,CHC,-0.7,6-3,238,R,R,"Dec 21, 1985","Oak Park, IL, US","Drafted by the Philadelphia Phillies in the 16th round of the 2007 amateur draft. Player signed June 9, 2007.","College of Charleston (Charleston, SC), Florida Gateway College (Lake City, FL)","Maine South HS (Park Ridge, IL)",Brian Patrick
166,Konrad Schmidt,26.042,Sep 13,"Oct 1, 2012",/2H,ARI,-0.3,5-10,230,R,R,"Aug 2, 1984","Santa Rosa, CA, US",Signed by the Arizona Diamondbacks as an amateur free agent in 2007.,"University of Arizona (Tucson, AZ), University of Nevada, Reno (Reno, NV)","Petaluma HS (Petaluma, CA)",Konrad Albert
167,Brett Sinkbeil,25.263,Sep 15,"Sep 26, 2010",/1,FLA,-0.2,6-2,210,R,R,"Dec 26, 1984","Tulsa, OK, US","Drafted by the Florida Marlins in the 1st round (19th pick) of the 2006 amateur draft. Player signed June 16, 2006.","Missouri State University (Springfield, MO)","Charles Page HS (Sand Springs, OK)",Brett Allen
168,Scott Sizemore,25.091,Apr 5,"Jun 3, 2014",4/5HD,DET,0.7,6-0,190,R,R,"Jan 4, 1985","Virginia Beach, VA, US","Drafted by the Detroit Tigers in the 5th round of the 2006 amateur draft. Player signed June 16, 2006.","Virginia Commonwealth University (Richmond, VA)","Hickory HS (Chesapeake, VA)",Scott Daniel
169,Anthony Slama,26.196,Jul 21,"Jun 4, 2011",/1,MIN,0.0,6-3,195,R,R,"Jan 6, 1984","Orange, CA, US","Drafted by the Minnesota Twins in the 39th round of the 2006 amateur draft. Player signed June 4, 2007.","Santa Ana College (Santa Ana, CA), University of San Diego (San Diego, CA)","Mater Dei HS (Santa Ana, CA)",Anthony Thomas
170,Jordan Smith,24.131,Jun 15,"May 22, 2011",1,CIN,-0.5,6-3,220,R,R,"Feb 4, 1986","American Fork, UT, US","Drafted by the Cincinnati Reds in the 6th round of the 2006 amateur draft. Player signed June 8, 2006.","College of Southern Nevada (Henderson, NV)","Pleasant Grove HS (Pleasant Grove, UT)",Jordan L.
171,Justin Smoak,23.139,Apr 23,"Sep 17, 2020",3/H,TEX,6.9,6-4,220,B,L,"Dec 5, 1986","Goose Creek, SC, US","Drafted by the Texas Rangers in the 1st round (11th pick) of the 2008 amateur draft. Player signed August 15, 2008.","University of South Carolina (Columbia, SC)","Stratford HS (Goose Creek, SC)",Justin Kyle
172,Brad Snyder,28.105,Sep 7,"Jun 22, 2014",/H97,CHC,-0.1,6-3,220,L,L,"May 25, 1982","Sandusky, OH, US","Drafted by the Cleveland Indians in the 1st round (18th pick) of the 2003 amateur draft. Player signed June 15, 2003.","Ball State University (Muncie, IN)","Bellevue HS (Bellevue, OH)",Bradley Michael
173,Brandon Snyder,23.291,Sep 10,"Apr 18, 2018",3/H,BAL,-0.1,6-2,215,R,R,"Nov 23, 1986","Las Vegas, NV, US","Drafted by the Baltimore Orioles in the 1st round (13th pick) of the 2005 amateur draft. Player signed June 13, 2005.",,"Westfield HS (Chantilly, VA)",Brandon Roger
174,Eric Sogard,24.115,Sep 14,"Jul 21, 2021",/4H,OAK,6.8,5-10,180,L,R,"May 22, 1986","Phoenix, AZ, US","Drafted by the San Diego Padres in the 2nd round of the 2007 amateur draft. Player signed June 30, 2007.","Arizona State University (Tempe, AZ)","Thunderbird HS (Phoenix, AZ)",Eric Sidney
175,Max St. Pierre,30.140,Sep 4,"Oct 2, 2010",/2H,DET,-0.1,6-0,175,R,R,"Apr 17, 1980","Quebec, QC, CA","Drafted by the Detroit Tigers in the 26th round of the 1997 amateur draft. Player signed June 16, 1997.",,"College de Levis HS (Montreal, QC)",Maxim Joseph
176,Daniel Stange,24.128,Apr 29,"Aug 4, 2013",/1,ARI,-0.4,6-3,235,R,R,"Dec 22, 1985","Orange, CA, US","Drafted by the Arizona Diamondbacks in the 7th round of the 2006 amateur draft. Player signed June 9, 2006.","University of California, Riverside (Riverside, CA)","Elsinore HS (Wildomar, CA)",Daniel Adam
177,Giancarlo Stanton,20.212,Jun 8,,9/H,FLA,44.7,6-6,245,R,R,"Nov 8, 1989","Panorama City, CA, US","Drafted by the Florida Marlins in the 2nd round of the 2007 amateur draft. Player signed August 11, 2007.",,"Notre Dame HS (Sherman Oaks, CA)",Giancarlo Cruz-Michael
178,Drew Storen,22.279,May 17,"Sep 1, 2017",1,WSN,4.8,6-1,200,B,R,"Aug 11, 1987","Indianapolis, IN, US","Drafted by the Washington Nationals in the 1st round (10th pick) of the 2009 amateur draft. Player signed June 10, 2009.","Stanford University (Palo Alto, CA)","Brownsburg HS (Brownsburg, IN)",Drew Patrick
179,Stephen Strasburg,21.323,Jun 8,,1,WSN,32.3,6-5,239,R,R,"Jul 20, 1988","San Diego, CA, US","Drafted by the Washington Nationals in the 1st round (1st pick) of the 2009 amateur draft. Player signed August 17, 2009.","San Diego State University (San Diego, CA)","West Hills HS (Santee, CA)",Stephen James
180,Jose Tabata,21.301,Jun 9,"Jun 25, 2015",78/H,PIT,1.9,5-11,210,R,R,"Aug 12, 1988","El Tigre, Anzoategui, VE",Signed by the New York Yankees as an amateur free agent in 2004.,,,Jose Nicolas
181,Hisanori Takahashi,35.005,Apr 7,"Apr 11, 2013",1,NYM,0.8,5-10,180,L,L,"Apr 2, 1975","Tokyo, Tokyo, JP",Signed as a Free Agent with the New York Mets in 2010.,Komazawa University (Japan),Shutoku HS (Japan),Hisanori
182,Ruben Tejada,20.162,Apr 7,"Aug 20, 2019",46/H,NYM,4.5,5-11,200,R,R,"Oct 27, 1989","Santiago, Veraguas, PA",Signed by the New York Mets as an amateur free agent in 2006.,,,Ruben Dario
183,Kanekoa Texeira,24.059,Apr 6,"Apr 20, 2011",1,SEA,0.2,6-2,190,R,R,"Feb 6, 1986","Kula, HI, US","Drafted by the Chicago White Sox in the 22nd round of the 2006 amateur draft. Player signed June 14, 2006.","Saddleback College (Mission Viejo, CA)","Kamehameha HS (Honolulu, HI)",Kanekoa Jacob
184,Steven Tolleson,26.178,Apr 28,"May 26, 2015",6/54H79,OAK,1.2,5-11,185,R,R,"Nov 1, 1983","Spartanburg, SC, US","Drafted by the Minnesota Twins in the 5th round of the 2005 amateur draft. Player signed July 3, 2005.","University of South Carolina (Columbia, SC)","Paul M. Dorman HS (Roebuck, SC)",Steven Wayne
185,Josh Tomlin,25.281,Jul 27,"Aug 18, 2021",1,CLE,5.5,6-1,190,R,R,"Oct 19, 1984","Tyler, TX, US","Drafted by the Cleveland Indians in the 19th round of the 2006 amateur draft. Player signed June 9, 2006.","Angelina College (Lufkin, TX), Texas Tech University (Lubbock, TX)","Whitehouse HS (Whitehouse, TX)",Joshua Aubrey
186,Mark Trumbo,24.238,Sep 11,"Sep 29, 2019",/3HD9,LAA,9.5,6-4,225,R,R,"Jan 16, 1986","Anaheim, CA, US","Drafted by the Anaheim Angels in the 18th round of the 2004 amateur draft. Player signed August 14, 2004.",,"Villa Park HS (Villa Park, CA)",Mark Daniel
187,Chris Valaika,25.010,Aug 24,"Sep 28, 2014",4/H6,CIN,-0.4,5-11,205,R,R,"Aug 14, 1985","Santa Monica, CA, US","Drafted by the Cincinnati Reds in the 3rd round of the 2006 amateur draft. Player signed June 19, 2006.","University of California, Santa Barbara (Santa Barbara, CA)","William S. Hart HS (Santa Clarita, CA)",Christopher Andrew
188,Raúl Valdés,32.135,Apr 11,"May 3, 2014",1,NYM,0.0,5-11,190,L,L,"Nov 27, 1977","La Habana, La Habana, CU",Signed by the Chicago Cubs as an amateur free agent in 2004.,,,Raúl
189,Cesar Valdez,25.047,May 3,,/1,ARI,-0.9,6-2,225,R,R,"Mar 17, 1985","Santo Domingo, Distrito Nacional, DO",Signed by the Arizona Diamondbacks as an amateur free agent in 2005.,,,Cesar Miguel
190,Danny Valencia,25.257,Jun 3,"Aug 8, 2018",5/HD,MIN,6.2,6-2,210,R,R,"Sep 19, 1984","Miami, FL, US","Drafted by the Minnesota Twins in the 19th round of the 2006 amateur draft. Player signed July 9, 2006.","University of Miami (Coral Gables, FL), University of North Carolina at Greensboro (Greensboro, NC)","Spanish River Community HS (Boca Raton, FL)",Daniel Paul
191,Anthony Varvaro,25.328,Sep 24,"Apr 28, 2015",/1,SEA,1.8,6-0,190,R,R,"Oct 31, 1984","Staten Island, NY, US","Drafted by the Seattle Mariners in the 12th round of the 2005 amateur draft. Player signed August 26, 2005.","St. John's University (Queens, NY)","Curtis HS (Staten Island, NY)",Anthony Michael
192,Jonny Venters,25.028,Apr 17,"Jul 5, 2019",1,ATL,3.8,6-3,200,L,L,"Mar 20, 1985","Pikeville, KY, US","Drafted by the Atlanta Braves in the 30th round of the 2003 amateur draft. Player signed June 1, 2004.","Indian River State College (Fort Pierce, FL)","Lake Brantley HS (Altamonte Springs, FL)",Jonathan William
193,Dayán Viciedo,21.102,Jun 20,"Sep 28, 2014",5/H3D,CHW,1.1,5-11,240,R,R,"Mar 10, 1989","Remedios, Villa Clara, CU",Signed by the Chicago White Sox as an amateur free agent in 2008.,,,Dayán
194,Henry Villar,23.109,Sep 10,"Oct 2, 2010",/1,HOU,0.0,5-11,180,R,R,"May 24, 1987","Bonao, Monsenor Nouel, DO",Signed by the Houston Astros as an amateur free agent in 2005.,,,Henry
195,Jordan Walden,22.279,Aug 22,"Apr 29, 2015",1,LAA,3.3,6-5,250,R,R,"Nov 16, 1987","Fort Worth, TX, US","Drafted by the Los Angeles Angels of Anaheim in the 12th round of the 2006 amateur draft. Player signed May 29, 2007.","Grayson College (Denison, TX)","Mansfield HS (Mansfield, TX)",Jordan Craig
196,Brett Wallace,23.339,Jul 31,"Sep 28, 2016",3/H,HOU,-0.2,6-2,250,L,R,"Aug 26, 1986","Greenbrae, CA, US","Drafted by the St. Louis Cardinals in the 1st round (13th pick) of the 2008 amateur draft. Player signed July 1, 2008.","Arizona State University (Tempe, AZ)","Justin-Siena HS (Napa, CA)",Brett Alexander
197,Robbie Weinhardt,24.211,Jul 7,"Apr 10, 2011",1,DET,-1.0,6-2,205,R,R,"Dec 8, 1985","Chicago, IL, US","Drafted by the Detroit Tigers in the 10th round of the 2008 amateur draft. Player signed June 16, 2008.","Oklahoma State University (Stillwater, OK)","Pearland HS (Pearland, TX)",Robert Douglas
198,Casper Wells,25.173,May 15,"Sep 28, 2013",9/7H8,DET,3.0,6-2,220,R,R,"Nov 23, 1984","Grand Rapids, MI, US","Drafted by the Detroit Tigers in the 14th round of the 2005 amateur draft. Player signed June 11, 2005.","Towson University (Towson, MD)","Schenectady HS (Schenectady, NY)",Casper Charles
199,Blake Wood,24.277,May 12,"Apr 21, 2018",1,KCR,0.9,6-5,233,R,R,"Aug 8, 1985","Atlanta, GA, US","Drafted by the Kansas City Royals in the 3rd round of the 2006 amateur draft. Player signed June 22, 2006.","Georgia Institute of Technology (Atlanta, GA)","North Gwinnett HS (Suwanee, GA)",Blake Daniel
200,Travis Wood,23.145,Jul 1,"Sep 25, 2017",1,CIN,7.1,5-11,175,R,L,"Feb 6, 1987","Little Rock, AR, US","Drafted by the Cincinnati Reds in the 2nd round of the 2005 amateur draft. Player signed June 16, 2005.",,"Bryant HS (Bryant, AR)",Travis Alan
201,Vance Worley,22.302,Jul 24,"Sep 27, 2017",/1,PHI,5.0,6-2,240,R,R,"Sep 25, 1987","Sacramento, CA, US","Drafted by the Philadelphia Phillies in the 3rd round of the 2008 amateur draft. Player signed June 11, 2008.","California State University, Long Beach (Long Beach, CA)","McClatchy HS (Sacramento, CA)",Vance Richard
202,Danny Worth,24.228,May 16,"Jul 24, 2016",64/5H,DET,-0.5,6-1,195,R,R,"Sep 30, 1985","Northridge, CA, US","Drafted by the Detroit Tigers in the 2nd round of the 2007 amateur draft. Player signed June 29, 2007.","Pepperdine University (Malibu, CA)","Valencia HS (Santa Clarita, CA)",Daniel Weston
203,Lance Zawadzki,24.341,May 2,"Jun 20, 2010",H/465,SDP,-0.2,5-11,185,B,R,"May 26, 1985","Framingham, MA, US","Drafted by the San Diego Padres in the 4th round of the 2007 amateur draft. Player signed June 13, 2007.","Lee University (Cleveland, TN), Louisiana State University (Baton Rouge, LA), San Diego State University (San Diego, CA)","St. John's HS (Shrewsbury, MA)",Lance Frederick
