Rk,Name,Age,Debut,LastGame,Pos,Tm,WAR,Ht,Wt,B,T,Birthdate,Birthplace,Draft/Signing,Schools,HighSchool,GivenName
1,Andy Abad,29.016,Sep 10,"Apr 13, 2006",/3H,OAK,-0.4,6-1,184,L,L,"Aug 25, 1972","Palm Beach, FL, US","Drafted by the Boston Red Sox in the 16th round of the 1993 amateur draft. Player signed June 5, 1993.","Middle Georgia State University (Macon, GA)","Jupiter HS (Jupiter, FL)",Fausto Andres
2,Brent Abernathy,23.275,Jun 25,"Sep 29, 2005",4/H,TBD,0.0,6-1,185,R,R,"Sep 23, 1977","Atlanta, GA, US","Drafted by the Toronto Blue Jays in the 2nd round of the 1996 amateur draft. Player signed August 24, 1996.",,"Lovett School (Atlanta, GA)",Michael Brent
3,Jose Acevedo,23.183,Jun 19,"Sep 29, 2005",1,CIN,-2.5,6-0,185,R,R,"Dec 18, 1977","Santo Domingo, Distrito Nacional, DO",Signed by the Cincinnati Reds as an amateur free agent in 1996.,,"Santiago (Santiago, Dominican Republic)",Jose Omar
4,Kurt Ainsworth,22.361,Sep 5,"May 14, 2004",/1,SFG,-0.3,6-3,192,R,R,"Sep 9, 1978","Baton Rouge, LA, US","Drafted by the San Francisco Giants in the 1st round (24th pick) of the 1999 amateur draft. Player signed June 17, 1999.","Louisiana State University (Baton Rouge, LA)","Catholic HS (Baton Rouge, LA)",Kurt Harold
5,Cory Aldridge,22.084,Sep 5,"Jul 11, 2010",/H987,ATL,-0.4,6-0,210,L,R,"Jun 13, 1979","San Angelo, TX, US","Drafted by the Atlanta Braves in the 4th round of the 1997 amateur draft. Player signed June 8, 1997.",,"Cooper HS (Abilene, TX)",Cory Jerome
6,Erick Almonte,23.215,Sep 4,"Apr 25, 2011",/H6D,NYY,-1.0,6-2,245,R,R,"Feb 1, 1978","Santo Domingo, Distrito Nacional, DO",Signed by the New York Yankees as an amateur free agent in 1996.,,"Santo Domingo (Santo Domingo, Dominican Republic)",Erick R.
7,Justin Atchley,27.214,Apr 7,"Jul 12, 2001",1,CIN,-0.1,6-3,215,L,L,"Sep 5, 1973","Sedro-Woolley, WA, US","Drafted by the Cincinnati Reds in the 12th round of the 1995 amateur draft. Player signed June 10, 1995.","Walla Walla Community College (Walla Walla, WA), Texas A&M University (College Station, TX)","Sedro-Woolley HS (Sedro-Woolley, WA)",Justin Scott
8,Jeff Austin,24.250,Jun 26,"May 28, 2003",1,KCR,-0.7,6-0,185,R,R,"Oct 19, 1976","San Bernardino, CA, US","Drafted by the Kansas City Royals in the 1st round (4th pick) of the 1998 amateur draft. Player signed February 20, 1999.","Stanford University (Palo Alto, CA)","Kingwood HS (Kingwood, TX)",Jeffrey Wellington
9,Mike Bacsik,23.267,Aug 5,"Sep 30, 2007",/1,CLE,-0.5,6-2,225,L,L,"Nov 11, 1977","Dallas, TX, US","Drafted by the Cleveland Indians in the 18th round of the 1996 amateur draft. Player signed June 12, 1996.",,"Duncanville HS (Duncanville, TX)",Michael Joseph
10,Benito Baez,24.111,Aug 25,"Oct 5, 2001",/1,FLA,-0.6,6-0,160,L,L,"May 6, 1977","Bonao, Monsenor Nouel, DO",Signed by the Oakland Athletics as an amateur free agent in 1993.,,"Bonao (Bonao, Dominican Republic)",Benito
11,Danys B치ez,23.245,May 13,"Jul 16, 2011",1,CLE,5.8,6-3,225,R,R,"Sep 10, 1977","Pinar del Rio, Pinar del Rio, CU",Signed by the Cleveland Indians as an amateur free agent in 1999.,,"Pinar del Rio (Pinar del Rio, Cuba)",Danys G.
12,Grant Balfour,23.204,Jul 22,"Apr 18, 2015",/1,MIN,9.2,6-2,200,R,R,"Dec 30, 1977","Sydney, New South Wales, AU",Signed by the Minnesota Twins as an amateur free agent in 1997.,,"William Clark (Kellyville, Australia)",Grant Robert
13,Andy Barkett,28.041,May 28,"Jun 24, 2001",/73H9D,PIT,0.2,6-1,205,L,L,"Apr 17, 1973","Miami, FL, US",,"North Carolina State University (Raleigh, NC)","Killian HS (Miami, FL)",Andrew Jon
14,Larry Barnes,26.262,Apr 11,"Jul 31, 2003",3/7H,ANA,-0.9,6-1,195,L,L,"Jul 23, 1974","Bakersfield, CA, US",Signed by the California Angels as an amateur free agent in 1995.,"Bakersfield College (Bakersfield, CA), California State University, Fresno (Fresno, CA)","Bakersfield HS (Bakersfield, CA)",Larry Richard
15,Rick Bauer,24.235,Sep 2,"Jun 29, 2008",/1,BAL,1.5,6-6,215,R,R,"Jan 10, 1977","Garden Grove, CA, US","Drafted by the Baltimore Orioles in the 5th round of the 1997 amateur draft. Player signed June 15, 1997.","Treasure Valley Community College (Ontario, OR)","Centennial HS (Eagle, ID)",Richard Edward
16,Josh Beckett,21.112,Sep 4,"Aug 3, 2014",/1,FLA,35.7,6-5,230,R,R,"May 15, 1980","Spring, TX, US","Drafted by the Florida Marlins in the 1st round (2nd pick) of the 1999 amateur draft. Player signed September 1, 1999.",,"Spring HS (Spring, TX)",Joshua Patrick
17,Joe Beimel,23.354,Apr 8,"Oct 3, 2015",1,PIT,7.0,6-3,205,L,L,"Apr 19, 1977","St. Marys, PA, US","Drafted by the Pittsburgh Pirates in the 18th round of the 1998 amateur draft. Player signed June 5, 1998.","Allegany College of Maryland (Cumberland, MD), Duquesne University (Pittsburgh, PA)","St. Mary's HS (St. Mary's, PA)",Joseph Ronald
18,Joaquin Benoit,24.013,Aug 8,"Sep 7, 2017",/1,TEX,17.9,6-4,250,R,R,"Jul 26, 1977","Santiago, Santiago, DO",Signed by the Texas Rangers as an amateur free agent in 1996.,,"Santiago (Santiago, Dominican Republic)",Joaquin Antonio
19,Brandon Berger,26.200,Sep 9,"Jun 13, 2004",/7DH,KCR,-1.3,5-11,205,R,R,"Feb 21, 1975","Covington, KY, US","Drafted by the Kansas City Royals in the 14th round of the 1996 amateur draft. Player signed June 4, 1996.","Eastern Kentucky University (Richmond, KY)","Beechwood HS (Fort Mitchell, KY)",Brandon Charles
20,Angel Berroa,23.234,Sep 18,"Aug 6, 2009",6/H,KCR,1.0,6-0,195,R,R,"Jan 27, 1978","Santo Domingo, Distrito Nacional, DO",Signed by the Oakland Athletics as an amateur free agent in 1997.,,"Santo Domingo (Santo Domingo, Dominican Republic)",Angel Maria
21,Wilson Betemit,19.320,Sep 18,"Sep 12, 2013",/H6,ATL,2.8,6-2,220,B,R,"Nov 2, 1981","Santo Domingo, Distrito Nacional, DO",Signed by the Atlanta Braves as an amateur free agent in 1996.,,"Juan Batista Safra (Santo Domingo, Dominican Republic)",Wilson
22,Nick Bierbrodt,23.022,Jun 7,"Jul 6, 2004",/1H,ARI,-1.1,6-5,215,L,L,"May 16, 1978","Tarzana, CA, US","Drafted by the Arizona Diamondbacks in the 1st round (30th pick) of the 1996 amateur draft. Player signed June 9, 1996.",,"Millikan HS (Long Beach, CA)",Nicholas Raymond
23,Larry Bigbie,23.231,Jun 23,"Jun 4, 2006",89/H7,BAL,2.5,6-4,190,L,R,"Nov 4, 1977","Hobart, IN, US","Drafted by the Baltimore Orioles in the 1st round (21st pick) of the 1999 amateur draft. Player signed June 17, 1999.","Ball State University (Muncie, IN)","Hobart HS (Hobart, IN)",Larry Robert
24,Brian Bowles,24.313,Jun 27,"Sep 8, 2003",/1,TOR,0.4,6-5,220,R,R,"Aug 18, 1976","Harbor City, CA, US","Drafted by the Toronto Blue Jays in the 50th round of the 1994 amateur draft. Player signed August 23, 1994.","University of California, Santa Barbara (Santa Barbara, CA)","Palos Verdes Peninsula HS (Rolling Hills Estates, CA)",Brian Christopher
25,Troy Brohawn,28.090,Apr 14,"May 12, 2003",1,ARI,0.2,6-1,190,L,L,"Jan 14, 1973","Cambridge, MD, US","Drafted by the San Francisco Giants in the 4th round of the 1994 amateur draft. Player signed June 6, 1994.","University of Nebraska-Lincoln (Lincoln, NE)","South Dorchester HS (Cambridge, MD)",Michael Troy
26,Cliff Brumbaugh,27.039,May 30,"Jul 24, 2001",/97H,TEX,-0.8,6-2,205,R,R,"Apr 21, 1974","Wilmington, DE, US","Drafted by the Texas Rangers in the 13th round of the 1995 amateur draft. Player signed June 4, 1995.","University of Delaware (Newark, DE)","William Penn HS (New Castle, DE)",Clifford Michael
27,Jamie Burke,29.227,May 9,"Jun 6, 2010",/2H3D,ANA,1.1,6-0,195,R,R,"Sep 24, 1971","Roseburg, OR, US","Drafted by the California Angels in the 9th round of the 1993 amateur draft. Player signed June 4, 1993.","Oregon State University (Corvallis, OR)","Roseburg HS (Roseburg, OR)",James Eugene
28,Brent Butler,23.143,Jul 4,"Jun 19, 2003",4H6/5,COL,-0.3,6-0,180,R,R,"Feb 11, 1978","Laurinburg, NC, US","Drafted by the St. Louis Cardinals in the 3rd round of the 1996 amateur draft. Player signed June 9, 1996.",,"Scotland HS (Laurinburg, NC)",Justin Brent
29,Shawn Chacon,23.127,Apr 29,"Jun 19, 2008",1,COL,6.5,6-3,212,R,R,"Dec 23, 1977","Anchorage, AK, US","Drafted by the Colorado Rockies in the 3rd round of the 1996 amateur draft. Player signed June 18, 1996.",,"Central HS (Greeley, CO)",Shawn Anthony
30,Endy Chavez,23.111,May 29,"Sep 27, 2014",7/8H9,KCR,5.0,5-11,170,L,L,"Feb 7, 1978","Valencia, Carabobo, VE",Signed by the New York Mets as an amateur free agent in 1996.,,"Liceo Batalla de Carabobo (Carabobo, Venezuela)",Endy de Jesus
31,Scott Chiasson,24.036,Sep 19,"May 21, 2002",/1,CHC,-0.3,6-3,210,R,R,"Aug 14, 1977","Norwich, CT, US","Drafted by the Kansas City Royals in the 5th round of the 1998 amateur draft. Player signed June 2, 1998.","Eastern Connecticut State University (Willimantic, CT)","Norwich Free Academy (Norwich, CT)",Scott Christopher
32,Tim Christman,26.021,Apr 21,"Apr 21, 2001",/1,COL,0.0,6-0,195,L,L,"Mar 31, 1975","Oneonta, NY, US","Drafted by the Colorado Rockies in the 11th round of the 1996 amateur draft. Player signed June 13, 1996.","Siena College (Loudonville, NY)","Oneonta HS (Oneonta, NY)",Timothy Arthur
33,Alex Cintron,22.219,Jul 24,"May 19, 2009",/6H,ARI,-2.2,6-2,210,B,R,"Dec 17, 1978","Humacao, PR","Drafted by the Arizona Diamondbacks in the 36th round of the 1997 amateur draft. Player signed June 15, 1997.",,"Mech Tech HS (Yabucoa, Puerto Rico), Yabucoa (Yabucoa, Puerto Rico)",Alexander
34,Stubby Clapp,28.114,Jun 18,"Oct 4, 2001",H/47,STL,-0.1,5-8,175,L,R,"Feb 24, 1973","Windsor, ON, CA","Drafted by the St. Louis Cardinals in the 36th round of the 1996 amateur draft. Player signed June 10, 1996.","Paris Junior College (Paris, TX), Texas Tech University (Lubbock, TX)","Riverside SS (Windsor, ON)",Richard Keith
35,Jermaine Clark,24.186,Apr 3,"May 24, 2005",/HD,DET,-1.0,5-10,175,L,R,"Sep 29, 1976","Berkeley, CA, US","Drafted by the Seattle Mariners in the 5th round of the 1997 amateur draft. Player signed June 10, 1997.","University of San Francisco (San Francisco, CA)","Will C. Wood HS (Vacaville, CA), Wood HS (Berkeley, CA)",Jermaine Marcel
36,Tony Cogan,24.102,Apr 2,"Aug 12, 2001",1,KCR,-0.2,6-2,205,L,L,"Dec 21, 1976","Chicago, IL, US","Drafted by the Kansas City Royals in the 12th round of the 1999 amateur draft. Player signed June 21, 1999.","Stanford University (Palo Alto, CA)","Highland Park HS (Highland Park, IL)",Anthony Michael
37,Jesus Colome,23.180,Jun 21,"May 30, 2010",1,TBD,0.3,6-2,240,R,R,"Dec 23, 1977","San Pedro de Macoris, San Pedro de Macoris, DO",Signed by the Oakland Athletics as an amateur free agent in 1996.,,"San Pedro de Macoris (San Pedro de Macoris, Dominican Republic)",Jesus
38,Mike Coolbaugh,29.041,Jul 16,"Jul 7, 2002",5H/6,MIL,-0.3,6-1,185,R,R,"Jun 5, 1972","Binghamton, NY, US","Drafted by the Toronto Blue Jays in the 16th round of the 1990 amateur draft. Player signed June 12, 1990.",,"Roosevelt HS (San Antonio, TX)",Michael Robert
39,Mark Corey,26.320,Oct 2,"Oct 1, 2004",/1,NYM,-1.0,6-2,220,R,R,"Nov 16, 1974","Coudersport, PA, US","Drafted by the Cincinnati Reds in the 4th round of the 1995 amateur draft. Player signed June 3, 1995.","Edinboro University of Pennsylvania (Edinboro, PA)","Austin HS (Austin, PA)",Mark Franklin
40,Nate Cornejo,21.318,Aug 8,"May 2, 2004",1,DET,0.0,6-5,200,R,R,"Sep 24, 1979","Wellington, KS, US","Drafted by the Detroit Tigers in the 1st round (34th pick) of the 1998 amateur draft. Player signed August 6, 1998.",,"Wellington HS (Wellington, KS)",Nathan John
41,Humberto Cota,22.214,Sep 9,"May 28, 2007",/H2,PIT,-0.2,5-11,225,R,R,"Feb 7, 1979","San Luis Rio Colorado, Sonora, MX",Signed by the Atlanta Braves as an amateur free agent in 1995.,,"Preparatoria Abierta (Mexico, Mexico)",Humberto Figueroa
42,Cesar Crespo,22.006,May 29,"Jul 1, 2004",48/7H596,SDP,-1.1,5-11,170,B,R,"May 23, 1979","Rio Piedras, PR","Drafted by the New York Mets in the 3rd round of the 1997 amateur draft. Player signed September 2, 1997.",,"Notre Dame HS (Caguas, Puerto Rico)",Cesar Antonio
43,Juan Cruz,22.310,Aug 21,"Aug 19, 2012",/1H,CHC,5.0,6-2,170,R,R,"Oct 15, 1978","Bonao, Monsenor Nouel, DO",Signed by the Chicago Cubs as an amateur free agent in 1997.,,"Jallaco Bonaco (Bonao, Dominican Republic)",Juan Carlos
44,Michael Cuddyer,22.180,Sep 23,"Oct 3, 2015",/35D,MIN,17.8,6-2,220,R,R,"Mar 27, 1979","Norfolk, VA, US","Drafted by the Minnesota Twins in the 1st round (9th pick) of the 1997 amateur draft. Player signed August 19, 1997.",,"Great Bridge HS (Chesapeake, VA)",Michael Brent
45,Jack Cust,22.253,Sep 26,"Jul 27, 2011",/H7,ARI,9.4,6-1,250,L,R,"Jan 16, 1979","Flemington, NJ, US","Drafted by the Arizona Diamondbacks in the 1st round (30th pick) of the 1997 amateur draft. Player signed July 14, 1997.",,"Immaculata HS (Somerville, NJ)",John Joseph
46,Lance Davis,24.288,Jun 16,"Oct 7, 2001",1/H,CIN,1.1,6-0,170,R,L,"Sep 1, 1976","Winter Haven, FL, US","Drafted by the Cincinnati Reds in the 16th round of the 1995 amateur draft. Player signed June 1, 1995.",,"Lake Gibson HS (Lakeland, FL)",Johnny Lance
47,R.A. Dickey,26.175,Apr 22,"Sep 26, 2017",/1,TEX,23.7,6-3,215,R,R,"Oct 29, 1974","Nashville, TN, US","Drafted by the Texas Rangers in the 1st round (18th pick) of the 1996 amateur draft. Player signed September 12, 1996.","University of Tennessee (Knoxville, TN)","Montgomery Bell Academy (Nashville, TN)",Robert Allen
48,Sean Douglass,22.081,Jul 18,"Sep 28, 2005",/1,BAL,-1.3,6-6,200,R,R,"Apr 28, 1979","Lancaster, CA, US","Drafted by the Baltimore Orioles in the 2nd round of the 1997 amateur draft. Player signed July 9, 1997.",,"Antelope Valley HS (Lancaster, CA)",Sean Reed
49,Ryan Drese,25.115,Jul 29,"Apr 14, 2006",/1,CLE,3.4,6-3,245,R,R,"Apr 5, 1976","San Francisco, CA, US","Drafted by the Cleveland Indians in the 5th round of the 1998 amateur draft. Player signed June 25, 1998.","University of California, Berkeley (Berkeley, CA)","Bishop O'Dowd HS (Oakland, CA)",Ryan Thomas
50,Justin Duchscherer,23.248,Jul 25,"Apr 29, 2010",/1,TEX,9.9,6-3,165,R,R,"Nov 19, 1977","Aberdeen, SD, US","Drafted by the Boston Red Sox in the 8th round of the 1996 amateur draft. Player signed June 14, 1996.",,"Coronado HS (Lubbock, TX)",Justin Craig
51,Brandon Duckworth,25.196,Aug 7,"Sep 28, 2008",1,PHI,-1.5,6-2,215,R,R,"Jan 23, 1976","Salt Lake City, UT, US",Signed by the Philadelphia Phillies as an amateur free agent in 1997.,"College of Southern Idaho (Twin Falls, ID), California State University, Fullerton (Fullerton, CA)","Kearns HS (Kearns, UT)",Brandon J.
52,Courtney Duncan,26.175,Apr 2,"Jun 1, 2002",1,CHC,0.1,6-0,185,L,R,"Oct 9, 1974","Mobile, AL, US","Drafted by the Chicago Cubs in the 20th round of the 1996 amateur draft. Player signed June 20, 1996.","Grambling State University (Grambling, LA)","Daphne HS (Daphne, AL)",Courtney Demond
53,Adam Dunn,21.253,Jul 20,"Sep 28, 2014",97/H,CIN,17.9,6-6,285,L,R,"Nov 9, 1979","Houston, TX, US","Drafted by the Cincinnati Reds in the 2nd round of the 1998 amateur draft. Player signed June 11, 1998.",,"New Caney HS (New Caney, TX)",Adam Troy
54,David Eckstein,26.073,Apr 3,"Oct 3, 2010",*64D/H,ANA,20.9,5-6,170,R,R,"Jan 20, 1975","Sanford, FL, US","Drafted by the Boston Red Sox in the 19th round of the 1997 amateur draft. Player signed June 6, 1997.","University of Florida (Gainesville, FL)","Seminole HS (Sanford, FL)",David Mark
55,Mario Encarnacion,25.336,Aug 26,"Apr 14, 2002",7/9,COL,-0.6,6-2,210,R,R,"Sep 24, 1975","Bani, Peravia, DO",Signed by the Oakland Athletics as an amateur free agent in 1994.,,"Bani (Bani, Dominican Republic)",Mario
56,Alex Escobar,22.244,May 8,"Aug 25, 2006",/89H,NYM,1.5,6-1,185,R,R,"Sep 6, 1978","Valencia, Carabobo, VE",Signed by the New York Mets as an amateur free agent in 1995.,,"El Santuario (Valencia, Venezuela)",Alexander Jose
57,Johnny Estrada,24.322,May 15,"Jul 24, 2008",2/H,PHI,0.4,5-11,209,B,R,"Jun 27, 1976","Hayward, CA, US","Drafted by the Philadelphia Phillies in the 17th round of the 1997 amateur draft. Player signed June 5, 1997.","College of the Sequoias (Visalia, CA), Fresno City College (Fresno, CA)","Theodore Roosevelt HS (Fresno, CA)",Johnny Pulado
58,Adam Everett,24.209,Aug 30,"Jun 26, 2011",/H6,HOU,12.6,6-0,180,R,R,"Feb 2, 1977","Austell, GA, US","Drafted by the Boston Red Sox in the 1st round (12th pick) of the 1998 amateur draft. Player signed August 4, 1998.","North Carolina State University (Raleigh, NC), University of South Carolina (Columbia, SC)","Harrison HS (Kennesaw, GA)",Jeffrey Adam
59,Jared Fernandez,29.229,Sep 19,"May 11, 2006",/1,CIN,-0.4,6-2,223,R,R,"Feb 2, 1972","Salt Lake City, UT, US",Signed by the Boston Red Sox as an amateur free agent in 1994.,"Utah State University Eastern (Price, UT), California State University, Fresno (Fresno, CA)","Kearns HS (Kearns, UT)",Jared Wade
60,Luis Figueroa,27.131,Jun 27,"Jun 25, 2007",/4H,PIT,-0.2,5-9,165,B,R,"Feb 16, 1974","Bayamon, PR",Signed by the Pittsburgh Pirates as an amateur free agent in 1997.,,"Carolina (Carolina, Puerto Rico)",Luis R.
61,Jeremy Fikac,26.130,Aug 16,"Jun 19, 2004",1,SDP,-0.4,6-2,185,R,R,"Apr 8, 1975","Shiner, TX, US","Drafted by the San Diego Padres in the 19th round of the 1998 amateur draft. Player signed June 5, 1998.","Texas State University (San Marcos, TX)","Somerville HS (Somerville, TX)",Jeremy Joseph
62,Bob File,24.076,Apr 14,"Sep 30, 2004",1,TOR,1.4,6-4,215,R,R,"Jan 28, 1977","Philadelphia, PA, US","Drafted by the Toronto Blue Jays in the 19th round of the 1998 amateur draft. Player signed June 11, 1998.","Thomas Jefferson University (Philadelphia, PA)","Father Judge HS (Philadelphia, PA)",Robert Michael
63,Josh Fogg,24.263,Sep 2,"Oct 4, 2009",1,CHW,1.8,6-2,205,R,R,"Dec 13, 1976","Lynn, MA, US","Drafted by the Chicago White Sox in the 3rd round of the 1998 amateur draft. Player signed July 3, 1998.","University of Florida (Gainesville, FL)","Cardinal Gibbons HS (Fort Lauderdale, FL)",Joshua Smith
64,Casey Fossum,23.203,Jul 28,"Apr 26, 2009",1,BOS,-1.0,6-1,160,L,L,"Jan 6, 1978","Cherry Hill, NJ, US","Drafted by the Boston Red Sox in the 1st round (48th pick) of the 1999 amateur draft. Player signed July 19, 1999.","Texas A&M University (College Station, TX)","Midway HS (Waco, TX)",Casey Paul
65,Kris Foster,26.338,Aug 3,"Oct 5, 2001",/1,BAL,0.1,6-1,200,R,R,"Aug 30, 1974","Riverdale, NJ, US","Drafted by the Montreal Expos in the 39th round of the 1992 amateur draft. Player signed May 26, 1993.","Florida SouthWestern State College (Fort Myers, FL)","Lehigh HS (Lehigh Acres, FL), Riverdale HS (Fort Myers, FL)",John Kristian
66,Ryan Freel,25.027,Apr 4,"Aug 4, 2009",/4H7,TOR,8.8,5-10,185,R,R,"Mar 8, 1976","Jacksonville, FL, US","Drafted by the Toronto Blue Jays in the 10th round of the 1995 amateur draft. Player signed June 12, 1995.","Lincoln Memorial University (Harrogate, TN), Tallahassee Community College (Tallahassee, FL)","Englewood HS (Jacksonville, FL), Sandalwood HS (Jacksonville, FL)",Ryan Paul
67,Brian Fuentes,25.297,Jun 2,"Aug 8, 2012",1,SEA,10.5,6-4,230,L,L,"Aug 9, 1975","Merced, CA, US","Drafted by the Seattle Mariners in the 25th round of the 1995 amateur draft. Player signed May 26, 1996.","Merced College (Merced, CA)","Merced HS (Merced, CA)",Brian Christopher
68,Gus Gandarillas,29.363,Jul 17,"Oct 5, 2001",1,MIL,-0.1,6-0,190,R,R,"Jul 19, 1971","Coral Gables, FL, US","Drafted by the Minnesota Twins in the 3rd round of the 1992 amateur draft. Player signed June 22, 1992.","University of Miami (Coral Gables, FL)","Miami Lakes HS (Hialeah, FL)",Gustavo
69,Chris George,21.313,Jul 26,"Sep 30, 2004",1,KCR,-0.5,6-2,200,L,L,"Sep 16, 1979","Houston, TX, US","Drafted by the Kansas City Royals in the 1st round (31st pick) of the 1998 amateur draft. Player signed July 9, 1998.",,"Klein HS (Klein, TX)",Christopher Coleman
70,Jay Gibbons,24.035,Apr 6,"Jun 3, 2011",D7H/3,BAL,5.5,6-0,195,L,L,"Mar 2, 1977","Rochester, MI, US","Drafted by the Toronto Blue Jays in the 14th round of the 1998 amateur draft. Player signed June 4, 1998.","California State University, Los Angeles (Los Angeles, CA)","Mayfair HS (Lakewood, CA)",Jay Jonathan
71,Geronimo Gil,26.032,Sep 8,"Aug 22, 2007",2,BAL,1.1,6-3,240,R,R,"Aug 7, 1975","Estacion Lagunas, Oaxaca, MX",,,"Oaxaca (Oaxaca, Mexico)",Geronimo
72,Marcus Giles,22.334,Apr 17,"Sep 28, 2007",4/H,ATL,16.7,5-8,180,R,R,"May 18, 1978","San Diego, CA, US","Drafted by the Atlanta Braves in the 53rd round of the 1996 amateur draft. Player signed May 26, 1997.","Grossmont College (El Cajon, CA)","Granite Hills HS (El Cajon, CA)",Marcus William
73,Dicky Gonzalez,22.131,May 1,"May 12, 2004",1,NYM,0.1,5-10,200,R,R,"Dec 21, 1978","Bayamon, PR","Drafted by the New York Mets in the 16th round of the 1996 amateur draft. Player signed June 12, 1996.",,"Adolfina Irizarry De Puig HS (Toa Baja, Puerto Rico), Bayamon (Bayamon, Puerto Rico)",Dicky Angel
74,Steve Green,23.071,Apr 7,"Apr 7, 2001",/1,ANA,0.2,6-2,200,R,R,"Jan 26, 1978","Greenfield Park, QC, CA","Drafted by the Anaheim Angels in the 10th round of the 1997 amateur draft. Player signed July 15, 1997.","Fort Scott Community College (Fort Scott, KS)","Polyvalente Edouard Montpetit (Montreal, QC)",Steve
75,Willie Harris,23.072,Sep 2,"Jun 24, 2012",/8H,BAL,3.3,5-9,195,L,R,"Jun 22, 1978","Cairo, GA, US","Drafted by the Baltimore Orioles in the 24th round of the 1999 amateur draft. Player signed June 7, 1999.","Kennesaw State University (Kennesaw, GA), Middle Georgia State University (Macon, GA)","Cairo HS (Cairo, GA)",William Charles
76,Ken Harvey,23.201,Sep 18,"May 18, 2005",/3D,KCR,-0.4,6-2,240,R,R,"Mar 1, 1978","Los Angeles, CA, US","Drafted by the Kansas City Royals in the 5th round of the 1999 amateur draft. Player signed June 4, 1999.","University of Nebraska-Lincoln (Lincoln, NE)","Beverly Hills HS (Beverly Hills, CA)",Kenneth Eugene
77,Adri치n Hern치ndez,26.027,Apr 21,"May 8, 2004",/1,NYY,-0.8,6-1,185,R,R,"Mar 25, 1975","La Habana, La Habana, CU",Signed by the New York Yankees as an amateur free agent in 2000.,,"Havana (La Habana, Cuba)",Adri치n R.
78,Carlos Hernandez,21.118,Aug 18,"Sep 26, 2004",/1,HOU,2.2,5-11,205,L,L,"Apr 22, 1980","Guacara, Carabobo, VE",Signed by the Houston Astros as an amateur free agent in 1997.,,"Yagua (Yagua, Venezuela)",Carlos Enrique
79,Junior Herndon,22.325,Aug 2,"Oct 6, 2001",1,SDP,-0.9,6-1,190,R,R,"Sep 11, 1978","Liberal, KS, US","Drafted by the San Diego Padres in the 9th round of the 1997 amateur draft. Player signed June 5, 1997.",,"Moffat County HS (Craig, CO)",Harry Francis
80,Shea Hillenbrand,25.249,Apr 2,"Sep 20, 2007",*5/H3D,BOS,6.3,6-1,200,R,R,"Jul 27, 1975","Mesa, AZ, US","Drafted by the Boston Red Sox in the 10th round of the 1996 amateur draft. Player signed June 6, 1996.","Mesa Community College (Mesa, AZ)","Mountain View HS (Mesa, AZ)",Shea Matthew
81,Paul Hoover,25.147,Sep 8,"Sep 29, 2010",/2H,TBD,-0.4,6-1,210,R,R,"Apr 14, 1976","Columbus, OH, US","Drafted by the Tampa Bay Devil Rays in the 23rd round of the 1997 amateur draft. Player signed June 6, 1997.","Kent State University (Kent, OH)","Steubenville HS (Steubenville, OH)",Paul Chester
82,Ken Huckaby,30.252,Oct 6,"Sep 27, 2006",/2,ARI,-1.4,6-1,205,R,R,"Jan 27, 1971","San Leandro, CA, US","Drafted by the Los Angeles Dodgers in the 22nd round of the 1991 amateur draft. Player signed June 4, 1991.","San Joaquin Delta College (Stockton, CA)","Manteca HS (Manteca, CA)",Kenneth Paul
83,Chad Hutchinson,24.042,Apr 4,"Apr 17, 2001",/1,STL,-0.5,6-5,230,R,R,"Feb 21, 1977","Boulder, CO, US","Drafted by the St. Louis Cardinals in the 2nd round of the 1998 amateur draft. Player signed June 30, 1998.","Stanford University (Palo Alto, CA)","Torrey Pines HS (San Diego, CA)",Chad Martin
84,Brandon Inge,23.319,Apr 3,"Jul 21, 2013",2/H,DET,19.2,5-11,190,R,R,"May 19, 1977","Lynchburg, VA, US","Drafted by the Detroit Tigers in the 2nd round of the 1998 amateur draft. Player signed June 27, 1998.","Virginia Commonwealth University (Richmond, VA)","Brookville HS (Lynchburg, VA)",Charles Brandon
85,Cesar Izturis,21.133,Jun 23,"Sep 29, 2013",4/6H,TOR,6.1,5-9,180,B,R,"Feb 10, 1980","Barquisimeto, Lara, VE",Signed by the Toronto Blue Jays as an amateur free agent in 1996.,,"Lara (Lara, Venezuela)",Cesar David
86,Jason Jennings,23.037,Aug 23,"Aug 26, 2009",/1,COL,11.2,6-2,235,L,R,"Jul 17, 1978","Dallas, TX, US","Drafted by the Colorado Rockies in the 1st round (16th pick) of the 1999 amateur draft. Player signed June 9, 1999.","Baylor University (Waco, TX)","Ralph H. Poteet HS (Mesquite, TX)",Jason Ryan
87,Ryan Jensen,25.244,May 19,"Jul 9, 2005",1,SFG,-0.3,6-0,205,R,R,"Sep 17, 1975","Salt Lake City, UT, US","Drafted by the San Francisco Giants in the 8th round of the 1996 amateur draft. Player signed June 6, 1996.","Snow College (Ephraim, UT), Southern Utah University (Cedar City, UT)","Cottonwood HS (Salt Lake City, UT)",Larry Ryan
88,Brett Jodie,24.117,Jul 20,"Oct 7, 2001",/1,NYY,-0.2,6-4,208,R,R,"Mar 25, 1977","Columbia, SC, US","Drafted by the New York Yankees in the 6th round of the 1998 amateur draft. Player signed June 8, 1998.","University of South Carolina (Columbia, SC)","Lexington HS (Lexington, SC)",Brett Paul
89,Adam Johnson,22.004,Jul 16,"Sep 28, 2003",/1,MIN,-1.1,6-2,210,R,R,"Jul 12, 1979","San Jose, CA, US","Drafted by the Minnesota Twins in the 1st round (2nd pick) of the 2000 amateur draft. Player signed June 19, 2000.","California State University, Fullerton (Fullerton, CA)","Torrey Pines HS (San Diego, CA)",Adam Bryant
90,Nick Johnson,22.336,Aug 21,"Jun 27, 2012",3/DH,NYY,14.5,6-3,235,L,L,"Sep 19, 1978","Sacramento, CA, US","Drafted by the New York Yankees in the 3rd round of the 1996 amateur draft. Player signed June 14, 1996.",,"McClatchy HS (Sacramento, CA)",Nicholas Robert
91,Jorge Julio,22.054,Apr 26,"Jun 1, 2009",1,BAL,1.5,6-1,190,R,R,"Mar 3, 1979","Caracas, Distrito Federal, VE",Signed by the Montreal Expos as an amateur free agent in 1996.,,"U. E. P. Fundacion Bolivariano (Caracas, Venezuela)",Jorge Dandys
92,Jason Karnuth,24.340,Apr 20,"Sep 28, 2005",/1,STL,0.1,6-2,190,R,R,"May 15, 1976","La Grange, IL, US","Drafted by the St. Louis Cardinals in the 8th round of the 1997 amateur draft. Player signed June 7, 1997.","Illinois State University (Normal, IL)","Glenbard South HS (Glen Ellyn, IL)",Jason Andre
93,Joe Kennedy,22.013,Jun 6,"Sep 29, 2007",1,TBD,7.4,6-4,227,R,L,"May 24, 1979","La Mesa, CA, US","Drafted by the Tampa Bay Devil Rays in the 8th round of the 1998 amateur draft. Player signed June 2, 1998.","Grossmont College (El Cajon, CA)","El Cajon Valley HS (El Cajon, CA)",Joseph Darley
94,Bobby Kielty,24.248,Apr 10,"Sep 30, 2007",987/HD,MIN,6.4,6-1,225,B,R,"Aug 5, 1976","Fontana, CA, US",Signed by the Minnesota Twins as an amateur free agent in 1999.,"Riverside Community College (Riverside, CA), University of Southern California (Los Angeles, CA), University of Mississippi (Oxford, MS)","Canyon Springs HS (Moreno Valley, CA)",Robert Michael
95,Sun-Woo Kim,23.284,Jun 15,"Sep 17, 2006",1,BOS,0.8,6-2,180,R,R,"Sep 4, 1977","Incheon, Incheon, KR",Signed by the Boston Red Sox as an amateur free agent in 1997.,,Inchon (South Korea),Sun-Woo
96,Brandon Knight,25.247,Jun 5,"Sep 17, 2008",/1,NYY,-0.8,6-0,175,L,R,"Oct 1, 1975","Oxnard, CA, US","Drafted by the Texas Rangers in the 14th round of the 1995 amateur draft. Player signed June 3, 1995.","Ventura College (Ventura, CA)","Buena HS (Ventura, CA)",Brandon Michael
97,Eric Knott,26.343,Sep 1,"Aug 26, 2003",/1,ARI,-0.6,6-0,188,L,L,"Sep 23, 1974","Harvey, IL, US","Drafted by the Arizona Diamondbacks in the 24th round of the 1996 amateur draft. Player signed May 26, 1997.","Florida SouthWestern State College (Fort Myers, FL), Stetson University (DeLand, FL)","Sebring HS (Sebring, FL)",Eric James
98,Gary Knotts,24.166,Jul 28,"Oct 2, 2004",/1,FLA,0.0,6-4,235,R,R,"Feb 12, 1977","Decatur, AL, US","Drafted by the Florida Marlins in the 11th round of the 1995 amateur draft. Player signed May 11, 1996.","Northwest-Shoals Community College (Muscle Shoals, AL)","Brewer HS (Somerville, AL)",Gary Everett
99,Mike Koplove,25.007,Sep 6,"Sep 26, 2007",/1,ARI,3.3,6-0,165,R,R,"Aug 30, 1976","Philadelphia, PA, US","Drafted by the Arizona Diamondbacks in the 29th round of the 1998 amateur draft. Player signed June 9, 1998.","Northwestern University (Evanston, IL), University of Delaware (Newark, DE)","Chestnut Hill HS (Philadelphia, PA)",Michael Paul
100,Brandon Larson,24.345,May 4,"Jul 17, 2004",/5H,CIN,-0.9,6-0,210,R,R,"May 24, 1976","San Angelo, TX, US","Drafted by the Cincinnati Reds in the 1st round (14th pick) of the 1997 amateur draft. Player signed July 22, 1997.","Blinn College (Brenham, TX), Louisiana State University (Baton Rouge, LA)","Holmes HS (San Antonio, TX)",Brandon John
101,Brian Lawrence,24.336,Apr 15,"Sep 17, 2007",1,SDP,7.9,6-0,195,R,R,"May 14, 1976","Fort Collins, CO, US","Drafted by the San Diego Padres in the 17th round of the 1998 amateur draft. Player signed June 8, 1998.","Panola College (Carthage, TX), Northwestern State University of Louisiana (Natchitoches, LA)","Carthage HS (Carthage, TX)",Brian Michael
102,Jalal Leach,32.175,Sep 5,"Oct 6, 2001",/H97,SFG,-0.2,6-2,200,L,L,"Mar 14, 1969","San Francisco, CA, US","Drafted by the New York Yankees in the 7th round of the 1990 amateur draft. Player signed June 8, 1990.","Pepperdine University (Malibu, CA)","San Marin HS (Novato, CA)",Jalal Donnell
103,James Lofton,27.197,Sep 19,"Oct 5, 2001",/6H,BOS,-0.4,5-10,170,B,R,"Mar 6, 1974","Los Angeles, CA, US","Drafted by the Cincinnati Reds in the 13th round of the 1993 amateur draft. Player signed June 7, 1993.","Los Angeles City College (Los Angeles, CA)","Fremont HS (Los Angeles, CA)",James O'Neal
104,Kyle Lohse,22.261,Jun 22,"Jul 19, 2016",1,MIN,18.9,6-2,215,R,R,"Oct 4, 1978","Chico, CA, US","Drafted by the Chicago Cubs in the 29th round of the 1996 amateur draft. Player signed May 20, 1997.","Butte College (Oroville, CA)","Hamilton HS (Hamilton City, CA)",Kyle Matthew
105,Felipe Lopez,21.083,Aug 3,"Aug 20, 2011",5/6,TOR,7.5,6-0,205,B,R,"May 12, 1980","Bayamon, PR","Drafted by the Toronto Blue Jays in the 1st round (8th pick) of the 1998 amateur draft. Player signed August 11, 1998.",,"Lake Brantley HS (Altamonte Springs, FL)",Felipe
106,Luis Lopez,27.206,Apr 29,"Apr 24, 2004",5H/3D,TOR,-1.0,6-0,205,R,R,"Oct 5, 1973","Brooklyn, NY, US",Signed as a Free Agent with the Toronto Blue Jays in 1996.,"Coastal Carolina University (Conway, SC)","Spring Hill HS (Spring Hill, FL)",Luis
107,Mark Lukasiewicz,28.064,May 11,"Sep 29, 2002",1,ANA,-0.2,6-5,240,L,L,"Mar 8, 1973","Jersey City, NJ, US","Drafted by the Toronto Blue Jays in the 1st round (41st pick) of the 1993 amateur draft. Player signed July 30, 1993.","Eastern Florida State College (Cocoa, FL), Oklahoma State University (Stillwater, OK)","Secaucus HS (Secaucus, NJ)",Mark Francis
108,Brandon Lyon,21.359,Aug 4,"Jul 4, 2013",1,TOR,6.3,6-1,200,R,R,"Aug 10, 1979","Salt Lake City, UT, US","Drafted by the Toronto Blue Jays in the 14th round of the 1999 amateur draft. Player signed May 31, 2000.","Dixie State University (St. George, UT)","Taylorsville HS (Taylorsville, UT)",Brandon James
109,Mike MacDougal,24.201,Sep 22,"Apr 30, 2012",/1,KCR,3.8,6-4,180,B,R,"Mar 5, 1977","Las Vegas, NV, US","Drafted by the Kansas City Royals in the 1st round (25th pick) of the 1999 amateur draft. Player signed July 1, 1999.","Wake Forest University (Winston-Salem, NC)","Mesa HS (Mesa, AZ)",Robert Meiklejohn
110,Rob Mackowiak,24.333,May 19,"Jun 5, 2008",9H47/53,PIT,5.6,5-10,166,L,R,"Jun 20, 1976","Oak Lawn, IL, US","Drafted by the Pittsburgh Pirates in the 53rd round of the 1996 amateur draft. Player signed June 19, 1996.","South Suburban College (South Holland, IL)","Lake Central HS (St. John, IN)",Robert William
111,Scott MacRae,26.345,Jul 24,"Oct 6, 2001",1,CIN,0.3,6-3,205,R,R,"Aug 13, 1974","Dearborn, MI, US","Drafted by the Cincinnati Reds in the 32nd round of the 1995 amateur draft. Player signed June 12, 1995.","Valdosta State University (Valdosta, GA)",,Scott Patrick
112,Chris Magruder,24.131,Sep 4,"Sep 28, 2005",/7H98,TEX,-0.4,5-11,200,B,R,"Apr 26, 1977","Tacoma, WA, US","Drafted by the San Francisco Giants in the 2nd round of the 1998 amateur draft. Player signed June 19, 1998.","University of Washington (Seattle, WA)","West Valley HS (Yakima, WA)",Christopher James
113,Henry Mateo,24.287,Jul 28,"Oct 1, 2006",/H4,MON,-0.9,6-0,175,B,R,"Oct 14, 1976","Santo Domingo, Distrito Nacional, DO","Drafted by the Montreal Expos in the 2nd round of the 1995 amateur draft. Player signed June 11, 1995.",,"Escuela Central HS (Santurce, Puerto Rico), Santurce (Santurce, Puerto Rico)",Henry Antonio
114,Troy Mattes,25.297,Jun 19,"Jul 27, 2001",/1,MON,-0.1,6-7,230,R,R,"Aug 26, 1975","Champaign, IL, US","Drafted by the Montreal Expos in the 16th round of the 1993 amateur draft. Player signed May 17, 1994.","Miami Dade College, Wolfson Campus (Miami, FL)","Riverview HS (Sarasota, FL), Sarasota HS (Sarasota, FL)",Troy Walter
115,Donzell McDonald,26.058,Apr 19,"Jun 21, 2002",/H87,NYY,-0.3,5-11,180,B,R,"Feb 20, 1975","Long Beach, CA, US","Drafted by the New York Yankees in the 22nd round of the 1995 amateur draft. Player signed July 22, 1995.","Trinidad State College (Trinidad, CO), Yavapai College (Prescott, AZ)","Cherry Creek HS (Greenwood Village, CO)",Donzell
116,Donaldo Mendez,22.302,Apr 5,"Jul 6, 2003",6/H,SDP,-1.4,6-1,155,R,R,"Jun 7, 1978","Barquisimeto, Lara, VE",Signed by the Houston Astros as an amateur free agent in 1995.,,"Barquisimeto (Barquisimeto, Venezuela)",Donaldo Alfonso
117,Bart Miadich,25.211,Sep 2,"Aug 12, 2003",1,ANA,0.0,6-4,205,R,R,"Feb 3, 1976","Torrance, CA, US",Signed by the Boston Red Sox as an amateur free agent in 1997.,"University of San Diego (San Diego, CA)","Lakeridge HS (Lake Oswego, OR)",John Barton
118,Jason Michaels,24.337,Apr 6,"Sep 13, 2011",/H7,PHI,5.6,6-0,215,R,R,"May 4, 1976","Tampa, FL, US","Drafted by the Philadelphia Phillies in the 4th round of the 1998 amateur draft. Player signed June 19, 1998.","Northwest Florida State College (Niceville, FL), Okaloosa-Walton College (Niceville, FL), University of Miami (Coral Gables, FL)","Jesuit HS (Tampa, FL)",Jason Drew
119,Jason Middlebrook,26.083,Sep 17,"May 15, 2003",/1,SDP,0.1,6-3,215,R,R,"Jun 26, 1975","Jackson, MI, US","Drafted by the San Diego Padres in the 9th round of the 1996 amateur draft. Player signed September 20, 1996.","Stanford University (Palo Alto, CA)","Grass Lake HS (Grass Lake, MI)",Jason Douglas
120,Corky Miller,25.170,Sep 4,"Sep 29, 2013",2,CIN,0.0,6-1,250,R,R,"Mar 18, 1976","Yucaipa, CA, US",Signed by the Cincinnati Reds as an amateur free agent in 1998.,"San Bernardino Valley College (San Bernardino, CA), University of Nevada, Reno (Reno, NV)","Yucaipa HS (Yucaipa, CA)",Corky Abraham Philip
121,Matt Miller,26.279,May 8,"Apr 4, 2002",1,DET,-0.4,6-3,175,L,L,"Aug 2, 1974","Lubbock, TX, US","Drafted by the Detroit Tigers in the 2nd round of the 1996 amateur draft. Player signed August 7, 1996.","Texas Tech University (Lubbock, TX)","Monterey HS (Lubbock, TX)",Matthew Lincoln
122,Dustan Mohr,25.071,Aug 29,"Jul 8, 2007",9/7DH,MIN,2.2,6-0,210,R,R,"Jun 19, 1976","Hattiesburg, MS, US","Drafted by the Cleveland Indians in the 9th round of the 1997 amateur draft. Player signed June 15, 1997.","University of Alabama (Tuscaloosa, AL)","Oak Grove HS (Hattiesburg, MS)",Dustan Kyle
123,Craig Monroe,24.151,Jul 28,"Jun 16, 2009",9/7HD,TEX,3.7,6-1,195,R,R,"Feb 27, 1977","Texarkana, TX, US","Drafted by the Texas Rangers in the 8th round of the 1995 amateur draft. Player signed June 2, 1995.",,"Texas HS (Texarkana, TX)",Craig Keystone
124,Juan Moreno,26.078,May 17,"Apr 16, 2002",1,TEX,0.4,6-1,205,L,L,"Feb 28, 1975","Maiquetia, La Guaira, VE",Signed by the Oakland Athletics as an amateur free agent in 1993.,,"Cagua (Cagua, Venezuela)",Juan Carlos
125,Damian Moss,24.153,Apr 26,"Apr 29, 2004",/1,ATL,1.7,6-0,187,R,L,"Nov 24, 1976","Darlinghurst, New South Wales, AU",Signed by the Atlanta Braves as an amateur free agent in 1993.,,"Liverpool (Sadler, Australia)",Damian Joseph
126,Blaine Neal,23.150,Sep 3,"Jun 15, 2005",/1,FLA,-0.2,6-5,205,L,R,"Apr 6, 1978","Marlton, NJ, US","Drafted by the Florida Marlins in the 4th round of the 1996 amateur draft. Player signed July 13, 1996.",,"Bishop Eustace Preparatory School (Pennsauken, NJ), Pennsauken HS (Pennsauken, NJ)",Blaine
127,Joe Nelson,26.231,Jun 13,"Jun 9, 2010",/1,ATL,1.4,6-2,185,R,R,"Oct 25, 1974","Alameda, CA, US","Drafted by the Atlanta Braves in the 4th round of the 1996 amateur draft. Player signed June 5, 1996.","University of San Francisco (San Francisco, CA)","St. Joseph's Notre Dame (Alameda, CA)",Joseph George
128,Nick Neugebauer,21.035,Aug 19,"Sep 25, 2002",/1,MIL,-0.2,6-3,235,R,R,"Jul 15, 1980","Riverside, CA, US","Drafted by the Milwaukee Brewers in the 2nd round of the 1998 amateur draft. Player signed August 27, 1998.",,"Arlington HS (Riverside, CA), Riverside HS (Riverside, CA)",Nickolas Donald
129,Jose Nunez,22.020,Apr 3,"Apr 1, 2002",/1,LAD,0.5,6-2,173,L,L,"Mar 14, 1979","Monte Cristi, Monte Cristi, DO",Signed by the New York Mets as an amateur free agent in 1996.,,"Tenares (Tenares, Dominican Republic)",Jose Antonio
130,Kevin Olsen,25.043,Sep 7,"Sep 27, 2003",/1,FLA,-0.1,6-2,200,R,R,"Jul 26, 1976","Covina, CA, US","Drafted by the Florida Marlins in the 26th round of the 1998 amateur draft. Player signed June 6, 1998.","Riverside Community College (Riverside, CA), University of Oklahoma (Norman, OK)",,Kevin Gary
131,Eddie Oropesa,29.130,Apr 2,"May 20, 2004",1,PHI,-2.7,6-3,215,L,L,"Nov 23, 1971","Colon, CU","Drafted by the Los Angeles Dodgers in the 14th round of the 1994 amateur draft. Player signed June 4, 1994.",,,Edilberto
132,Bill Ortega,26.045,Sep 7,"Sep 28, 2001",/H,STL,0.0,6-4,205,R,R,"Jul 24, 1975","La Habana, La Habana, CU",Signed by the St. Louis Cardinals as an amateur free agent in 1997.,,,William
133,Jimmy Osting,24.025,May 2,"Aug 27, 2002",/1,SDP,-0.3,6-5,190,R,L,"Apr 7, 1977","Louisville, KY, US","Drafted by the Atlanta Braves in the 4th round of the 1995 amateur draft. Player signed June 30, 1995.",,"Louisville HS (Louisville, KY), Trinity HS (Louisville, KY)",James Michael
134,Roy Oswalt,23.250,May 6,"Sep 29, 2013",1,HOU,50.0,6-0,190,R,R,"Aug 29, 1977","Kosciusko, MS, US","Drafted by the Houston Astros in the 23rd round of the 1996 amateur draft. Player signed May 18, 1997.","Holmes Community College (Ridgeland, MS)","Weir HS (Weir, MS)",Roy Edward
135,Lyle Overbay,24.234,Sep 19,"Sep 28, 2014",/H,ARI,16.5,6-2,235,L,L,"Jan 28, 1977","Centralia, WA, US","Drafted by the Arizona Diamondbacks in the 18th round of the 1999 amateur draft. Player signed June 8, 1999.","University of Nevada, Reno (Reno, NV)","Centralia HS (Centralia, WA)",Lyle Stefan
136,Christian Parker,25.277,Apr 6,"Apr 6, 2001",/1,NYY,-0.3,6-1,200,R,R,"Jul 3, 1975","Albuquerque, NM, US","Drafted by the Montreal Expos in the 4th round of the 1996 amateur draft. Player signed June 13, 1996.","University of Notre Dame (South Bend, IN)","Eldorado HS (Albuquerque, NM)",Christian Michael
137,Chad Paronto,25.264,Apr 18,"Sep 29, 2009",1,BAL,0.0,6-5,285,R,R,"Jul 28, 1975","Woodsville, NH, US","Drafted by the Baltimore Orioles in the 8th round of the 1996 amateur draft. Player signed June 23, 1996.","University of Massachusetts Amherst (Amherst, MA)","Woodsville HS (Woodsville, NH)",Chad Michael
138,Jarrod Patterson,27.282,Jun 16,"Sep 28, 2003",5/H,DET,-0.2,6-1,195,L,R,"Sep 7, 1973","Montgomery, AL, US","Drafted by the New York Mets in the 20th round of the 1993 amateur draft. Player signed June 15, 1993.","Coastal Alabama Community College - Bay Minette (Bay Minette, AL), Coastal Alabama Community College-Brewton (Brewton, AL)","Chilton County HS (Chilton, AL)",Jarrod Zane
139,Carlos Pena,23.111,Sep 5,"Jul 12, 2014",3/HD,TEX,25.5,6-2,225,L,L,"May 17, 1978","Santo Domingo, Distrito Nacional, DO","Drafted by the Texas Rangers in the 1st round (10th pick) of the 1998 amateur draft. Player signed July 24, 1998.","Wright State University (Dayton, OH), Northeastern University (Boston, MA)","Haverhill HS (Haverhill, MA)",Carlos Felipe
140,Adam Pettyjohn,24.035,Jul 16,"Sep 28, 2008",1,DET,-0.8,6-3,190,R,L,"Jun 11, 1977","Phoenix, AZ, US","Drafted by the Detroit Tigers in the 2nd round of the 1998 amateur draft. Player signed June 22, 1998.","California State University, Fresno (Fresno, CA)","Exeter HS (Exeter, CA)",Adam Christopher
141,Travis Phelps,23.268,Apr 19,"Sep 11, 2004",1,TBD,0.8,6-2,165,R,R,"Jul 25, 1977","Neosho, MO, US","Drafted by the Tampa Bay Devil Rays in the 89th round of the 1996 amateur draft. Player signed May 24, 1997.","Crowder College (Neosho, MO)","Wheaton HS (Wheaton, MO)",Travis Howard
142,Jason Phillips,24.357,Sep 19,"Jul 18, 2007",/2H,NYM,-1.7,6-1,180,R,R,"Sep 27, 1976","La Mesa, CA, US","Drafted by the New York Mets in the 24th round of the 1997 amateur draft. Player signed June 11, 1997.","San Diego State University (San Diego, CA)","El Capitan HS (Lakeside, CA)",Jason Lloyd
143,Chris Piersoll,23.340,Aug 31,"Oct 7, 2001",1,CIN,0.2,6-4,195,R,R,"Sep 25, 1977","Van Nuys, CA, US","Drafted by the Chicago Cubs in the 19th round of the 1997 amateur draft. Player signed June 10, 1997.","Fullerton College (Fullerton, CA)",,Christopher Earl
144,Luis Pineda,26.291,Aug 4,"Jun 30, 2002",1,DET,0.2,6-1,160,R,R,"Oct 17, 1974","San Cristobal, San Cristobal, DO",Signed by the Texas Rangers as an amateur free agent in 1995.,,"Santo Domingo (Santo Domingo, Dominican Republic)",Luis A.
145,Scott Podsednik,25.110,Jul 6,"Oct 3, 2012",/7H89,SEA,6.9,6-0,185,L,L,"Mar 18, 1976","West, TX, US","Drafted by the Texas Rangers in the 3rd round of the 1994 amateur draft. Player signed June 5, 1994.",,"West HS (West, TX)",Scott Eric
146,Bret Prinz,23.311,Apr 22,"Jun 12, 2007",1,ARI,0.5,6-3,185,R,R,"Jun 15, 1977","Chicago Heights, IL, US","Drafted by the Arizona Diamondbacks in the 18th round of the 1998 amateur draft. Player signed June 3, 1998.","Phoenix College (Phoenix, AZ)","Centennial HS (Peoria, AZ)",Bret Randolph
147,Albert Pujols,21.076,Apr 2,,5379/DH,STL,101.6,6-3,235,R,R,"Jan 16, 1980","Santo Domingo, Distrito Nacional, DO","Drafted by the St. Louis Cardinals in the 13th round of the 1999 amateur draft. Player signed August 17, 1999.","Metropolitan Community College-Maple Woods (Kansas City, MO)","Fort Osage HS (Independence, MO)",Jose Alberto
148,Nick Punto,23.305,Sep 9,"Sep 27, 2014",/H6,PHI,15.4,5-9,195,B,R,"Nov 8, 1977","San Diego, CA, US","Drafted by the Philadelphia Phillies in the 21st round of the 1998 amateur draft. Player signed June 7, 1998.","Saddleback College (Mission Viejo, CA)","Saddleback HS (Santa Ana, CA), Trabuco Hills HS (Mission Viejo, CA)",Nicholas Paul
149,Tim Raines Jr.,22.031,Oct 1,"Oct 3, 2004",/8,BAL,0.2,5-10,190,R,R,"Aug 31, 1979","Memphis, TN, US","Drafted by the Baltimore Orioles in the 6th round of the 1998 amateur draft. Player signed June 15, 1998.",,"Seminole HS (Sanford, FL)",Timothy
150,Cody Ransom,25.200,Sep 5,"Aug 31, 2013",/H6,SFG,1.0,6-2,200,R,R,"Feb 17, 1976","Mesa, AZ, US","Drafted by the San Francisco Giants in the 9th round of the 1998 amateur draft. Player signed June 4, 1998.","Colorado Mesa University (Grand Junction, CO), South Mountain Community College (Phoenix, AZ), Grand Canyon University (Phoenix, AZ)","Chandler HS (Chandler, AZ)",Bryan Cody
151,Tim Redding,23.132,Jun 24,"Sep 30, 2009",1,HOU,0.3,5-11,230,R,R,"Feb 12, 1978","Rochester, NY, US","Drafted by the Houston Astros in the 20th round of the 1997 amateur draft. Player signed May 21, 1998.","Monroe Community College (Rochester, NY)","Churchville-Chili HS (Churchville, NY)",Timothy James
152,Brian Reith,23.077,May 16,"Jun 14, 2004",/1,CIN,-1.4,6-5,220,R,R,"Feb 28, 1978","Fort Wayne, IN, US","Drafted by the New York Yankees in the 6th round of the 1996 amateur draft. Player signed June 22, 1996.",,"Concordia Lutheran HS (Fort Wayne, IN)",Brian Eric
153,Chris Reitsma,23.094,Apr 4,"Jul 29, 2007",1/H,CIN,0.6,6-5,215,R,R,"Dec 31, 1977","Minneapolis, MN, US","Drafted by the Boston Red Sox in the 1st round (34th pick) of the 1996 amateur draft. Player signed June 22, 1996.",,"Calgary Christian HS (Calgary, AB)",Christopher Michael
154,Juan Rincon,22.135,Jun 7,"Jun 20, 2010",/1,MIN,4.7,5-11,210,R,R,"Jan 23, 1979","Maracaibo, Zulia, VE",Signed by the Minnesota Twins as an amateur free agent in 1996.,,"U. E. Instituto Cervantes (Zulia, Venezuela)",Juan Manuel
155,Juan Rivera,23.063,Sep 4,"Oct 3, 2012",/98,NYY,9.2,6-2,220,R,R,"Jul 3, 1978","Guarenas, Miranda, VE",Signed by the New York Yankees as an amateur free agent in 1996.,,"Guarenas (Guarenas, Venezuela)",Juan Luis
156,Mike Rivera,25.010,Sep 18,"May 20, 2011",/2,DET,0.4,6-1,220,R,R,"Sep 8, 1976","Rio Piedras, PR",Signed by the Detroit Tigers as an amateur free agent in 1997.,"Troy University (Troy, AL)","Bayamon (Bayamon, Puerto Rico)",Michael Rene
157,Brian Roberts,23.248,Jun 14,"Jul 28, 2014",6H4/D,BAL,29.5,5-9,175,B,R,"Oct 9, 1977","Durham, NC, US","Drafted by the Baltimore Orioles in the 1st round (50th pick) of the 1999 amateur draft. Player signed July 14, 1999.","University of North Carolina at Chapel Hill (Chapel Hill, NC), University of South Carolina (Columbia, SC)","Chapel Hill HS (Chapel Hill, NC)",Brian Michael
158,Wilfredo Rodriguez,22.185,Sep 21,"Oct 4, 2001",/1,HOU,-0.1,6-3,180,L,L,"Mar 20, 1979","Ciudad Bolivar, Bolivar, VE",Signed by the Houston Astros as an amateur free agent in 1995.,,"Bolivar (Bolivar, Venezuela)",Wilfredo Jose
159,Aaron Rowand,23.291,Jun 16,"Aug 30, 2011",789/H,CHW,20.9,6-0,210,R,R,"Aug 29, 1977","Portland, OR, US","Drafted by the Chicago White Sox in the 1st round (35th pick) of the 1998 amateur draft. Player signed June 12, 1998.","California State University, Fullerton (Fullerton, CA)","Glendora HS (Glendora, CA)",Aaron Ryan
160,CC Sabathia,20.261,Apr 8,"Sep 24, 2019",1,CLE,62.3,6-6,300,L,L,"Jul 21, 1980","Vallejo, CA, US","Drafted by the Cleveland Indians in the 1st round (20th pick) of the 1998 amateur draft. Player signed June 29, 1998.",,"Vallejo HS (Vallejo, CA)",Carsten Charles
161,Alex Sanchez,24.293,Jun 15,"Jul 23, 2005",H8/79,MIL,1.1,5-10,180,L,L,"Aug 26, 1976","La Habana, La Habana, CU","Drafted by the Tampa Bay Devil Rays in the 5th round of the 1996 amateur draft. Player signed June 7, 1996.","Miami Dade College, Wolfson Campus (Miami, FL)",,Alexis
162,Jared Sandberg,23.158,Aug 7,"Sep 26, 2003",5/3H,TBD,2.3,6-3,185,R,R,"Mar 2, 1978","Olympia, WA, US","Drafted by the Tampa Bay Devil Rays in the 16th round of the 1996 amateur draft. Player signed July 21, 1996.",,"Capital HS (Olympia, WA)",Jared Lawrence
163,Pedro Santana,24.298,Jul 16,"Jul 16, 2001",/4,DET,0.0,5-11,160,R,R,"Sep 21, 1976","San Pedro de Macoris, San Pedro de Macoris, DO",Signed by the Houston Astros as an amateur free agent in 1994.,,"San Pedro de Macoris (San Pedro de Macoris, Dominican Republic)",Pedro
164,Angel Santos,22.025,Sep 8,"Sep 28, 2003",/4H,BOS,-0.2,5-11,178,B,R,"Aug 14, 1979","Rio Piedras, PR","Drafted by the Boston Red Sox in the 4th round of the 1997 amateur draft. Player signed July 26, 1997.",,"Miguel Melendez HS (Cayey, Puerto Rico)",Angel Ramon
165,Victor Santos,24.189,Apr 9,"Sep 29, 2007",1,DET,-0.8,6-2,205,R,R,"Oct 2, 1976","San Pedro de Macoris, San Pedro de Macoris, DO",Signed by the Detroit Tigers as an amateur free agent in 1995.,"Saint Peter's University (Jersey City, NJ)","Passaic HS (Passaic, NJ)",Victor Irving
166,Scott Seabol,25.326,Apr 8,"Sep 30, 2005",/DH,NYY,-0.6,6-4,200,R,R,"May 17, 1975","McKeesport, PA, US","Drafted by the New York Yankees in the 88th round of the 1996 amateur draft. Player signed June 25, 1996.","West Virginia University (Morgantown, WV)","South Allegheny HS (McKeesport, PA)",Scott Anthony
167,Bobby Seay,23.055,Aug 14,"Oct 1, 2009",1,TBD,3.0,6-2,221,L,L,"Jun 20, 1978","Sarasota, FL, US","Drafted by the Chicago White Sox in the 1st round (12th pick) of the 1996 amateur draft. Player signed November 8, 1996.",,"Sarasota HS (Sarasota, FL)",Robert Michael
168,Wascar Serrano,22.344,May 12,"Oct 5, 2001",1,SDP,-0.8,6-2,180,R,R,"Jun 2, 1978","Santo Domingo, Distrito Nacional, DO",Signed by the San Diego Padres as an amateur free agent in 1995.,,"Bani (Bani, Dominican Republic)",Wascar Radames
169,Ben Sheets,22.261,Apr 5,"Oct 3, 2012",1,MIL,23.2,6-1,195,R,R,"Jul 18, 1978","Baton Rouge, LA, US","Drafted by the Milwaukee Brewers in the 1st round (10th pick) of the 1999 amateur draft. Player signed July 30, 1999.","University of Louisiana at Monroe (Monroe, LA)","St. Amant HS (St. Amant, LA)",Ben M.
170,Scot Shields,25.308,May 26,"Sep 7, 2010",/1,ANA,12.1,6-1,175,R,R,"Jul 22, 1975","Fort Lauderdale, FL, US","Drafted by the Anaheim Angels in the 38th round of the 1997 amateur draft. Player signed June 9, 1997.","Lincoln Memorial University (Harrogate, TN)","Fort Lauderdale HS (Fort Lauderdale, FL)",Robert Scot
171,Tsuyoshi Shinjo,29.065,Apr 3,"Jun 27, 2003",*879H,NYM,3.9,6-1,185,R,R,"Jan 28, 1972","Tsushima, Nagasaki, JP",,,Nishi Nihon Tandaifu HS (Japan),Tsuyoshi
172,Bud Smith,21.230,Jun 10,"Jul 19, 2002",1,STL,-0.3,6-0,170,L,L,"Oct 23, 1979","Torrance, CA, US","Drafted by the St. Louis Cardinals in the 4th round of the 1998 amateur draft. Player signed June 3, 1998.","Los Angeles Harbor College (Wilmington, CA)","St. John Bosco HS (Bellflower, CA)",Robert Allan
173,Jason Smith,23.328,Jun 17,"May 21, 2009",/H6,CHC,-1.0,6-3,195,L,R,"Jul 24, 1977","Meridian, MS, US","Drafted by the Chicago Cubs in the 23rd round of the 1996 amateur draft. Player signed May 25, 1997.","Meridian Community College (Meridian, MS)","Demopolis HS (Demopolis, AL)",Jason William
174,Roy Smith,25.008,May 26,"Sep 29, 2002",/1,CLE,-0.3,6-6,235,R,R,"May 18, 1976","St. Petersburg, FL, US","Drafted by the Seattle Mariners in the 13th round of the 1994 amateur draft. Player signed June 19, 1994.","St. Petersburg College (St. Petersburg, FL)","Dixie Hollins HS (St. Petersburg, FL)",Walter Roy
175,Scott Sobkowiak,23.346,Oct 7,"Oct 7, 2001",/1,ATL,0.0,6-5,230,R,R,"Oct 26, 1977","Woodstock, IL, US","Drafted by the Atlanta Braves in the 7th round of the 1998 amateur draft. Player signed June 6, 1998.","University of Northern Iowa (Cedar Falls, IA)",,Scott
176,Junior Spivey,26.125,Jun 2,"Sep 27, 2005",4H/6,ARI,8.2,6-0,185,R,R,"Jan 28, 1975","Oklahoma City, OK, US","Drafted by the Arizona Diamondbacks in the 36th round of the 1996 amateur draft. Player signed June 14, 1996.","Cowley Community College (Arkansas City, KS), Northwestern Oklahoma State University (Alva, OK)","Douglas HS (Oklahoma City, OK)",Ernest Lee
177,Tim Spooneybarger,21.319,Sep 5,"Jun 11, 2003",/1,ATL,1.2,6-3,190,R,R,"Oct 21, 1979","San Diego, CA, US","Drafted by the Atlanta Braves in the 29th round of the 1998 amateur draft. Player signed May 19, 1999.","Northwest Florida State College (Niceville, FL)","Pine Forest HS (Pensacola, FL)",Timothy Floyd
178,Jason Standridge,22.262,Jul 29,"May 19, 2007",/1,TBD,-0.7,6-3,240,R,R,"Nov 9, 1978","Birmingham, AL, US","Drafted by the Tampa Bay Devil Rays in the 1st round (31st pick) of the 1997 amateur draft. Player signed June 6, 1997.",,"Hewitt-Trussville HS (Trussville, AL)",Jason Wayne
179,Scott Stewart,25.234,Apr 5,"Oct 3, 2004",1,MON,1.0,6-2,225,R,L,"Aug 14, 1975","Stoughton, MA, US","Drafted by the Texas Rangers in the 20th round of the 1994 amateur draft. Player signed June 7, 1994.",,"East Gaston HS (Mount Holly, NC)",Scott Edward
180,Ricky Stone,26.205,Sep 21,"Jul 21, 2007",/1,HOU,0.1,6-1,170,R,R,"Feb 28, 1975","Hamilton, OH, US","Drafted by the Los Angeles Dodgers in the 4th round of the 1994 amateur draft. Player signed June 4, 1994.",,"Hamilton HS (Hamilton, OH)",Ricky L.
181,Ichiro Suzuki,27.162,Apr 2,"Mar 21, 2019",*9/DH,SEA,60.0,5-11,175,L,R,"Oct 22, 1973","Nichi Kasugai-gun, Aichi, JP",,,"Aikoudai Meiden (Nagoya, Japan)",Ichiro
182,Brad Thomas,23.216,May 26,"May 10, 2011",/1,MIN,-1.1,6-4,235,L,L,"Oct 22, 1977","Sydney, New South Wales, AU",Signed by the Los Angeles Dodgers as an amateur free agent in 1995.,,"Mitchell (Blacktown, Australia)",Bradley Richard
183,Steve Torrealba,23.224,Oct 6,"Sep 29, 2002",/2H,ATL,-0.3,6-0,175,R,R,"Feb 24, 1978","Barquisimeto, Lara, VE",Signed by the Atlanta Braves as an amateur free agent in 1995.,,"Barquisimeto (Barquisimeto, Venezuela)",Steven Alexander
184,Yorvit Torrealba,23.048,Sep 5,"Sep 25, 2013",/2,SFG,5.4,5-11,200,R,R,"Jul 19, 1978","Caracas, Distrito Federal, VE",Signed by the San Francisco Giants as an amateur free agent in 1994.,,"Alberto Sequin Vera (Guarenas, Venezuela)",Yorvit Adolfo
185,Josh Towers,24.065,May 2,"Sep 12, 2009",1,BAL,2.2,6-1,185,R,R,"Feb 26, 1977","Port Hueneme, CA, US","Drafted by the Baltimore Orioles in the 15th round of the 1996 amateur draft. Player signed June 20, 1996.","Oxnard College (Oxnard, CA)","Hueneme HS (Oxnard, CA)",Joshua Eric
186,Juan Uribe,22.017,Apr 8,"Jul 30, 2016",6/H,COL,22.6,6-0,245,R,R,"Mar 22, 1979","Sabana Grande de Palenque, San Cristobal, DO",Signed by the Colorado Rockies as an amateur free agent in 1997.,,Abel Uribe (Dominican Republic),Juan C.
187,Eric Valent,24.065,Jun 8,"May 27, 2005",H/7D9,PHI,-0.9,6-0,191,L,L,"Apr 4, 1977","La Mirada, CA, US","Drafted by the Philadelphia Phillies in the 1st round (42nd pick) of the 1998 amateur draft. Player signed July 1, 1998.","University of California, Los Angeles (Los Angeles, CA)","Canyon HS (Anaheim, CA)",Eric Christian
188,Ramon Vazquez,25.017,Sep 7,"Oct 4, 2009",6/4H5D,SEA,1.4,5-11,195,L,R,"Aug 21, 1976","Aibonito, PR","Drafted by the Seattle Mariners in the 27th round of the 1995 amateur draft. Player signed June 26, 1995.","Indian Hills Community College (Centerville, IA)","Juano Colon HS (Comerio, Puerto Rico)",Ramon Luis
189,Ken Vining,26.169,May 23,"Jul 5, 2001",/1,CHW,-0.6,6-0,180,L,L,"Dec 5, 1974","Decatur, GA, US","Drafted by the San Francisco Giants in the 4th round of the 1996 amateur draft. Player signed June 28, 1996.","Clemson University (Clemson, SC)","Cardinal Newman HS (Columbia, SC)",Kenneth Edward
190,Brad Voyles,24.252,Sep 8,"Sep 27, 2003",/1,KCR,-0.7,6-1,195,R,R,"Dec 30, 1976","Green Bay, WI, US","Drafted by the Atlanta Braves in the 45th round of the 1998 amateur draft. Player signed June 7, 1998.","Kishwaukee College (Malta, IL), Lincoln Memorial University (Harrogate, TN)",,Bradley Roy
191,Chris Wakeland,27.081,Sep 4,"Oct 6, 2001",9,DET,0.4,6-0,185,L,L,"Jun 15, 1974","Huntington Beach, CA, US","Drafted by the Detroit Tigers in the 15th round of the 1996 amateur draft. Player signed June 11, 1996.","George Fox University (Newberg, OR), Oregon State University (Corvallis, OR)","St. Helens HS (St. Helens, OR)",Christopher Robert
192,Brad Wilkerson,24.041,Jul 12,"Sep 28, 2008",7H,MON,11.0,6-0,200,L,L,"Jun 1, 1977","Owensboro, KY, US","Drafted by the Montreal Expos in the 1st round (33rd pick) of the 1998 amateur draft. Player signed August 29, 1998.","University of Florida (Gainesville, FL)","Apollo HS (Owensboro, KY)",Stephen Bradley
193,David Williams,22.086,Jun 6,"Sep 24, 2007",1,PIT,2.3,6-3,215,L,L,"Mar 12, 1979","Anchorage, AK, US","Drafted by the Pittsburgh Pirates in the 17th round of the 1998 amateur draft. Player signed June 3, 1998.","Delaware Technical and Community College (Dover, DE)",,David Aaron
194,Craig Wilson,24.143,Apr 22,"May 11, 2007",H392/D7,PIT,3.5,6-2,217,R,R,"Nov 30, 1976","Fountain Valley, CA, US","Drafted by the Toronto Blue Jays in the 2nd round of the 1995 amateur draft. Player signed June 22, 1995.",,"Huntington Beach HS (Huntington Beach, CA), Marina HS (Huntington Beach, CA)",Craig Alan
195,Jack Wilson,23.095,Apr 3,"Jul 13, 2012",6/H,PIT,23.5,6-0,200,R,R,"Dec 29, 1977","Westlake Village, CA, US","Drafted by the St. Louis Cardinals in the 9th round of the 1998 amateur draft. Player signed June 3, 1998.","Oxnard College (Oxnard, CA)","Thousand Oaks HS (Thousand Oaks, CA)",Jack Eugene
196,Tom Wilson,30.151,May 19,"Oct 3, 2004",/2,OAK,-0.2,6-3,220,R,R,"Dec 19, 1970","Fullerton, CA, US","Drafted by the New York Yankees in the 23rd round of the 1990 amateur draft. Player signed May 21, 1991.","Fullerton College (Fullerton, CA)","Troy HS (Fullerton, CA)",Thomas Leroy
197,Dan Wright,23.225,Jul 27,"May 1, 2004",1,CHW,-1.1,6-5,225,R,R,"Dec 14, 1977","Longview, TX, US","Drafted by the Chicago White Sox in the 2nd round of the 1999 amateur draft. Player signed July 10, 1999.","University of Arkansas (Fayetteville, AR)","Sullivan South HS (Kingsport, TN)",Jonathan Daniel
198,Carlos Zambrano,20.080,Aug 20,"Sep 21, 2012",/1,CHC,43.9,6-4,275,B,R,"Jun 1, 1981","Puerto Cabello, Carabobo, VE",Signed by the Chicago Cubs as an amateur free agent in 1997.,,"U. E. Creacion (Carabobo, Venezuela)",Carlos Alberto
199,Victor Zambrano,25.319,Jun 21,"Sep 30, 2007",1,TBD,5.1,6-0,190,B,R,"Aug 6, 1975","Los Teques, Miranda, VE",Signed by the New York Yankees as an amateur free agent in 1993.,,"Los Teques (Los Teques, Venezuela)",Victor Manuel
