Rk,Name,Age,Debut,LastGame,Pos,Tm,WAR,Ht,Wt,B,T,Birthdate,Birthplace,Draft/Signing,Schools,HighSchool,GivenName
1,Bryan Abreu,22.100,Jul 31,,/1,HOU,0.7,6-1,225,R,R,"Apr 22, 1997","Santo Domingo, Distrito Nacional, DO",Signed by the Houston Astros as an amateur free agent in 2013.,,,Bryan Enrique
2,Dario Agrazal,24.169,Jun 15,"Sep 25, 2019",1,PIT,0.5,6-2,225,R,R,"Dec 28, 1994","Aguadulce, Cocle, PA",Signed by the Pittsburgh Pirates as an amateur free agent in 2012.,,,Dario Abdiel
3,R.J. Alaniz,27.302,Apr 12,"Jul 23, 2021",/1,SEA,-0.3,6-4,220,R,R,"Jun 14, 1991","McAllen, TX, US",Signed by the Houston Astros as an amateur free agent in 2009.,,"Juarez-Lincoln HS (La Joya, TX)",Ruben
4,Jorge Alcala,24.055,Sep 21,,/1,MIN,0.9,6-3,205,R,R,"Jul 28, 1995","Bajos de Haina, San Cristobal, DO",Signed by the Houston Astros as an amateur free agent in 2014.,,,Jorge Luis
5,Tyler Alexander,24.354,Jul 3,,1,DET,3.2,6-2,203,R,L,"Jul 14, 1994","Chicago, IL, US","Drafted by the Detroit Tigers in the 2nd round of the 2015 amateur draft. Player signed June 25, 2015.","Texas Christian University (Fort Worth, TX)","Carroll HS (Southlake, TX)",Tyler John
6,Austin Allen,25.115,May 11,,2H/3,SDP,-0.3,6-2,219,L,R,"Jan 16, 1994","St. Louis, MO, US","Drafted by the San Diego Padres in the 4th round of the 2015 amateur draft. Player signed June 13, 2015.","Florida Institute of Technology (Melbourne, FL)","Chaminade College Prep (Creve Coeur, MO)",Austin Michael
7,Logan Allen,22.026,Jun 18,,/1,SDP,-1.1,6-3,200,R,L,"May 23, 1997","West Palm Beach, FL, US","Drafted by the Boston Red Sox in the 8th round of the 2015 amateur draft. Player signed June 21, 2015.",,"IMG Academy (Bradenton, FL)",Logan Shane
8,Pete Alonso,24.111,Mar 28,,*3/HD,NYM,14.2,6-3,245,R,R,"Dec 7, 1994","Tampa, FL, US","Drafted by the New York Mets in the 2nd round of the 2016 amateur draft. Player signed June 28, 2016.","University of Florida (Gainesville, FL)","H. B. Plant HS (Tampa, FL)",Peter Morgan
9,Yordan Alvarez,21.347,Jun 9,,D7/H,HOU,13.6,6-5,225,L,R,"Jun 27, 1997","Las Tunas, CU",Signed by the Los Angeles Dodgers as an amateur free agent in 2016.,,,Yordan Ruben
10,Adbert Alzolay,24.111,Jun 20,,/1,CHC,1.2,6-1,208,R,R,"Mar 1, 1995","San Felix, Bolivar, VE",Signed by the Chicago Cubs as an amateur free agent in 2012.,,,Adbert Marcelo
11,Nick Anderson,28.266,Mar 28,"Sep 26, 2021",1,MIA,2.5,6-4,205,R,R,"Jul 5, 1990","Crosby, MN, US",Signed as a Free Agent with the Minnesota Twins in 2015.,"Mayville State University (Mayville, ND)","Brainerd HS (Brainerd, MN)",Nick Paul
12,Shaun Anderson,24.198,May 15,,1,SFG,-1.1,6-6,228,R,R,"Oct 29, 1994","Coral Springs, FL, US","Drafted by the Boston Red Sox in the 3rd round of the 2016 amateur draft. Player signed July 2, 2016.","University of Florida (Gainesville, FL)","American Heritage HS (Plantation, FL)",Shaun
13,Rogelio Armenteros,24.349,Jun 14,"Aug 17, 2019",/1,HOU,0.1,6-1,244,R,R,"Jun 30, 1994","La Habana, La Habana, CU",Signed by the Houston Astros as an amateur free agent in 2014.,,,Rogelio
14,Randy Arozarena,24.167,Aug 14,,H/987,STL,8.0,5-11,185,R,R,"Feb 28, 1995","La Habana, La Habana, CU",Signed as a Free Agent with the St. Louis Cardinals in 2016.,,,Randy
15,Luis Arraez,22.039,May 18,,475/6HD,MIN,10.4,5-10,175,L,R,"Apr 9, 1997","San Felipe, Yaracuy, VE",Signed by the Minnesota Twins as an amateur free agent in 2013.,,,Luis Sangel
16,Humberto Arteaga,25.148,Jun 20,"Jul 2, 2021",6/4H51,KCR,-0.8,6-1,160,R,R,"Jan 23, 1994","Caracas, Distrito Federal, VE",Signed by the Kansas City Royals as an amateur free agent in 2010.,,,Humberto Jose
17,Pedro Avila,22.087,Apr 11,,/1,SDP,0.3,5-11,210,R,R,"Jan 14, 1997","Caracas, Distrito Federal, VE",Signed by the Washington Nationals as an amateur free agent in 2014.,,,Pedro Manuel
18,Michel Báez,23.183,Jul 23,,1,SDP,0.6,6-8,220,R,R,"Jan 21, 1996","La Habana, La Habana, CU",Signed by the San Diego Padres as an amateur free agent in 2016.,,,Michel
19,Tres Barrera,24.364,Sep 14,,/2H,WSN,0.0,6-0,215,R,R,"Sep 15, 1994","Eagle Pass, TX, US","Drafted by the Washington Nationals in the 6th round of the 2016 amateur draft. Player signed June 16, 2016.","University of Texas at Austin (Austin, TX)",,Felipe Jesus
20,Matt Beaty,26.002,Apr 30,,37H/5D9,LAD,-0.8,6-0,215,L,R,"Apr 28, 1993","Snellville, GA, US","Drafted by the Los Angeles Dodgers in the 12th round of the 2015 amateur draft. Player signed June 13, 2015.","Belmont University (Nashville, TN)","Dresden HS (Dresden, TN)",Matthew Thomas
21,David Bednar,24.326,Sep 1,,1,SDP,3.1,6-1,250,L,R,"Oct 10, 1994","Pittsburgh, PA, US","Drafted by the San Diego Padres in the 35th round of the 2016 amateur draft. Player signed June 13, 2016.","Lafayette College (Easton, PA)",,David Jeffrey
22,Anthony Bemboom,29.114,May 12,,/2,TBR,-0.6,6-2,200,L,R,"Jan 18, 1990","St. Cloud, MN, US","Drafted by the Los Angeles Angels of Anaheim in the 22nd round of the 2012 amateur draft. Player signed June 12, 2012.","Creighton University (Omaha, NE)","Sauk Rapids-Rice HS (Sauk Rapids, MN)",Anthony John
23,Travis Bergen,25.172,Mar 29,"May 23, 2021",1,SFG,0.6,6-1,223,L,L,"Oct 8, 1993","McDonough, GA, US","Drafted by the Toronto Blue Jays in the 7th round of the 2015 amateur draft. Player signed June 14, 2015.","Kennesaw State University (Kennesaw, GA)",,Travis Michael
24,Bo Bichette,21.146,Jul 29,,6/D,TOR,12.9,6-0,185,R,R,"Mar 5, 1998","Orlando, FL, US","Drafted by the Toronto Blue Jays in the 2nd round of the 2016 amateur draft. Player signed June 15, 2016.",,"Lakewood HS (St. Petersburg, FL)",Bo Joseph
25,Cavan Biggio,24.043,May 24,,4/39DH7,TOR,6.3,6-2,200,L,R,"Apr 11, 1995","Houston, TX, US","Drafted by the Toronto Blue Jays in the 5th round of the 2016 amateur draft. Player signed June 14, 2016.","University of Notre Dame (South Bend, IN)","St. Thomas HS (Houston, TX)",Cavan Thomas
26,Kyle Bird,25.350,Mar 28,"Jul 30, 2019",1,TEX,-0.1,6-3,220,L,L,"Apr 12, 1993","Orange Park, FL, US","Drafted by the Tampa Bay Rays in the 35th round of the 2014 amateur draft. Player signed June 11, 2014.","Flagler College (St. Augustine, FL), Florida State University (Tallahassee, FL)","Clay HS (Green Cove Springs, FL)",Ronald Kyle
27,Braden Bishop,25.211,Mar 21,"Apr 19, 2021",8/7HD9,SEA,-0.2,6-1,178,R,R,"Aug 22, 1993","Woodland Hills, CA, US","Drafted by the Seattle Mariners in the 3rd round of the 2015 amateur draft. Player signed June 16, 2015.","University of Washington (Seattle, WA)","St. Francis HS (Mountain View, CA)",Braden Adam
28,Ronald Bolanos,23.011,Sep 3,,/1,SDP,-0.1,6-2,230,R,R,"Aug 23, 1996","Santa Cruz del Norte, Mayabeque, CU",Signed by the San Diego Padres as an amateur free agent in 2016.,,,Ronald
29,Skye Bolt,25.108,May 3,,/8H9,OAK,-1.0,6-2,180,B,R,"Jan 15, 1994","Atlanta, GA, US","Drafted by the Oakland Athletics in the 4th round of the 2015 amateur draft. Player signed June 17, 2015.","University of North Carolina at Chapel Hill (Chapel Hill, NC)","Holy Innocents' Episcopal School (Atlanta, GA)",Skye Michael
30,James Bourque,25.321,May 26,"Sep 20, 2020",/1,WSN,-0.1,6-4,215,R,R,"Jul 9, 1993","Ann Arbor, MI, US","Drafted by the Washington Nationals in the 14th round of the 2014 amateur draft. Player signed June 11, 2014.","University of Michigan (Ann Arbor, MI)","Huron HS (Ann Arbor, MI)",James Buchanan
31,Bobby Bradley,23.025,Jun 23,,/D3H,CLE,-0.4,6-1,225,L,R,"May 29, 1996","Chicago, IL, US","Drafted by the Cleveland Indians in the 3rd round of the 2014 amateur draft. Player signed June 17, 2014.",,"Harrison Central HS (Gulfport, MS)",Bobby
32,Brandon Brennan,27.238,Mar 21,"Jun 12, 2021",1,SEA,0.6,6-4,207,R,R,"Jul 26, 1991","Mission Viejo, CA, US","Drafted by the Chicago White Sox in the 4th round of the 2012 amateur draft. Player signed June 11, 2012.","Orange Coast College (Costa Mesa, CA)","Capistrano Valley HS (Mission Viejo, CA)",Brandon Sean Michael
33,Mike Brosseau,25.100,Jun 23,,45H/9713D,TBR,3.6,5-10,205,R,R,"Mar 15, 1994","Munster, IN, US",Signed by the Tampa Bay Rays as an amateur free agent in 2016.,"Oakland University (Rochester, MI)",,Michael Dillon
34,Seth Brown,27.044,Aug 26,,7/H3,OAK,3.7,6-1,223,L,L,"Jul 13, 1992","Klamath Falls, OR, US","Drafted by the Oakland Athletics in the 19th round of the 2015 amateur draft. Player signed June 15, 2015.","Lewis-Clark State College (Lewiston, ID), Linn-Benton Community College (Albany, OR)","North Medford HS (Medford, OR)",Seth William
35,Brock Burke,23.016,Aug 20,,/1,TEX,2.0,6-4,210,L,L,"Aug 4, 1996","Chicago, IL, US","Drafted by the Tampa Bay Rays in the 3rd round of the 2014 amateur draft. Player signed June 18, 2014.",,"Evergreen HS (Evergreen, CO)",Brock Christopher
36,Genesis Cabrera,22.231,May 29,,1,STL,-0.5,6-2,180,L,L,"Oct 10, 1996","Santo Domingo, Distrito Nacional, DO",Signed by the Tampa Bay Rays as an amateur free agent in 2013.,,,Genesis
37,Griffin Canning,22.354,Apr 30,"Jul 2, 2021",1,LAA,2.5,6-2,180,R,R,"May 11, 1996","Mission Viejo, CA, US","Drafted by the Los Angeles Angels in the 2nd round of the 2017 amateur draft. Player signed June 16, 2017.","University of California, Los Angeles (Los Angeles, CA)","Santa Margarita Catholic HS (Rancho Santa Margarita, CA)",Griffin Alexander
38,Willi Castro,22.122,Aug 24,,6/H,DET,0.4,6-1,206,B,R,"Apr 24, 1997","Rio Piedras, PR",Signed by the Cleveland Indians as an amateur free agent in 2013.,,,Willi Rafael
39,Dylan Cease,23.187,Jul 3,,1,CHW,9.3,6-2,195,R,R,"Dec 28, 1995","Milton, GA, US","Drafted by the Chicago Cubs in the 6th round of the 2014 amateur draft. Player signed July 4, 2014.",,"Milton HS (Milton, GA)",Dylan Edward
40,Yu Chang,23.314,Jun 28,,5/6H,CLE,0.3,6-1,180,R,R,"Aug 18, 1995","Taitung, TW",Signed by the Cleveland Indians as an amateur free agent in 2013.,,,Yu-Cheng
41,Michael Chavis,23.252,Apr 20,,34/5HD,BOS,-0.4,5-10,190,R,R,"Aug 11, 1995","Atlanta, GA, US","Drafted by the Boston Red Sox in the 1st round (26th pick) of the 2014 amateur draft. Player signed June 20, 2014.",,"Sprayberry HS (Marietta, GA)",Michael Scott
42,Aaron Civale,24.010,Jun 22,,1,CLE,3.2,6-2,215,R,R,"Jun 12, 1995","East Windsor, CT, US","Drafted by the Cleveland Indians in the 3rd round of the 2016 amateur draft. Player signed June 17, 2016.","Northeastern University (Boston, MA)","Loomis Chaffee HS (Windsor, CT)",Aaron James
43,Taylor Clarke,25.342,Apr 20,,1,ARI,1.1,6-4,217,R,R,"May 13, 1993","Ashburn, VA, US","Drafted by the Arizona Diamondbacks in the 3rd round of the 2015 amateur draft. Player signed June 12, 2015.","College of Charleston (Charleston, SC), Towson University (Towson, MD)","Broad Run HS (Ashburn, VA)",Taylor James
44,Emmanuel Clase,21.139,Aug 4,,1,TEX,6.6,6-2,206,R,R,"Mar 18, 1998","Rio San Juan, Maria Trinidad Sanchez, DO",Signed by the San Diego Padres as an amateur free agent in 2015.,,,Emmanuel
45,Zack Collins,24.133,Jun 19,,D2/H3,CHW,-1.3,6-3,220,L,R,"Feb 6, 1995","Pembroke Pines, FL, US","Drafted by the Chicago White Sox in the 1st round (10th pick) of the 2016 amateur draft. Player signed June 24, 2016.","University of Miami (Coral Gables, FL)","American Heritage HS (Plantation, FL)",Zachary Allen
46,Sam Coonrod,26.246,May 26,,1,SFG,-0.2,6-1,225,R,R,"Sep 22, 1992","St. Louis, MO, US","Drafted by the San Francisco Giants in the 5th round of the 2014 amateur draft. Player signed June 17, 2014.","Southern Illinois University Carbondale (Carbondale, IL)","Carrollton HS (Carrollton, IL)",Samuel Timothy
47,Ryan Court,31.059,Jul 26,"Sep 8, 2019",/37H9,SEA,-0.2,6-2,210,R,R,"May 28, 1988","Elgin, IL, US","Drafted by the Arizona Diamondbacks in the 23rd round of the 2011 amateur draft. Player signed June 9, 2011.","Illinois State University (Normal, IL)","Dundee-Crown HS (Carpentersville, IL)",Ryan Arthur
48,Kevin Cron,26.096,May 24,"Aug 23, 2020",H3/D5,ARI,-0.3,6-5,255,R,R,"Feb 17, 1993","Placentia, CA, US","Drafted by the Arizona Diamondbacks in the 14th round of the 2014 amateur draft. Player signed June 23, 2014.","Texas Christian University (Fort Worth, TX)","Mountain Pointe HS (Phoenix, AZ)",Kevin Scott
49,Jaylin Davis,25.065,Sep 4,,9/DH,SFG,-0.6,5-11,205,R,R,"Jul 1, 1994","Greensboro, NC, US","Drafted by the Minnesota Twins in the 24th round of the 2015 amateur draft. Player signed June 15, 2015.","Appalachian State University (Boone, NC)",,Jaylin Malik
50,Johnny Davis,29.138,Sep 11,"Sep 29, 2019",/H87,TBR,-0.1,5-10,180,B,R,"Apr 26, 1990","Compton, CA, US","Drafted by the Milwaukee Brewers in the 22nd round of the 2013 amateur draft. Player signed June 24, 2013.","West Los Angeles College (Culver City, CA)","Leuzinger HS (Lawndale, CA)",Johnathan Lewis
51,Yonathan Daza,25.040,Apr 9,,8H/79,COL,0.6,6-2,207,R,R,"Feb 28, 1994","Maracay, Aragua, VE",Signed by the Colorado Rockies as an amateur free agent in 2010.,,,Yonathan
52,Miguel Del Pozo,26.310,Aug 20,"Sep 7, 2021",1,LAA,-1.0,6-1,205,L,L,"Oct 14, 1992","Santo Domingo, Distrito Nacional, DO",Signed by the Miami Marlins as an amateur free agent in 2010.,,,Miguel Eduardo
53,Travis Demeritte,24.306,Aug 2,,9/H,DET,-1.7,6-0,180,R,R,"Sep 30, 1994","New York, NY, US","Drafted by the Texas Rangers in the 1st round (30th pick) of the 2013 amateur draft. Player signed June 10, 2013.",,"Winder-Barrow HS (Winder, GA)",Travis Timothy
54,Isan Diaz,23.070,Aug 5,"Sep 15, 2021",4/H,MIA,-2.6,5-11,201,L,R,"May 27, 1996","Bayamon, PR","Drafted by the Arizona Diamondbacks in the 2nd round of the 2014 amateur draft. Player signed June 8, 2014.",,"Springfield HS (Springfield, MA)",Isan Xavier
55,Yennsy Díaz,22.262,Aug 4,"Sep 13, 2021",/1,TOR,-0.3,6-1,210,R,R,"Nov 15, 1996","Azua, Azua, DO",Signed by the Toronto Blue Jays as an amateur free agent in 2014.,,,Yennsy Manuel
56,Phillip Diehl,24.330,Jun 11,,1,COL,-0.5,6-2,169,L,L,"Jul 16, 1994","Cincinnati, OH, US","Drafted by the New York Yankees in the 27th round of the 2016 amateur draft. Player signed June 15, 2016.","Louisiana Tech University (Ruston, LA), University of Evansville (Evansville, IN)","Archbishop Moeller HS (Cincinnati, OH)",Phillip Stewart
57,Nick Dini,26.012,Aug 8,"Sep 29, 2019",2/H,KCR,0.1,5-8,190,R,R,"Jul 27, 1993","Monroe, NJ, US","Drafted by the Kansas City Royals in the 14th round of the 2015 amateur draft. Player signed June 13, 2015.","Wagner College (Staten Island, NY)","Monroe Township HS (Monroe Township, NJ)",Nicholas Carl
58,Randy Dobnak,24.204,Aug 9,"Sep 3, 2021",/1,MIN,-0.2,6-1,230,R,R,"Jan 17, 1995","South Park, PA, US",Signed as a Free Agent with the Minnesota Twins in 2017.,"Alderson Broaddus University (Phillippi, WV)",,Randy Travis William
59,Kyle Dowdy,26.053,Mar 28,,1,TEX,-0.1,6-1,195,R,R,"Feb 3, 1993","Escondido, CA, US","Drafted by the Detroit Tigers in the 12th round of the 2015 amateur draft. Player signed June 16, 2015.","University of Hawaii at Manoa (Honolulu, HI), University of Houston (Houston, TX)",,Kyle Alexander
60,Mauricio Dubon,24.353,Jul 7,,/H6,MIL,2.0,6-0,173,R,R,"Jul 19, 1994","San Pedro Sula, Cortes, HN","Drafted by the Boston Red Sox in the 26th round of the 2013 amateur draft. Player signed July 10, 2013.",,"Capital Christian HS (Sacramento, CA)",Mauricio Andre
61,Robert Dugger,24.033,Aug 5,,/1,MIA,-1.9,6-0,198,R,R,"Jul 3, 1995","Tucson, AZ, US","Drafted by the Seattle Mariners in the 18th round of the 2016 amateur draft. Player signed June 30, 2016.","Texas Tech University (Lubbock, TX)","Tomball HS (Tomball, TX)",Robert Lee
62,Justin Dunn,23.355,Sep 12,,/1,SEA,1.6,6-2,185,R,R,"Sep 22, 1995","Freeport, NY, US","Drafted by the New York Mets in the 1st round (19th pick) of the 2016 amateur draft. Player signed June 21, 2016.","Boston College (Chestnut Hill, MA)","Gunnery HS (Cheshire, CT)",Justin Warren
63,Jon Duplantier,24.264,Apr 1,"Jun 13, 2021",1,ARI,-0.5,6-4,229,L,R,"Jul 11, 1994","Newark, DE, US","Drafted by the Arizona Diamondbacks in the 3rd round of the 2016 amateur draft. Player signed June 14, 2016.","Rice University (Houston, TX)","Seven Lakes HS (Katy, TX)",Jon Christopher
64,Montana DuRapau,27.043,May 9,"Aug 29, 2019",1,PIT,-0.8,5-10,190,R,R,"Mar 27, 1992","Deltona, FL, US","Drafted by the Pittsburgh Pirates in the 32nd round of the 2014 amateur draft. Player signed June 11, 2014.","Bethune-Cookman University (Daytona Beach, FL)","Deltona HS (Deltona, FL)",Montana Robert
65,Ryan Eades,27.175,Jun 8,"Sep 23, 2019",/1,MIN,0.3,6-2,210,R,R,"Dec 15, 1991","Slidell, LA, US","Drafted by the Minnesota Twins in the 2nd round of the 2013 amateur draft. Player signed June 27, 2013.","Louisiana State University (Baton Rouge, LA)","Northshore HS (Slidell, LA)",Ryan Nelson
66,Tommy Edman,24.030,Jun 8,,54H9/87,STL,15.3,5-10,180,B,R,"May 9, 1995","Pontiac, MI, US","Drafted by the St. Louis Cardinals in the 6th round of the 2016 amateur draft. Player signed June 15, 2016.","Stanford University (Palo Alto, CA)","La Jolla Country Day School (La Jolla, CA)",Thomas Hyunsu
67,Chris Ellis,26.190,Mar 31,,/1,KCR,1.0,6-5,205,L,R,"Sep 22, 1992","Birmingham, AL, US","Drafted by the Los Angeles Angels of Anaheim in the 3rd round of the 2014 amateur draft. Player signed June 28, 2014.","University of Mississippi (Oxford, MS)","Spain Park HS (Hoover, AL)",Christopher John
68,Luis Escobar,23.044,Jul 13,"Jul 24, 2019",/1,PIT,-0.1,6-1,205,R,R,"May 30, 1996","Cartagena, Bolivar, CO",Signed by the Pittsburgh Pirates as an amateur free agent in 2013.,,,Luis Alberto
69,Thomas Eshelman,25.011,Jul 1,"Oct 1, 2021",1,BAL,0.0,6-2,225,R,R,"Jun 20, 1994","Carlsbad, CA, US","Drafted by the Houston Astros in the 2nd round of the 2015 amateur draft. Player signed July 1, 2015.","California State University, Fullerton (Fullerton, CA)","Carlsbad HS (Carlsbad, CA)",Thomas Darwin
70,Thairo Estrada,23.058,Apr 21,,4H/679D,NYY,2.5,5-10,185,R,R,"Feb 22, 1996","Bejuma, Carabobo, VE",Signed by the New York Yankees as an amateur free agent in 2012.,,,Thairo Jose
71,Pete Fairbanks,25.175,Jun 9,,/1,TEX,1.2,6-6,225,R,R,"Dec 16, 1993","Milwaukee, WI, US","Drafted by the Texas Rangers in the 9th round of the 2015 amateur draft. Player signed June 11, 2015.","University of Missouri (Columbia, MO)",,Peter Anderson
72,Junior Fernandez,22.162,Aug 11,,1,STL,-0.2,6-3,215,R,R,"Mar 2, 1997","Santo Domingo Centro, Distrito Nacional, DO",Signed by the St. Louis Cardinals as an amateur free agent in 2014.,,,Junior Fabio
73,Mike Ford,26.288,Apr 18,,3DH/1,NYY,-0.4,6-0,225,L,R,"Jul 4, 1992","Belle Mead, NJ, US",Signed by the New York Yankees as an amateur free agent in 2013.,"Princeton University (Princeton, NJ)","The Hun School of Princeton (Princeton, NJ)",Michael Harrison
74,Jake Fraley,24.088,Aug 21,,8/H9,SEA,1.5,6-0,195,L,L,"May 25, 1995","Frederick, MD, US","Drafted by the Tampa Bay Rays in the 2nd round of the 2016 amateur draft. Player signed June 22, 2016.","Louisiana State University (Baton Rouge, LA)","Caravel Academy (Bear, DE)",Jake Arnold
75,Ty France,24.287,Apr 26,,54H/13,SDP,8.1,5-11,215,R,R,"Jul 13, 1994","Downey, CA, US","Drafted by the San Diego Padres in the 34th round of the 2015 amateur draft. Player signed June 13, 2015.","San Diego State University (San Diego, CA)",,Tyler Lawrence
76,Enderson Franco,26.263,Sep 18,"Sep 29, 2019",/1,SFG,0.1,6-1,241,R,R,"Dec 29, 1992","Anaco, Anzoategui, VE",Signed by the Houston Astros as an amateur free agent in 2009.,,,Enderson Daniel
77,Joshua Fuentes,26.046,Apr 6,"Sep 7, 2021",H3/5,COL,1.1,6-2,209,R,R,"Feb 19, 1993","Rancho Santa Margarita, CA, US",Signed by the Colorado Rockies as an amateur free agent in 2014.,"Missouri Baptist University (St. Louis, MO), Saddleback College (Mission Viejo, CA)",,Joshua
78,Zac Gallen,23.321,Jun 20,,/1,MIA,12.6,6-2,189,R,R,"Aug 3, 1995","Somerdale, NJ, US","Drafted by the St. Louis Cardinals in the 3rd round of the 2016 amateur draft. Player signed June 21, 2016.","University of North Carolina at Chapel Hill (Chapel Hill, NC)",,Zachary Peter
79,Bryan Garcia,24.136,Sep 2,,/1,DET,-0.4,6-1,205,R,R,"Apr 19, 1995","Miami, FL, US","Drafted by the Detroit Tigers in the 6th round of the 2016 amateur draft. Player signed June 30, 2016.","University of Miami (Coral Gables, FL)","Christopher Columbus HS (Miami, FL)",Bryan
80,Edgar Garcia,22.214,May 6,"Aug 26, 2021",1,PHI,-1.5,6-1,205,R,R,"Oct 4, 1996","Sabana Grande de Palenque, San Cristobal, DO",Signed by the Philadelphia Phillies as an amateur free agent in 2014.,,,Edgar Ernesto
81,Rico Garcia,25.229,Aug 27,,/1,COL,-0.2,5-9,201,R,R,"Jan 10, 1994","Honolulu, HI, US","Drafted by the Colorado Rockies in the 30th round of the 2016 amateur draft. Player signed June 14, 2016.","Hawaii Pacific University (Honolulu, HI)",,Joshua Rico
82,Robel Garcia,26.097,Jul 3,"Sep 1, 2021",4H/7D9,CHC,-0.9,6-0,195,B,R,"Mar 28, 1993","Las Matas de Farfan, San Juan, DO",Signed by the Cleveland Indians as an amateur free agent in 2010.,,,Robel Estiwal
83,Kyle Garlick,27.113,May 19,,H7/9,LAD,0.1,6-1,210,R,R,"Jan 26, 1992","La Habra, CA, US","Drafted by the Los Angeles Dodgers in the 28th round of the 2015 amateur draft. Player signed June 15, 2015.","California State Polytechnic University, Pomona (Pomona, CA), University of Oregon (Eugene, OR)","Chino Hills HS (Chino Hills, CA)",Kyle Bruce
84,Reed Garrett,26.086,Mar 29,,1,DET,-0.4,6-2,196,R,R,"Jan 2, 1993","Henrico, VA, US","Drafted by the Texas Rangers in the 16th round of the 2014 amateur draft. Player signed June 13, 2014.","Virginia Military Institute (Lexington, VA)",,Reed
85,Ian Gibaut,25.235,Jul 12,,/1,TBR,0.3,6-3,250,R,R,"Nov 19, 1993","Houston, TX, US","Drafted by the Tampa Bay Rays in the 11th round of the 2015 amateur draft. Player signed June 12, 2015.","Tulane University (New Orleans, LA)",,Ian Philip
86,Kevin Ginkel,25.134,Aug 5,,1,ARI,-0.2,6-4,235,L,R,"Mar 24, 1994","San Diego, CA, US","Drafted by the Arizona Diamondbacks in the 22nd round of the 2016 amateur draft. Player signed July 7, 2016.","Southwestern College (Chula Vista, CA), University of Arizona (Tucson, AZ)",,Kevin Andrew
87,Tony Gonsolin,25.043,Jun 26,,1,LAD,8.2,6-3,205,R,R,"May 14, 1994","Vacaville, CA, US","Drafted by the Los Angeles Dodgers in the 9th round of the 2016 amateur draft. Player signed June 15, 2016.","Saint Mary's College of California (Moraga, CA)","Vacaville HS (Vacaville, CA)",Anthony D.
88,Brusdar Graterol,21.006,Sep 1,,1,MIN,0.9,6-1,265,R,R,"Aug 26, 1998","Calabozo, Guarico, VE",Signed by the Minnesota Twins as an amateur free agent in 2014.,,,Brusdar Javier
89,Zach Green,25.136,Jul 21,"Aug 3, 2019",/5H,SFG,-0.1,6-2,224,R,R,"Mar 7, 1994","Carmichael, CA, US","Drafted by the Philadelphia Phillies in the 3rd round of the 2012 amateur draft. Player signed June 21, 2012.",,"Jesuit HS (Carmichael, CA)",Zachary C.
90,Trent Grisham,22.273,Aug 1,,879H,MIL,9.0,5-11,224,L,L,"Nov 1, 1996","Burleson, TX, US","Drafted by the Milwaukee Brewers in the 1st round (15th pick) of the 2015 amateur draft. Player signed June 15, 2015.",,"Richland HS (North Richland Hills, TX)",Trenton Marcus
91,Zac Grotz,26.166,Aug 2,"Aug 29, 2020",1,SEA,-0.5,6-2,195,R,R,"Feb 17, 1993","San Mateo, CA, US","Drafted by the Houston Astros in the 28th round of the 2015 amateur draft. Player signed June 12, 2015.","Embry-Riddle Aeronautical University (Daytona Beach, FL), University of Tennessee (Knoxville, TN)","Burlingame HS (Burlingame, CA)",Zac
92,Deivy Grullon,23.217,Sep 22,"Sep 8, 2020",/2HD,PHI,-0.2,5-11,240,R,R,"Feb 17, 1996","Bonao, Monsenor Nouel, DO",Signed by the Philadelphia Phillies as an amateur free agent in 2012.,,,Deivy Wilfin
93,Vladimir Guerrero Jr.,20.041,Apr 26,,5D/H,TOR,13.4,6-2,250,R,R,"Mar 16, 1999","Montreal, QC, CA",Signed by the Toronto Blue Jays as an amateur free agent in 2015.,,,Vladimir
94,Taylor Guilbeau,26.097,Aug 17,"Aug 20, 2020",1,SEA,0.4,6-4,187,L,L,"May 12, 1993","Baton Rouge, LA, US","Drafted by the Washington Nationals in the 10th round of the 2015 amateur draft. Player signed June 10, 2015.","University of Alabama (Tuscaloosa, AL)","Zachary HS (Zachary, LA)",Taylor Michael
95,Kelvin Gutierrez,24.242,Apr 27,,5/D,KCR,-0.2,6-2,215,R,R,"Aug 28, 1994","San Francisco de Macoris, Duarte, DO",Signed by the Washington Nationals as an amateur free agent in 2013.,,,Kelvin Manuel
96,Sam Haggerty,25.101,Sep 4,,H/49,NYM,2.1,5-11,175,B,R,"May 26, 1994","Phoenix, AZ, US","Drafted by the Cleveland Indians in the 24th round of the 2015 amateur draft. Player signed June 16, 2015.","University of New Mexico (Albuquerque, NM)",,Samuel Onofrio
97,J.D. Hammer,24.318,May 26,"Sep 16, 2021",1,PHI,0.3,6-3,202,R,R,"Jul 12, 1994","Fort Collins, CO, US","Drafted by the Colorado Rockies in the 24th round of the 2016 amateur draft. Player signed June 14, 2014.","Marshall University (Huntington, WV)",,John Dale
98,Ryne Harper,30.004,Mar 31,"Oct 2, 2021",1,MIN,0.7,6-3,217,R,R,"Mar 27, 1989","Nashville, TN, US","Drafted by the Atlanta Braves in the 37th round of the 2011 amateur draft. Player signed June 9, 2011.","Austin Peay State University (Clarksville, TN)","Clarksville HS (Clarksville, TN)",Ryne Richard
99,Geoff Hartlieb,25.160,May 18,"Aug 15, 2021",1,PIT,-1.2,6-5,240,R,R,"Dec 9, 1993","Highland, IL, US","Drafted by the Pittsburgh Pirates in the 29th round of the 2016 amateur draft. Player signed June 17, 2016.","Lindenwood University (St. Charles, MO)",,Geoffery Thomas
100,Hunter Harvey,24.251,Aug 17,,/1,BAL,1.5,6-2,225,R,R,"Dec 9, 1994","Catawba, NC, US","Drafted by the Baltimore Orioles in the 1st round (22nd pick) of the 2013 amateur draft. Player signed June 25, 2013.",,"Bandys HS (Catawba, NC)",Hunter Luke
101,Joe Harvey,27.091,Apr 10,"Aug 20, 2020",/1,NYY,0.2,6-2,236,R,R,"Jan 9, 1992","Audobon, PA, US","Drafted by the New York Yankees in the 19th round of the 2014 amateur draft. Player signed June 11, 2014.","University of Pittsburgh (Pittsburgh, PA)","Kennedy-Kenrick Catholic HS (Norristown, PA)",Joseph Robert
102,Adam Haseley,23.053,Jun 4,,879/H,PHI,1.6,6-1,190,L,L,"Apr 12, 1996","Orlando, FL, US","Drafted by the Philadelphia Phillies in the 1st round (8th pick) of the 2017 amateur draft. Player signed June 23, 2017.","University of Virginia (Charlottesville, VA)","The First Academy (Orlando, FL)",Adam Donald
103,Taylor Hearn,24.238,Apr 25,,/1,TEX,-0.7,6-6,230,L,L,"Aug 30, 1994","Royse City, TX, US","Drafted by the Washington Nationals in the 5th round of the 2015 amateur draft. Player signed June 16, 2015.","Oklahoma Baptist University (Shawnee, OK), San Jacinto College, North Campus (Houston, TX)","Royse City HS (Royse City, TX)",Taylor Lynn
104,Scott Heineman,26.241,Aug 2,"Jun 27, 2021",/8973,TEX,-0.4,6-1,220,R,R,"Dec 4, 1992","Pacific Palisades, CA, US","Drafted by the Texas Rangers in the 11th round of the 2015 amateur draft. Player signed June 24, 2015.","University of Oregon (Eugene, OR)","Crespi Carmelite HS (Encino, CA)",Scott Matthew
105,Tyler Heineman,28.077,Sep 4,,/H2,MIA,0.4,5-10,190,B,R,"Jun 19, 1991","Pacific Palisades, CA, US","Drafted by the Houston Astros in the 8th round of the 2012 amateur draft. Player signed June 22, 2012.","University of California, Los Angeles (Los Angeles, CA)","Windward School (Los Angeles, CA)",Tyler Andrew
106,Ryan Helsley,24.272,Apr 16,,1,STL,2.7,6-2,230,R,R,"Jul 18, 1994","Tahlequah, OK, US","Drafted by the St. Louis Cardinals in the 5th round of the 2015 amateur draft. Player signed June 15, 2015.","Northeastern State University (Tahlequah, OK)",,Ryan Dalton
107,Jimmy Herget,25.301,Jul 7,,/1,CIN,2.6,6-3,170,R,R,"Sep 9, 1993","Tampa, FL, US","Drafted by the Cincinnati Reds in the 6th round of the 2015 amateur draft. Player signed June 12, 2015.","University of South Florida (Tampa, FL)","Jefferson HS (Tampa, FL)",Jimmy Matthew
108,Darwinzon Hernandez,22.127,Apr 23,,1,BOS,0.5,6-2,255,L,L,"Dec 17, 1996","Ciudad Bolivar, Bolivar, VE",Signed by the Boston Red Sox as an amateur free agent in 2013.,,,Darwinzon David
109,Jonathan Hernandez,23.046,Aug 21,,/1,TEX,1.4,6-3,190,R,R,"Jul 6, 1996","Memphis, TN, US",Signed by the Texas Rangers as an amateur free agent in 2013.,,,Jonathan
110,Sam Hilliard,25.187,Aug 27,,8/H97,COL,1.8,6-5,236,L,L,"Feb 21, 1994","Mansfield, TX, US","Drafted by the Colorado Rockies in the 15th round of the 2015 amateur draft. Player signed June 13, 2015.","Crowder College (Neosho, MO), Wichita State University (Wichita, KS)","Mansfield HS (Mansfield, TX)",Samuel Beauman
111,Keston Hiura,22.285,May 14,,4/H,MIL,1.3,6-0,202,R,R,"Aug 2, 1996","Valencia, CA, US","Drafted by the Milwaukee Brewers in the 1st round (9th pick) of the 2017 amateur draft. Player signed June 21, 2017.","University of California, Irvine (Irvine, CA)","Valencia HS (Santa Clarita, CA)",Keston Wee Hing Natsuo
112,Nico Hoerner,22.119,Sep 9,,6/48H,CHC,6.6,6-1,200,R,R,"May 13, 1997","Oakland, CA, US","Drafted by the Chicago Cubs in the 1st round (24th pick) of the 2018 amateur draft. Player signed June 19, 2018.","Stanford University (Palo Alto, CA)","Head-Royce School (Oakland, CA)",Nicholas Mackie
113,Wei-Chieh Huang,25.209,Apr 23,"May 14, 2019",/1,TEX,-0.1,6-2,175,R,R,"Sep 26, 1993","Taitung, TW",Signed by the Arizona Diamondbacks as an amateur free agent in 2014.,,,Wei-Chieh
114,Danny Hultzen,29.284,Sep 8,"Sep 24, 2019",/1,CHC,0.2,6-3,210,L,L,"Nov 28, 1989","Bethesda, MD, US","Drafted by the Seattle Mariners in the 1st round (2nd pick) of the 2011 amateur draft. Player signed August 15, 2011.","University of Virginia (Charlottesville, VA)","St. Albans School (Washington, DC)",Daniel Alexander
115,Cole Irvin,25.101,May 12,,1,PHI,3.0,6-4,217,L,L,"Jan 31, 1994","Anaheim, CA, US","Drafted by the Philadelphia Phillies in the 5th round of the 2016 amateur draft. Player signed June 23, 2016.","University of Oregon (Eugene, OR)","Servite HS (Anaheim, CA)",Cole R.
116,Alex Jackson,23.103,Apr 7,,/2,ATL,-0.9,6-2,215,R,R,"Dec 25, 1995","San Diego, CA, US","Drafted by the Seattle Mariners in the 1st round (6th pick) of the 2014 amateur draft. Player signed June 23, 2014.",,"Rancho Bernardo HS (San Diego, CA)",Alex J.
117,Drew Jackson,25.243,Mar 28,,/8H7,BAL,-0.1,6-2,200,R,R,"Jul 28, 1993","Berkeley, CA, US","Drafted by the Seattle Mariners in the 5th round of the 2015 amateur draft. Player signed June 16, 2015.","Stanford University (Palo Alto, CA)","Miramonte HS (Orinda, CA)",Drew Hamilton
118,Eduardo Jimenez,24.033,May 7,"Aug 7, 2019",/1,DET,0.1,6-2,215,R,R,"Apr 4, 1995","Araya, Sucre, VE",Signed by the Detroit Tigers as an amateur free agent in 2011.,,,Eduardo Rafael
119,Eloy Jiménez,22.121,Mar 28,,*7/D,CHW,5.3,6-4,240,R,R,"Nov 27, 1996","Santo Domingo, Distrito Nacional, DO",Signed by the Chicago Cubs as an amateur free agent in 2013.,,,Eloy Arturo
120,Connor Joe,26.224,Mar 28,,/7H,SFG,2.4,6-0,205,R,R,"Aug 16, 1992","San Diego, CA, US","Drafted by the Pittsburgh Pirates in the 1st round (39th pick) of the 2014 amateur draft. Player signed June 16, 2014.","University of San Diego (San Diego, CA)","Poway HS (Poway, CA)",Connor Kok-Wy
121,James Karinchak,23.357,Sep 14,,/1,CLE,2.9,6-3,215,R,R,"Sep 22, 1995","Newburgh, NY, US","Drafted by the Cleveland Indians in the 9th round of the 2017 amateur draft. Player signed June 22, 2017.","Bryant University (Smithfield, RI)","Valley Central HS (Montgomery, NY)",James Stephen
122,Anthony Kay,24.170,Sep 7,,/1,TOR,0.0,6-0,225,L,L,"Mar 21, 1995","Stony Brook, NY, US","Drafted by the New York Mets in the 1st round (31st pick) of the 2016 amateur draft. Player signed July 13, 2016.","University of Connecticut (Storrs, CT)","Ward Melville HS (East Setauket, NY)",Anthony Benjamin
123,Kyle Keller,26.098,Aug 4,"Oct 3, 2021",1,MIA,-0.4,6-4,205,R,R,"Apr 28, 1993","Metairie, LA, US","Drafted by the Miami Marlins in the 18th round of the 2015 amateur draft. Player signed June 14, 2015.","Southeastern Louisiana University (Hammond, LA)","Jesuit HS (New Orleans, LA)",Kyle Robert
124,Mitch Keller,23.053,May 27,,1,PIT,1.1,6-2,220,R,R,"Apr 4, 1996","Cedar Rapids, IA, US","Drafted by the Pittsburgh Pirates in the 2nd round of the 2014 amateur draft. Player signed June 13, 2014.",,"Xavier HS (Cedar Rapids, IA)",Mitch Thomas
125,Trevor Kelley,26.255,Jul 2,,1,BOS,-0.8,6-2,210,R,R,"Oct 20, 1992","Providence, RI, US","Drafted by the Boston Red Sox in the 36th round of the 2015 amateur draft. Player signed June 19, 2015.","University of North Carolina at Chapel Hill (Chapel Hill, NC)",,Trevor Michael
126,Merrill Kelly,30.169,Apr 1,,1,ARI,7.8,6-2,202,R,R,"Oct 14, 1988","Houston, TX, US","Drafted by the Tampa Bay Rays in the 8th round of the 2010 amateur draft. Player signed June 26, 2010.","Arizona State University (Tempe, AZ), Yavapai College (Prescott, AZ)","Desert Mountain HS (Scottsdale, AZ)",Kenneth Merrill
127,Carter Kieboom,21.235,Apr 26,"Oct 3, 2021",6/H,WSN,-1.7,6-2,220,R,R,"Sep 3, 1997","Marietta, GA, US","Drafted by the Washington Nationals in the 1st round (28th pick) of the 2016 amateur draft. Player signed June 16, 2016.",,"Walton HS (Marietta, GA)",Carter Alswinn
128,Yusei Kikuchi,27.277,Mar 21,,1,SEA,1.0,6-0,200,L,L,"Jun 17, 1991","Morioka, Iwate, JP",Signed as a Free Agent with the Seattle Mariners in 2019.,,"Hanamaki Higashi (Iwate, Japan)",Yusei
129,Michael King,24.125,Sep 27,,/1,NYY,2.3,6-3,210,R,R,"May 25, 1995","Rochester, NY, US","Drafted by the Miami Marlins in the 12th round of the 2016 amateur draft. Player signed June 20, 2016.","Boston College (Chestnut Hill, MA)","Bishop Hendricken HS (Warwick, RI)",Michael McRae
130,Branden Kline,27.203,Apr 20,"Sep 25, 2020",1,BAL,0.1,6-3,210,R,R,"Sep 29, 1991","Frederick, MD, US","Drafted by the Baltimore Orioles in the 2nd round of the 2012 amateur draft. Player signed July 9, 2012.","University of Virginia (Charlottesville, VA)","Governor Thomas Johnson HS (Frederick, MD)",Branden Alexander
131,Andrew Knizner,24.119,Jun 2,,2/H3,STL,0.6,6-1,225,R,R,"Feb 3, 1995","Glen Allen, VA, US","Drafted by the St. Louis Cardinals in the 7th round of the 2016 amateur draft. Player signed June 18, 2016.","North Carolina State University (Raleigh, NC)",,Andrew Robert
132,Joel Kuhnel,24.178,Aug 16,,1,CIN,-0.3,6-4,280,R,R,"Feb 19, 1995","Goldsboro, NC, US","Drafted by the Cincinnati Reds in the 11th round of the 2016 amateur draft. Player signed June 20, 2016.","University of Texas at Arlington (Arlington, TX)","Sunrise Mountain HS (Peoria, AZ)",Joel Kenneth
133,Brady Lail,26.003,Aug 12,"May 18, 2021",/1,NYY,-0.2,6-2,200,R,R,"Aug 9, 1993","South Jordan, UT, US","Drafted by the New York Yankees in the 18th round of the 2012 amateur draft. Player signed July 6, 2012.",,"Bingham HS (South Jordan, UT)",Brady Joe
134,Travis Lakins Sr.,24.298,Apr 23,,1,BOS,0.6,6-1,220,R,R,"Jun 29, 1994","Middletown, OH, US","Drafted by the Boston Red Sox in the 6th round of the 2015 amateur draft. Player signed July 14, 2015.","The Ohio State University (Columbus, OH)",,Travis Clay
135,Peter Lambert,22.049,Jun 6,"Sep 29, 2021",1/H,COL,-0.7,6-2,208,R,R,"Apr 18, 1997","San Dimas, CA, US","Drafted by the Colorado Rockies in the 2nd round of the 2015 amateur draft. Player signed June 25, 2015.",,"San Dimas HS (San Dimas, CA)",Peter Joseph
136,Kyle Lewis,24.059,Sep 10,,9/8H,SEA,2.4,6-4,222,R,R,"Jul 13, 1995","Snellville, GA, US","Drafted by the Seattle Mariners in the 1st round (11th pick) of the 2016 amateur draft. Player signed June 11, 2016.","Mercer University (Macon, GA)","Shiloh HS (Snellville, GA)",Kyle Alexander
137,Domingo Leyba,23.284,Jun 22,"Aug 1, 2021",H/465,ARI,-1.0,5-11,205,B,R,"Sep 11, 1995","Santo Domingo, Distrito Nacional, DO",Signed by the Detroit Tigers as an amateur free agent in 2012.,,,Domingo Junior
138,Shed Long Jr.,23.262,May 11,"Jul 28, 2021",47/H5D,SEA,-0.4,5-8,184,L,R,"Aug 22, 1995","Birmingham, AL, US","Drafted by the Cincinnati Reds in the 12th round of the 2013 amateur draft. Player signed June 12, 2013.",,"Jacksonville HS (Jacksonville, AL)",Shedric Bernard
139,Tim Lopes,25.030,Jul 24,"Sep 19, 2021",7/H4D9,SEA,0.4,5-11,180,R,R,"Jun 24, 1994","Los Angeles, CA, US","Drafted by the Seattle Mariners in the 6th round of the 2012 amateur draft. Player signed June 12, 2012.",,"Edison HS (Huntington Beach, CA)",Timothy Aaron
140,Nicky Lopez,24.062,May 14,,46/HD,KCR,4.1,5-11,180,L,R,"Mar 13, 1995","Naperville, IL, US","Drafted by the Kansas City Royals in the 5th round of the 2016 amateur draft. Player signed June 15, 2016.","Creighton University (Omaha, NE)","Central HS (Naperville, IL)",Nicholas
141,Richard Lovelady,23.276,Apr 9,"Aug 27, 2021",1,KCR,0.1,6-0,185,L,L,"Jul 7, 1995","Hinesville, GA, US","Drafted by the Kansas City Royals in the 10th round of the 2016 amateur draft. Player signed June 15, 2016.","Kennesaw State University (Kennesaw, GA)",,Richard Tyler
142,Nathaniel Lowe,23.296,Apr 29,,3DH/5,TBR,6.5,6-4,220,L,R,"Jul 7, 1995","Norfolk, VA, US","Drafted by the Tampa Bay Rays in the 13th round of the 2016 amateur draft. Player signed June 15, 2016.","Mercer University (Macon, GA), Mississippi State University (Mississippi State, MS), St. Johns River State College (Palatka, FL)","Pope HS (Marietta, GA)",David Nathaniel
143,Elvis Luciano,19.044,Mar 31,"Sep 27, 2019",1,TOR,0.1,6-3,210,R,R,"Feb 15, 2000","Boca Chica, Santo Domingo, DO",Signed by the Arizona Diamondbacks as an amateur free agent in 2016.,,,Elvis Enmanuel
144,Gavin Lux,21.283,Sep 2,,4/HD,LAD,5.3,6-2,190,L,R,"Nov 23, 1997","Kenosha, WI, US","Drafted by the Los Angeles Dodgers in the 1st round (20th pick) of the 2016 amateur draft. Player signed June 15, 2016.",,"Indian Trail HS (Kenosha, WI)",Gavin Thomas
145,Jesus Luzardo,21.346,Sep 11,,/1,OAK,2.0,6-0,218,L,L,"Sep 30, 1997","Lima, Lima, PE","Drafted by the Washington Nationals in the 3rd round of the 2016 amateur draft. Player signed June 20, 2016.",,"Stoneman-Douglas HS (Parkland, FL)",Jesus Guillermo
146,Nick Margevicius,22.285,Mar 30,"Apr 25, 2021",1,SDP,-1.1,6-5,225,L,L,"Jun 18, 1996","Cleveland, OH, US","Drafted by the San Diego Padres in the 7th round of the 2017 amateur draft. Player signed June 19, 2017.","Rider University (Lawrenceville, NJ)",,Nicholas Phillip
147,Parker Markel,28.239,May 12,,/1,SEA,-0.3,6-5,240,R,R,"Sep 15, 1990","Newport Beach, CA, US","Drafted by the Tampa Bay Rays in the 39th round of the 2010 amateur draft. Player signed July 24, 2010.","Yavapai College (Prescott, AZ)","Mountain Ridge HS (Glendale, AZ)",Parker Michael
148,Brett Martin,23.356,Apr 19,,1,TEX,1.3,6-4,200,L,L,"Apr 28, 1995","Morristown, TN, US","Drafted by the Texas Rangers in the 4th round of the 2014 amateur draft. Player signed June 10, 2014.","Walters State Community College (Morristown, TN)","Morristown East HS (Morristown, TN)",Brett Ryan
149,Corbin Martin,23.135,May 12,,/1,HOU,-0.9,6-2,225,R,R,"Dec 28, 1995","Hempstead, TX, US","Drafted by the Houston Astros in the 2nd round of the 2017 amateur draft. Player signed June 28, 2017.","Texas A&M University (College Station, TX)","Cypress Ranch HS (Cypress, TX)",Corbin Montgomery
150,Jason Martin,23.213,Apr 6,"Sep 13, 2021",7/H8,PIT,-0.8,5-9,185,L,R,"Sep 5, 1995","Corona, CA, US","Drafted by the Houston Astros in the 8th round of the 2013 amateur draft. Player signed June 12, 2013.",,"Orange Lutheran HS (Orange, CA)",Jason
151,Richie Martin,24.096,Mar 28,,*6/HD,BAL,-2.0,6-0,190,R,R,"Dec 22, 1994","Detroit, MI, US","Drafted by the Oakland Athletics in the 1st round (20th pick) of the 2015 amateur draft. Player signed June 30, 2015.","University of Florida (Gainesville, FL)","Bloomingdale HS (Valrico, FL)",Richard Allen
152,James Marvel,25.356,Sep 8,"Sep 28, 2019",/1,PIT,-0.4,6-4,215,R,R,"Sep 17, 1993","San Francisco, CA, US","Drafted by the Pittsburgh Pirates in the 36th round of the 2015 amateur draft. Player signed July 13, 2015.","Duke University (Durham, NC)","Campolindo HS (Moraga, CA)",James Michael
153,Dustin May,21.330,Aug 2,,1,LAD,1.8,6-6,180,R,R,"Sep 6, 1997","Justin, TX, US","Drafted by the Los Angeles Dodgers in the 3rd round of the 2016 amateur draft. Player signed June 20, 2016.",,"Northwest HS (Justin, TX)",Dustin Jake
154,Jack Mayfield,28.239,May 27,,6/4H5,HOU,-0.1,5-11,190,R,R,"Sep 30, 1990","Del Rio, TX, US",Signed by the Houston Astros as an amateur free agent in 2013.,"University of Oklahoma (Norman, OK)",,David Jack
155,Chris Mazza,29.255,Jun 29,,/1,NYM,-0.2,6-4,190,R,R,"Oct 17, 1989","Walnut Creek, CA, US","Drafted by the Minnesota Twins in the 27th round of the 2011 amateur draft. Player signed August 14, 2011.","Menlo College (Atherton, CA)","Clayton Valley Charter HS (Concord, CA)",Christopher James
156,Ryan McBroom,27.147,Sep 3,"Jul 21, 2021",9/3H7,KCR,-0.1,6-3,220,R,L,"Apr 9, 1992","Fredericksburg, VA, US","Drafted by the Toronto Blue Jays in the 15th round of the 2014 amateur draft. Player signed June 11, 2014.","West Virginia University (Morgantown, WV)",,Ryan P.
157,Reggie McClain,26.259,Aug 2,"Aug 30, 2020",1,SEA,-0.2,6-2,180,R,R,"Nov 16, 1992","Duluth, GA, US","Drafted by the Seattle Mariners in the 13th round of the 2016 amateur draft. Player signed June 17, 2016.","University of Missouri (Columbia, MO)","Northview HS (Duluth, GA)",Reginald Kristen
158,Brendan McKay,23.193,Jun 29,"Sep 29, 2019",1/HD,TBR,-0.1,6-2,220,L,L,"Dec 18, 1995","Beaver Falls, PA, US","Drafted by the Tampa Bay Rays in the 1st round (4th pick) of the 2017 amateur draft. Player signed June 27, 2017.","University of Louisville (Louisville, KY)","Blackhawk HS (Beaver Falls, PA)",Brendan Joel
159,David McKay,24.049,May 19,,/1,SEA,0.0,6-3,205,R,R,"Mar 31, 1995","Melbourne, FL, US","Drafted by the Kansas City Royals in the 14th round of the 2016 amateur draft. Player signed June 17, 2016.","Florida Atlantic University (Boca Raton, FL)","Viera HS (Melbourne, FL)",David
160,Erick Mejia,24.300,Sep 5,"Sep 20, 2020",/8H46,KCR,-0.5,5-11,195,B,R,"Nov 9, 1994","Villa Mella, Santo Domingo, DO",Signed by the Seattle Mariners as an amateur free agent in 2012.,,,Erick Augusto
161,Seth Mejias-Brean,28.152,Sep 4,"Sep 28, 2019",/H365,SDP,0.4,6-2,205,R,R,"Apr 5, 1991","Tucson, AZ, US","Drafted by the Cincinnati Reds in the 8th round of the 2012 amateur draft. Player signed July 2, 2012.","University of Arizona (Tucson, AZ)","Cienega HS (Vail, AZ)",Seth Wayne
162,Danny Mendick,25.340,Sep 3,,/HD645,CHW,1.3,5-10,195,R,R,"Sep 28, 1993","Rochester, NY, US","Drafted by the Chicago White Sox in the 22nd round of the 2015 amateur draft. Player signed June 11, 2015.","Monroe Community College (Rochester, NY), University of Massachusetts Lowell (Lowell, MA)","Mendon HS (Pittsford, NY)",Daniel
163,Conner Menez,24.053,Jul 21,,/1H,SFG,0.0,6-2,206,L,L,"May 29, 1995","Hollister, CA, US","Drafted by the San Francisco Giants in the 14th round of the 2016 amateur draft. Player signed June 14, 2016.","The Master's University (Santa Clarita, CA)","San Benito HS (Hollister, CA)",Conner Scott
164,Oscar Mercado,24.149,May 14,,*87/H9D,CLE,2.7,6-2,197,R,R,"Dec 16, 1994","Cartagena, Bolivar, CO","Drafted by the St. Louis Cardinals in the 2nd round of the 2013 amateur draft. Player signed June 17, 2013.",,"Gaither HS (Tampa, FL)",Oscar Mauricio
165,Ian Miller,27.195,Sep 4,"Aug 23, 2020",/879H,MIN,0.1,6-0,170,L,R,"Feb 21, 1992","Philadelphia, PA, US","Drafted by the Seattle Mariners in the 14th round of the 2013 amateur draft. Player signed June 11, 2013.","Wagner College (Staten Island, NY)","Bishop Shanahan HS (Downingtown, PA)",Ian Andrew
166,Dylan Moore,26.230,Mar 20,,764H59/3D81,SEA,4.2,6-0,205,R,R,"Aug 2, 1992","Yorba Linda, CA, US","Drafted by the Texas Rangers in the 7th round of the 2015 amateur draft. Player signed June 10, 2015.","Cypress College (Cypress, CA), University of Central Florida (Orlando, FL)","El Dorado HS (Placentia, CA)",Dylan
167,Brian Moran,30.340,Sep 5,,1,MIA,-0.1,6-4,225,L,L,"Sep 30, 1988","Port Chester, NY, US","Drafted by the Seattle Mariners in the 7th round of the 2009 amateur draft. Player signed July 1, 2009.","University of North Carolina at Chapel Hill (Chapel Hill, NC)","Iona Prep HS (New Rochelle, NY)",Brian William
168,Adrián Morejón,20.144,Jul 21,,/1,SDP,-0.3,5-11,224,L,L,"Feb 27, 1999","La Habana, La Habana, CU",Signed by the San Diego Padres as an amateur free agent in 2016.,,,Adrián
169,Andres Munoz,20.177,Jul 12,,1,SDP,1.7,6-2,222,R,R,"Jan 16, 1999","Los Mochis, Sinaloa, MX",Signed by the San Diego Padres as an amateur free agent in 2015.,,,Andres Clemente
170,Sean Murphy,24.227,May 19,,2/HD,OAK,7.9,6-3,228,R,R,"Oct 4, 1994","Peekskill, NY, US","Drafted by the Oakland Athletics in the 3rd round of the 2016 amateur draft. Player signed June 16, 2016.","Wright State University (Dayton, OH)","Centerville HS (Centerville, OH)",Sean Michael
171,Josh Naylor,21.336,May 24,,79H/D,SDP,2.0,5-11,250,L,L,"Jun 22, 1997","Mississauga, ON, CA","Drafted by the Miami Marlins in the 1st round (12th pick) of the 2015 amateur draft. Player signed June 26, 2015.",,"St. Joan of Arc Catholic SS (Mississauga, ON)",Joshua-Douglas James
172,Sheldon Neuse,24.263,Aug 30,,4/5D,OAK,-0.8,6-0,232,R,R,"Dec 10, 1994","Fort Worth, TX, US","Drafted by the Washington Nationals in the 2nd round of the 2016 amateur draft. Player signed June 18, 2016.","University of Oklahoma (Norman, OK)","Fossil Ridge HS (Keller, TX)",Sheldon Lynn
173,Stephen Nogosek,24.159,Jun 19,,/1,NYM,-0.1,6-2,205,R,R,"Jan 11, 1995","Roseville, CA, US","Drafted by the Boston Red Sox in the 6th round of the 2016 amateur draft. Player signed June 18, 2016.","University of Oregon (Eugene, OR)","Woodcreek HS (Roseville, CA)",Stephen James
174,Austin Nola,29.170,Jun 16,,34/25H79,SEA,5.6,6-0,197,R,R,"Dec 28, 1989","Baton Rouge, LA, US","Drafted by the Miami Marlins in the 5th round of the 2012 amateur draft. Player signed June 12, 2012.","Louisiana State University (Baton Rouge, LA)","Catholic HS (Baton Rouge, LA)",Austin Kyle
175,Jake Noll,25.022,Mar 30,"Sep 27, 2020",/H35,WSN,-0.2,6-2,213,R,R,"Mar 8, 1994","Punta Gorda, FL, US","Drafted by the Washington Nationals in the 7th round of the 2016 amateur draft. Player signed June 16, 2016.","Florida Gulf Coast University (Fort Myers, FL)","Charlotte HS (Punta Gorda, FL)",Jacob
176,Dom Nunez,24.208,Aug 13,,2/H,COL,-1.0,6-1,212,L,R,"Jan 17, 1995","Elk Grove, CA, US","Drafted by the Colorado Rockies in the 6th round of the 2013 amateur draft. Player signed June 18, 2013.",,"Elk Grove HS (Elk Grove, CA)",Dominic Manuel
177,Brian O'Grady,27.083,Aug 8,"Aug 13, 2021",H8/73D,CIN,0.3,6-2,215,L,R,"May 17, 1992","Philadelphia, PA, US","Drafted by the Cincinnati Reds in the 8th round of the 2014 amateur draft. Player signed June 8, 2014.","Rutgers, the State University of New Jersey (New Brunswick, NJ)",,Brian Patrick
178,Chris Paddack,23.082,Mar 31,,1,SDP,2.3,6-5,217,R,R,"Jan 8, 1996","Austin, TX, US","Drafted by the Miami Marlins in the 8th round of the 2015 amateur draft. Player signed June 10, 2015.",,"Cedar Park HS (Cedar Park, TX)",Christopher Joseph
179,Joe Palumbo,24.225,Jun 8,"Aug 1, 2020",/1,TEX,-0.4,6-0,195,L,L,"Oct 26, 1994","Stony Brook, NY, US","Drafted by the Texas Rangers in the 30th round of the 2013 amateur draft. Player signed June 13, 2013.",,"St. John the Baptist HS (West Islip, NY)",Joseph Anthony
180,Joel Payamps,25.136,Aug 21,,/1,ARI,2.0,6-2,225,R,R,"Apr 7, 1994","Santiago, Santiago, DO",Signed by the Colorado Rockies as an amateur free agent in 2010.,,,Joel Elias
181,Pedro Payano,24.282,Jul 6,"Aug 15, 2019",/1,TEX,-0.1,6-2,170,R,R,"Sep 27, 1994","New York, NY, US",Signed by the Texas Rangers as an amateur free agent in 2011.,,,Pedro Julio
182,Zach Plesac,24.127,May 28,,1,CLE,4.4,6-3,220,R,R,"Jan 21, 1995","Crown Point, IN, US","Drafted by the Cleveland Indians in the 12th round of the 2016 amateur draft. Player signed June 22, 2016.","Ball State University (Muncie, IN)",,Zach Robert
183,Colin Poche,25.142,Jun 8,,1,TBR,-0.2,6-3,225,L,L,"Jan 17, 1994","Columbus, OH, US","Drafted by the Arizona Diamondbacks in the 14th round of the 2016 amateur draft. Player signed June 13, 2016.","Dallas Baptist University (Dallas, TX), University of Arkansas (Fayetteville, AR)","Marcus HS (Flower Mound, TX)",Colin Michael
184,Sean Poppen,25.096,Jun 19,,/1,MIN,-0.5,6-3,210,R,R,"Mar 15, 1994","Virginia Beach, VA, US","Drafted by the Minnesota Twins in the 19th round of the 2016 amateur draft. Player signed June 18, 2016.","Harvard University (Cambridge, MA)",,Sean Russell
185,A.J. Puk,24.118,Aug 21,,1,OAK,1.3,6-7,248,L,L,"Apr 25, 1995","Minneapolis, MN, US","Drafted by the Oakland Athletics in the 1st round (6th pick) of the 2016 amateur draft. Player signed June 30, 2016.","University of Florida (Gainesville, FL)","Washington HS (Cedar Rapids, IA)",Andrew Jacob
186,Cal Quantrill,24.080,May 1,,1,SDP,6.9,6-3,195,L,R,"Feb 10, 1995","Port Hope, ON, CA","Drafted by the San Diego Padres in the 1st round (8th pick) of the 2016 amateur draft. Player signed June 13, 2016.","Stanford University (Palo Alto, CA)","Trinity College School (Port Hope, ON)",Cal Paul
187,Jose Quijada,23.166,Apr 24,,1,MIA,0.3,5-11,215,L,L,"Nov 9, 1995","Caripito, Monagas, VE",Signed by the Miami Marlins as an amateur free agent in 2013.,,,Jose Gregorio
188,Harold Ramirez,24.247,May 11,,*798H,MIA,1.3,5-10,232,R,R,"Sep 6, 1994","Cartagena, Bolivar, CO",Signed by the Pittsburgh Pirates as an amateur free agent in 2011.,,,Harold Andres
189,Nick Ramirez,29.283,May 11,"Jul 7, 2021",1,DET,0.6,6-4,232,L,L,"Aug 1, 1989","Anaheim Hills, CA, US","Drafted by the Milwaukee Brewers in the 4th round of the 2011 amateur draft. Player signed June 24, 2011.","California State University, Fullerton (Fullerton, CA)","Katella HS (Anaheim, CA)",Nicholas Randolph
190,Matt Ramsey,29.213,Apr 25,"Apr 25, 2019",/1,LAA,0.0,5-11,210,R,R,"Sep 24, 1989","Oak Ridge, TN, US","Drafted by the Tampa Bay Rays in the 19th round of the 2011 amateur draft. Player signed August 13, 2011.","University of Tennessee (Knoxville, TN)","Farragut HS (Knoxville, TN)",Matthew Garrett
191,Rangel Ravelo,27.054,Jun 17,"Sep 25, 2020",H/3,STL,-0.4,6-1,235,R,R,"Apr 24, 1992","La Habana, La Habana, CU","Drafted by the Chicago White Sox in the 6th round of the 2010 amateur draft. Player signed June 10, 2010.",,"Hialeah HS (Hialeah, FL)",Rangel
192,Luis Rengifo,22.058,Apr 25,,46/H,LAA,2.8,5-10,195,B,R,"Feb 26, 1997","Naguanagua, Carabobo, VE",Signed by the Seattle Mariners as an amateur free agent in 2013.,,,Luis Jose
193,Gerardo Reyes,25.334,Apr 12,,1,SDP,-0.5,5-11,195,R,R,"May 13, 1993","Ciudad Victoria, Tamaulipas, MX",Signed by the Tampa Bay Rays as an amateur free agent in 2013.,"Galveston College (Galveston, TX)","Hidalgo HS (Hidalgo, TX)",Gerardo
194,Bryan Reynolds,24.083,Apr 20,,*798/H,PIT,13.6,6-3,205,B,R,"Jan 27, 1995","Baltimore, MD, US","Drafted by the San Francisco Giants in the 2nd round of the 2016 amateur draft. Player signed June 22, 2016.","Vanderbilt University (Nashville, TN)",,Bryan Patrick
195,Austin Riley,22.043,May 15,,7H/359D,ATL,12.0,6-3,240,R,R,"Apr 2, 1997","Memphis, TN, US","Drafted by the Atlanta Braves in the 1st round (41st pick) of the 2015 amateur draft. Player signed June 16, 2015.",,"DeSoto Central HS (Southaven, MS)",Michael Austin
196,Edwin Rios,25.067,Jun 27,,H3/5D7,LAD,0.4,6-3,220,L,R,"Apr 21, 1994","Caguas, PR","Drafted by the Los Angeles Dodgers in the 6th round of the 2015 amateur draft. Player signed July 17, 2015.","Florida International University (Miami, FL)","Osceola HS (Kissimmee, FL)",Edwin Gabriel
197,Brendan Rodgers,22.281,May 17,,4/6H,COL,4.7,6-0,204,R,R,"Aug 9, 1996","Winter Park, FL, US","Drafted by the Colorado Rockies in the 1st round (3rd pick) of the 2015 amateur draft. Player signed June 17, 2015.",,"Lake Mary HS (Lake Mary, FL)",Brendan Austin
198,José Rodríguez,23.332,Jul 27,"Aug 2, 2020",/1,LAA,0.7,6-2,210,R,R,"Aug 29, 1995","Ciudad Bolivar, Bolivar, VE",Signed by the Los Angeles Angels of Anaheim as an amateur free agent in 2012.,,,José Daniel
199,Jake Rogers,24.103,Jul 30,"Jul 18, 2021",2/D,DET,0.5,6-1,201,R,R,"Apr 18, 1995","Canyon, TX, US","Drafted by the Houston Astros in the 3rd round of the 2016 amateur draft. Player signed June 15, 2016.","Tulane University (New Orleans, LA)","Canyon HS (Canyon, TX)",Jacob Ray
200,Tyler Rogers,28.253,Aug 27,,1,SFG,4.3,6-3,181,R,R,"Dec 17, 1990","Littleton, CO, US","Drafted by the San Francisco Giants in the 10th round of the 2013 amateur draft. Player signed June 17, 2013.","Austin Peay State University (Clarksville, TN)",,Tyler Scott
201,Josh Rojas,25.043,Aug 12,,7/9H4,ARI,3.5,6-1,207,L,R,"Jun 30, 1994","Litchfield Park, AZ, US","Drafted by the Houston Astros in the 26th round of the 2017 amateur draft. Player signed June 22, 2017.","University of Hawaii at Manoa (Honolulu, HI)","Millennium HS (Goodyear, AZ)",Joshua Luke
202,Jordan Romano,26.052,Jun 12,,1,TOR,5.7,6-5,225,R,R,"Apr 21, 1993","Markham, ON, CA","Drafted by the Toronto Blue Jays in the 10th round of the 2014 amateur draft. Player signed June 11, 2014.","Oral Roberts University (Tulsa, OK)","Father Michael McGivney Catholic Academy (Markham, ON)",Jordan Robert
203,Adonis Rosa,24.269,Aug 13,"Aug 13, 2019",/1,NYY,0.0,6-1,170,R,R,"Nov 17, 1994","Santiago, Santiago, DO",Signed by the New York Yankees as an amateur free agent in 2013.,,,Adonis Enmanuel
204,Patrick Sandoval,22.291,Aug 5,,1,LAA,6.0,6-3,190,L,L,"Oct 18, 1996","Mission Viejo, CA, US","Drafted by the Houston Astros in the 11th round of the 2015 amateur draft. Player signed July 7, 2015.",,"Mission Viejo HS (Mission Viejo, CA)",Patrick Jordan
205,Josh Sborz,25.185,Jun 20,,/1,LAD,-0.2,6-3,215,R,R,"Dec 17, 1993","Washington, DC, US","Drafted by the Los Angeles Dodgers in the 2nd round of the 2015 amateur draft. Player signed July 7, 2015.","University of Virginia (Charlottesville, VA)","McLean HS (McLean, VA)",Joshua Alan
206,John Schreiber,25.157,Aug 9,,1,DET,2.6,6-2,210,R,R,"Mar 5, 1994","Wyandotte, MI, US","Drafted by the Detroit Tigers in the 15th round of the 2016 amateur draft. Player signed June 20, 2016.","University of Northwestern Ohio (Lima, OH)","Oscar A. Carlson HS (Gibraltar, MI)",John Robert
207,Frank Schwindel,26.272,Mar 28,,/3H,KCR,0.3,6-1,220,R,R,"Jun 29, 1992","Livingston, NJ, US","Drafted by the Kansas City Royals in the 18th round of the 2013 amateur draft. Player signed June 13, 2013.","St. John's University (Queens, NY)",,Frank J.
208,Tayler Scott,27.007,Jun 8,,/1,SEA,-1.2,6-3,185,R,R,"Jun 1, 1992","Johannesburg, ZA","Drafted by the Chicago Cubs in the 5th round of the 2011 amateur draft. Player signed August 9, 2011.",,"Notre Dame Prep (Scottsdale, AZ)",Tayler James
209,Sam Selman,28.260,Aug 1,,1,SFG,0.2,6-2,198,R,L,"Nov 14, 1990","Austin, TX, US","Drafted by the Kansas City Royals in the 2nd round of the 2012 amateur draft. Player signed June 14, 2012.","Vanderbilt University (Nashville, TN)","St. Andrews Episcopal School (Austin, TX)",Samuel Ayres
210,Nick Senzel,23.308,May 3,,8H/4,CIN,-1.8,6-1,205,R,R,"Jun 29, 1995","Atlanta, GA, US","Drafted by the Cincinnati Reds in the 1st round (2nd pick) of the 2016 amateur draft. Player signed June 13, 2016.","University of Tennessee (Knoxville, TN)","Farragut HS (Knoxville, TN)",Nicholas Peter
211,Mike Shawaryn,24.263,Jun 7,"Sep 26, 2019",1,BOS,-0.6,6-2,240,R,R,"Sep 17, 1994","Carneys Point, NJ, US","Drafted by the Boston Red Sox in the 5th round of the 2016 amateur draft. Player signed July 15, 2016.","University of Maryland (College Park, MD)","Gloucester Catholic HS (Gloucester City, NJ)",Michael Thomas
212,Chandler Shepherd,26.353,Aug 13,"Sep 29, 2019",/1,BAL,-0.1,6-1,215,R,R,"Aug 25, 1992","Ashland, KY, US","Drafted by the Boston Red Sox in the 13th round of the 2014 amateur draft. Player signed June 11, 2014.","University of Kentucky (Lexington, KY)","Lawrence County HS (Louisa, KY)",James Chandler
213,Devin Smeltzer,23.263,May 28,,1,MIN,1.5,6-3,195,R,L,"Sep 7, 1995","Voorhees, NJ, US","Drafted by the Los Angeles Dodgers in the 5th round of the 2016 amateur draft. Player signed June 22, 2016.","Florida Gulf Coast University (Fort Myers, FL), San Jacinto College, North Campus (Houston, TX)","Bishop Eustace Preparatory School (Pennsauken, NJ)",Devin Paul
214,Josh D. Smith,29.226,May 25,"Aug 19, 2020",/1,CLE,-0.2,6-3,200,L,L,"Oct 11, 1989","Kansas City, MO, US","Drafted by the Pittsburgh Pirates in the 25th round of the 2012 amateur draft. Player signed June 13, 2012.","Wichita State University (Wichita, KS)","Pleasant Hill HS (Pleasant Hill, MO)",Joshua Dwayne
215,Will Smith,24.061,May 28,,2/HD,LAD,10.8,5-10,195,R,R,"Mar 28, 1995","Louisville, KY, US","Drafted by the Los Angeles Dodgers in the 1st round (32nd pick) of the 2016 amateur draft. Player signed June 21, 2016.","University of Louisville (Louisville, KY)",,William Dills
216,Cy Sneed,26.269,Jun 27,"Sep 26, 2020",/1,HOU,-0.4,6-4,213,R,R,"Oct 1, 1992","Elko, NV, US","Drafted by the Milwaukee Brewers in the 3rd round of the 2014 amateur draft. Player signed June 7, 2014.","Dallas Baptist University (Dallas, TX)","Twin Falls HS (Twin Falls, ID)",Cy Robert
217,Nick Solak,24.221,Aug 20,,D5/4H,TEX,0.6,5-11,185,R,R,"Jan 11, 1995","Woodridge, IL, US","Drafted by the New York Yankees in the 2nd round of the 2016 amateur draft. Player signed June 21, 2016.","University of Louisville (Louisville, KY)","Naperville North HS (Naperville, IL)",Nicholas Blake
218,Gregory Soto,24.089,May 11,,1,DET,1.9,6-1,234,L,L,"Feb 11, 1995","Bajos de Haina, San Cristobal, DO",Signed by the Detroit Tigers as an amateur free agent in 2012.,,,Gregory
219,Gabe Speier,24.146,Sep 5,,/1,KCR,0.5,5-11,200,L,L,"Apr 12, 1995","Santa Barbara, CA, US","Drafted by the Boston Red Sox in the 19th round of the 2013 amateur draft. Player signed June 19, 2013.",,"Dos Pueblos HS (Goleta, CA)",Gabriel James
220,Locke St. John,26.145,Jun 25,,/1,TEX,0.0,6-3,205,L,L,"Jan 31, 1993","Birmingham, AL, US","Drafted by the Detroit Tigers in the 32nd round of the 2014 amateur draft. Player signed June 14, 2014.","Southern Union State Community College (Wadley, AL), University of South Alabama (Mobile, AL)","Pell City HS (Pell City, AL)",Kenton Locke
221,Eric Stamets,27.184,Mar 28,"Apr 15, 2019",6,CLE,-0.7,6-0,183,R,R,"Sep 25, 1991","Dublin, OH, US","Drafted by the Los Angeles Angels of Anaheim in the 6th round of the 2012 amateur draft. Player signed June 8, 2012.","University of Evansville (Evansville, IN)","Dublin Scioto HS (Dublin, OH)",Eric James
222,Bubba Starling,26.343,Jul 12,"Sep 22, 2020",89/7H,KCR,-1.8,6-4,220,R,R,"Aug 3, 1992","Gardner, KS, US","Drafted by the Kansas City Royals in the 1st round (5th pick) of the 2011 amateur draft. Player signed August 15, 2011.",,"Gardner-Edgerton HS (Gardner, KS)",Derek
223,Cody Stashak,25.049,Jul 23,,1,MIN,0.4,6-2,180,R,R,"Jun 4, 1994","Somers Point, NJ, US","Drafted by the Minnesota Twins in the 13th round of the 2015 amateur draft. Player signed June 18, 2015.","St. John's University (Queens, NY)","Oakcrest HS (Mays Landing, NJ)",Cody William
224,Josh Staumont,25.216,Jul 25,,1,KCR,1.5,6-3,200,R,R,"Dec 21, 1993","La Habra, CA, US","Drafted by the Kansas City Royals in the 2nd round of the 2015 amateur draft. Player signed June 16, 2015.","Azusa Pacific University (Azusa, CA)","La Habra HS (La Habra, CA)",Joshua Tyler
225,Garrett Stubbs,26.002,May 28,,2/7H9,HOU,0.5,5-10,170,L,R,"May 26, 1993","San Diego, CA, US","Drafted by the Houston Astros in the 8th round of the 2015 amateur draft. Player signed June 18, 2015.","University of Southern California (Los Angeles, CA)","Torrey Pines HS (San Diego, CA)",Garrett Patrick
226,Jose Suarez,21.150,Jun 2,,1,LAA,1.8,5-10,225,L,L,"Jan 3, 1998","Naguanagua, Carabobo, VE",Signed by the Los Angeles Angels of Anaheim as an amateur free agent in 2014.,,,Jose Rances
227,Cole Sulser,29.178,Sep 6,,/1,TBR,2.0,6-1,190,R,R,"Mar 12, 1990","Santa Ysabel, CA, US","Drafted by the Cleveland Indians in the 25th round of the 2013 amateur draft. Player signed June 15, 2013.","Dartmouth College (Hanover, NH)","Ramona HS (Ramona, CA)",Cole Young
228,Erik Swanson,25.219,Apr 11,,1,SEA,1.0,6-3,222,R,R,"Sep 4, 1993","Fargo, ND, US","Drafted by the Texas Rangers in the 8th round of the 2014 amateur draft. Player signed June 13, 2014.","Iowa Western Community College (Council Bluffs, IA)","Mariemont HS (Cincinnati, OH)",Erik Donald
229,Dillon Tate,25.089,Jul 29,,1,BAL,2.5,6-2,195,R,R,"May 1, 1994","Harbor City, CA, US","Drafted by the Texas Rangers in the 1st round (4th pick) of the 2015 amateur draft. Player signed June 12, 2015.","University of California, Santa Barbara (Santa Barbara, CA)","Claremont HS (Claremont, CA)",Dillon Michael
230,Fernando Tatis Jr.,20.085,Mar 28,"Oct 3, 2021",6/H,SDP,13.6,6-3,217,R,R,"Jan 2, 1999","San Pedro de Macoris, San Pedro de Macoris, DO",Signed by the Chicago White Sox as an amateur free agent in 2015.,,,Fernando Gabriel
231,Josh Taylor,26.088,May 29,"Sep 22, 2021",1,BOS,2.3,6-5,245,L,L,"Mar 2, 1993","Phoenix, AZ, US",Signed by the Philadelphia Phillies as an amateur free agent in 2014.,"Georgia College & State University (Milledgeville, GA), Scottsdale Community College (Scottsdale, AZ)","Centennial HS (Peoria, AZ)",Josh Earl
232,Tyrone Taylor,25.228,Sep 7,,/9H8,MIL,4.0,6-0,194,R,R,"Jan 22, 1994","Torrance, CA, US","Drafted by the Milwaukee Brewers in the 2nd round of the 2012 amateur draft. Player signed June 15, 2012.",,"Torrance HS (Torrance, CA)",Tyrone Anthony
233,Matt Thaiss,24.058,Jul 3,,53/H,LAA,-0.2,6-0,215,L,R,"May 6, 1995","Jackson, NJ, US","Drafted by the Los Angeles Angels in the 1st round (16th pick) of the 2016 amateur draft. Player signed June 14, 2016.","University of Virginia (Charlottesville, VA)","Memorial HS (Jackson, NJ)",Matthew Kevin
234,Lane Thomas,23.237,Apr 17,,8H/97,STL,2.9,6-0,191,R,R,"Aug 23, 1995","Knoxville, TN, US","Drafted by the Toronto Blue Jays in the 5th round of the 2014 amateur draft. Player signed June 9, 2014.",,"Bearden HS (Knoxville, TN)",Lane Michael
235,Trent Thornton,25.182,Mar 31,,1,TOR,0.9,6-0,195,R,R,"Sep 30, 1993","Charlotte, NC, US","Drafted by the Houston Astros in the 5th round of the 2015 amateur draft. Player signed June 15, 2015.","University of North Carolina at Chapel Hill (Chapel Hill, NC)","Ardrey Kell HS (Charlotte, NC)",Trent Edward
236,Lewis Thorpe,23.219,Jun 30,"Aug 18, 2021",1,MIN,-0.7,6-1,218,R,L,"Nov 23, 1995","Melbourne, Victoria, AU",Signed by the Minnesota Twins as an amateur free agent in 2012.,,,Lewis James
237,Jesus Tinoco,24.031,May 31,,1,COL,0.7,6-4,258,R,R,"Apr 30, 1995","San Antonio de Maturin, VE",Signed by the Toronto Blue Jays as an amateur free agent in 2011.,,,Jesus Rafael
238,Abraham Toro,22.245,Aug 22,,5/H3,HOU,0.6,6-0,225,B,R,"Dec 20, 1996","Longueuil, QC, CA","Drafted by the Houston Astros in the 5th round of the 2016 amateur draft. Player signed June 14, 2016.","Seminole State College (Seminole, OK)","Vanier SS (St. Laurent, QC)",Abraham Josue
239,Cole Tucker,22.291,Apr 20,,6H,PIT,-2.1,6-3,200,B,R,"Jul 3, 1996","Phoenix, AZ, US","Drafted by the Pittsburgh Pirates in the 1st round (24th pick) of the 2014 amateur draft. Player signed June 12, 2014.",,"Mountain Pointe HS (Phoenix, AZ)",Cole Bryson
240,Jose Urquidy,24.062,Jul 2,,/1,HOU,4.6,6-0,217,R,R,"May 1, 1995","Mazatlan, Sinaloa, MX",Signed by the Houston Astros as an amateur free agent in 2015.,,,Jose Luis
241,Phillips Valdez,27.204,Jun 8,,1,TEX,0.6,6-2,160,R,R,"Nov 16, 1991","San Pedro de Macoris, San Pedro de Macoris, DO",Signed by the Cleveland Indians as an amateur free agent in 2008.,,,Phillips Chalier
242,Josh VanMeter,24.056,May 5,,7H43/5D9,CIN,-1.2,5-11,194,L,R,"Mar 10, 1995","Ossian, IN, US","Drafted by the San Diego Padres in the 5th round of the 2013 amateur draft. Player signed June 18, 2013.",,"Norwell HS (Ossian, IN)",Josh Michael
243,LaMonte Wade Jr.,25.178,Jun 28,,8/7H93D,MIN,1.1,6-1,205,L,L,"Jan 1, 1994","Baltimore, MD, US","Drafted by the Minnesota Twins in the 9th round of the 2015 amateur draft. Player signed June 18, 2015.","University of Maryland (College Park, MD)","St. Paul's School (Brooklandville, MD)",LaMonte Aaron
244,Jacob Waguespack,25.203,May 27,"Sep 16, 2020",1,TOR,0.0,6-6,235,R,R,"Nov 5, 1993","Prairieville, LA, US",Signed by the Philadelphia Phillies as an amateur free agent in 2015.,"University of Mississippi (Oxford, MS)","Dutchtown HS (Geismar, LA)",Jacob Daniel
245,Jeremy Walker,24.044,Jul 26,"Sep 15, 2019",/1,ATL,0.2,6-5,235,R,R,"Jun 12, 1995","Advance, NC, US","Drafted by the Atlanta Braves in the 5th round of the 2016 amateur draft. Player signed June 13, 2016.","Gardner-Webb University (Boiling Springs, NC)",,Jeremy Price
246,Jared Walsh,25.289,May 15,,3/H1,LAA,2.7,6-0,210,L,L,"Jul 30, 1993","Brookfield, WI, US","Drafted by the Los Angeles Angels of Anaheim in the 39th round of the 2015 amateur draft. Player signed June 12, 2015.","University of Georgia (Athens, GA)","Peachtree Ridge HS (Suwanee, GA)",Jared James
247,Donovan Walton,25.108,Sep 10,,/64,SEA,-0.2,5-10,190,L,R,"May 25, 1994","Dallas, TX, US","Drafted by the Seattle Mariners in the 5th round of the 2016 amateur draft. Player signed July 6, 2016.","Oklahoma State University (Stillwater, OK)","Bishop Kelley HS (Tulsa, OK)",Donovan Robert
248,Art Warren,26.173,Sep 12,,/1,SEA,0.5,6-3,230,R,R,"Mar 23, 1993","Defiance, OH, US","Drafted by the Seattle Mariners in the 23rd round of the 2015 amateur draft. Player signed June 14, 2015.","Ashland University (Ashland, OH), University of Cincinnati (Cincinnati, OH)","Napoleon HS (Napoleon, OH)",Arthur Frank
249,Jacob Webb,25.244,Apr 16,"Oct 2, 2021",1,ATL,1.1,6-2,210,R,R,"Aug 15, 1993","Riverside, CA, US","Drafted by the Atlanta Braves in the 18th round of the 2014 amateur draft. Player signed June 11, 2014.","Tabor College (Hillsboro, KS)","Riverside Polytechnic HS (Riverside, CA)",Jacob Lawrence
250,Logan Webb,22.272,Aug 17,,/1H,SFG,8.4,6-1,220,R,R,"Nov 18, 1996","Rocklin, CA, US","Drafted by the San Francisco Giants in the 4th round of the 2014 amateur draft. Player signed July 17, 2014.",,"Rocklin HS (Rocklin, CA)",Logan T.
251,Devin Williams,24.320,Aug 7,,1,MIL,4.9,6-2,200,R,R,"Sep 21, 1994","St. Louis, MO, US","Drafted by the Milwaukee Brewers in the 2nd round of the 2013 amateur draft. Player signed June 16, 2013.",,"Hazelwood West HS (Hazelwood, MO)",Devin Terran
252,Kean Wong,24.141,Sep 5,"Sep 25, 2021",/H49,TBR,-0.6,5-9,189,L,R,"Apr 17, 1995","Hilo, HI, US","Drafted by the Tampa Bay Rays in the 4th round of the 2013 amateur draft. Player signed June 20, 2013.",,"Waiakea HS (Waiakea, HI)",Kean Keanu
253,Matt Wotherspoon,27.179,Apr 3,"Jun 23, 2019",/1,BAL,-0.4,6-2,215,R,R,"Oct 6, 1991","Mountain Top, PA, US","Drafted by the New York Yankees in the 34th round of the 2014 amateur draft. Player signed June 12, 2014.","University of Pittsburgh (Pittsburgh, PA)",,Matt Mark
254,Jordan Yamamoto,23.032,Jun 12,"May 23, 2021",1/H,MIA,-0.4,5-11,201,R,R,"May 11, 1996","Pearl City, HI, US","Drafted by the Milwaukee Brewers in the 12th round of the 2014 amateur draft. Player signed June 18, 2014.",,"St. Louis School (Honolulu, HI)",Jordan Michael Michiru
255,Eric Yardley,29.003,Aug 21,"Jun 17, 2021",1,SDP,0.3,6-0,170,R,R,"Aug 18, 1990","Richland, WA, US",Signed by the San Diego Padres as an amateur free agent in 2013.,"Seattle University (Seattle, WA)","Richland HS (Richland, WA)",Eric Christian
256,Mike Yastrzemski,28.275,May 25,,79H/8,SFG,9.5,5-10,178,L,L,"Aug 23, 1990","Andover, MA, US","Drafted by the Baltimore Orioles in the 14th round of the 2013 amateur draft. Player signed June 26, 2013.","Vanderbilt University (Nashville, TN)","St. John's Preparatory School (Danvers, MA)",Michael Andrew
257,Huascar Ynoa,21.019,Jun 16,,/1,ATL,1.2,6-2,220,R,R,"May 28, 1998","Puerto Plata, Puerto Plata, DO",Signed by the Minnesota Twins as an amateur free agent in 2014.,,,Huascar Jose
258,Alex Young,25.291,Jun 27,,1,ARI,-0.2,6-3,220,L,L,"Sep 9, 1993","Westlake, OH, US","Drafted by the Arizona Diamondbacks in the 2nd round of the 2015 amateur draft. Player signed July 7, 2015.","Texas Christian University (Fort Worth, TX)","Carmel HS (Mundelein, IL)",Alexander Edward
259,Seby Zavala,25.270,May 25,,/2H,CHW,0.5,5-11,205,R,R,"Aug 28, 1993","Fort Hood, TX, US","Drafted by the Chicago White Sox in the 12th round of the 2015 amateur draft. Player signed June 11, 2015.","San Diego State University (San Diego, CA)",,Bernardo Sebastian
260,T.J. Zeuch,24.033,Sep 3,,/1,TOR,-0.6,6-7,245,R,R,"Aug 1, 1995","Mason, OH, US","Drafted by the Toronto Blue Jays in the 1st round (21st pick) of the 2016 amateur draft. Player signed June 17, 2016.","University of Pittsburgh (Pittsburgh, PA)","William Mason HS (Mason, OH)",Timothy James
261,Kyle Zimmer,27.199,Mar 31,"Oct 2, 2021",1,KCR,0.0,6-3,225,R,R,"Sep 13, 1991","San Francisco, CA, US","Drafted by the Kansas City Royals in the 1st round (5th pick) of the 2012 amateur draft. Player signed June 7, 2012.","University of San Francisco (San Francisco, CA)","La Jolla HS (La Jolla, CA)",Kyle Joseph
